CustomerID,Age,Gender,City
CUST_00001,56,M,Mumbai
CUST_00002,69,M,Hyderabad
CUST_00003,46,M,Bangalore
CUST_00004,32,F,Bangalore
CUST_00005,60,M,Delhi
CUST_00006,25,F,Mumbai
CUST_00007,38,M,Delhi
CUST_00008,56,M,Delhi
CUST_00009,36,F,Chennai
CUST_00010,40,F,Hyderabad
CUST_00011,28,M,Bangalore
CUST_00012,28,M,Chennai
CUST_00013,41,M,Pune
CUST_00014,70,M,Bangalore
CUST_00015,53,F,Bangalore
CUST_00016,57,M,Hyderabad
CUST_00017,41,M,Pune
CUST_00018,20,M,Mumbai
CUST_00019,39,F,Pune
CUST_00020,70,Other,Mumbai
CUST_00021,19,M,Pune
CUST_00022,41,F,Delhi
CUST_00023,61,M,Pune
CUST_00024,47,M,Chennai
CUST_00025,55,F,Chennai
CUST_00026,19,F,Hyderabad
CUST_00027,38,F,Mumbai
CUST_00028,50,F,Bangalore
CUST_00029,29,M,Hyderabad
CUST_00030,39,F,Chennai
CUST_00031,61,M,Chennai
CUST_00032,42,F,Mumbai
CUST_00033,66,M,Chennai
CUST_00034,44,F,Chennai
CUST_00035,59,M,Mumbai
CUST_00036,45,M,Chennai
CUST_00037,33,F,Bangalore
CUST_00038,32,M,Delhi
CUST_00039,64,M,Hyderabad
CUST_00040,68,M,Bangalore
CUST_00041,61,M,Bangalore
CUST_00042,72,M,Delhi
CUST_00043,69,M,Hyderabad
CUST_00044,74,F,Bangalore
CUST_00045,20,M,Chennai
CUST_00046,54,F,Delhi
CUST_00047,68,F,Hyderabad
CUST_00048,24,M,Pune
CUST_00049,38,F,Mumbai
CUST_00050,26,M,Chennai
CUST_00051,56,F,Delhi
CUST_00052,35,M,Mumbai
CUST_00053,21,M,Pune
CUST_00054,42,F,Bangalore
CUST_00055,31,F,Bangalore
CUST_00056,67,F,Hyderabad
CUST_00057,26,M,Delhi
CUST_00058,43,F,Delhi
CUST_00059,70,M,Hyderabad
CUST_00060,19,M,Mumbai
CUST_00061,37,M,Bangalore
CUST_00062,45,F,Bangalore
CUST_00063,64,M,Delhi
CUST_00064,24,M,Delhi
CUST_00065,61,F,Hyderabad
CUST_00066,25,M,Pune
CUST_00067,64,M,Mumbai
CUST_00068,52,M,Chennai
CUST_00069,31,F,Pune
CUST_00070,34,M,Pune
CUST_00071,53,M,Delhi
CUST_00072,67,F,Delhi
CUST_00073,57,F,Delhi
CUST_00074,21,M,Pune
CUST_00075,19,F,Mumbai
CUST_00076,23,F,Delhi
CUST_00077,71,F,Bangalore
CUST_00078,59,M,Mumbai
CUST_00079,21,F,Bangalore
CUST_00080,71,M,Mumbai
CUST_00081,46,M,Delhi
CUST_00082,35,M,Chennai
CUST_00083,43,M,Hyderabad
CUST_00084,61,M,Delhi
CUST_00085,51,F,Pune
CUST_00086,27,M,Chennai
CUST_00087,53,M,Pune
CUST_00088,31,M,Mumbai
CUST_00089,48,M,Pune
CUST_00090,65,F,Chennai
CUST_00091,32,M,Chennai
CUST_00092,25,M,Delhi
CUST_00093,31,M,Bangalore
CUST_00094,40,M,Delhi
CUST_00095,74,M,Mumbai
CUST_00096,57,F,Pune
CUST_00097,38,F,Bangalore
CUST_00098,33,M,Hyderabad
CUST_00099,62,F,Chennai
CUST_00100,35,F,Bangalore
CUST_00101,64,F,Bangalore
CUST_00102,70,M,Delhi
CUST_00103,41,M,Hyderabad
CUST_00104,43,M,Chennai
CUST_00105,42,F,Mumbai
CUST_00106,62,F,Mumbai
CUST_00107,58,M,Bangalore
CUST_00108,46,M,Bangalore
CUST_00109,32,F,Pune
CUST_00110,62,F,Hyderabad
CUST_00111,18,Other,Chennai
CUST_00112,42,F,Bangalore
CUST_00113,24,M,Pune
CUST_00114,26,F,Hyderabad
CUST_00115,41,F,Chennai
CUST_00116,18,M,Mumbai
CUST_00117,61,M,Pune
CUST_00118,25,F,Hyderabad
CUST_00119,41,M,Pune
CUST_00120,28,F,Bangalore
CUST_00121,68,F,Delhi
CUST_00122,34,F,Mumbai
CUST_00123,25,M,Bangalore
CUST_00124,52,M,Bangalore
CUST_00125,52,F,Hyderabad
CUST_00126,50,M,Pune
CUST_00127,22,F,Mumbai
CUST_00128,59,F,Bangalore
CUST_00129,56,M,Hyderabad
CUST_00130,58,M,Mumbai
CUST_00131,45,M,Pune
CUST_00132,24,M,Bangalore
CUST_00133,26,F,Chennai
CUST_00134,25,F,Bangalore
CUST_00135,29,F,Bangalore
CUST_00136,51,F,Mumbai
CUST_00137,50,M,Mumbai
CUST_00138,65,F,Mumbai
CUST_00139,72,F,Mumbai
CUST_00140,40,F,Hyderabad
CUST_00141,41,F,Delhi
CUST_00142,54,M,Hyderabad
CUST_00143,52,F,Bangalore
CUST_00144,61,M,Hyderabad
CUST_00145,57,M,Pune
CUST_00146,39,M,Chennai
CUST_00147,44,F,Mumbai
CUST_00148,52,F,Pune
CUST_00149,18,F,Chennai
CUST_00150,52,F,Pune
CUST_00151,54,F,Bangalore
CUST_00152,64,F,Mumbai
CUST_00153,31,M,Pune
CUST_00154,20,M,Bangalore
CUST_00155,18,M,Mumbai
CUST_00156,22,F,Delhi
CUST_00157,43,F,Bangalore
CUST_00158,72,M,Hyderabad
CUST_00159,31,M,Mumbai
CUST_00160,56,F,Pune
CUST_00161,44,M,Chennai
CUST_00162,26,F,Pune
CUST_00163,32,F,Hyderabad
CUST_00164,32,M,Hyderabad
CUST_00165,43,M,Pune
CUST_00166,59,F,Chennai
CUST_00167,30,F,Mumbai
CUST_00168,68,M,Bangalore
CUST_00169,49,F,Hyderabad
CUST_00170,56,M,Hyderabad
CUST_00171,66,M,Hyderabad
CUST_00172,69,F,Chennai
CUST_00173,49,F,Delhi
CUST_00174,21,M,Chennai
CUST_00175,47,F,Mumbai
CUST_00176,54,F,Mumbai
CUST_00177,40,M,Mumbai
CUST_00178,56,M,Mumbai
CUST_00179,62,F,Mumbai
CUST_00180,32,M,Pune
CUST_00181,60,M,Hyderabad
CUST_00182,46,M,Chennai
CUST_00183,53,F,Pune
CUST_00184,30,F,Chennai
CUST_00185,49,F,Delhi
CUST_00186,24,M,Bangalore
CUST_00187,68,F,Hyderabad
CUST_00188,39,F,Delhi
CUST_00189,45,F,Pune
CUST_00190,19,F,Bangalore
CUST_00191,59,M,Delhi
CUST_00192,62,F,Chennai
CUST_00193,74,M,Bangalore
CUST_00194,70,M,Chennai
CUST_00195,23,M,Delhi
CUST_00196,45,M,Pune
CUST_00197,45,M,Chennai
CUST_00198,61,F,Bangalore
CUST_00199,61,M,Delhi
CUST_00200,37,F,Chennai
CUST_00201,47,M,Pune
CUST_00202,28,M,Hyderabad
CUST_00203,72,F,Pune
CUST_00204,45,M,Pune
CUST_00205,42,M,Hyderabad
CUST_00206,56,F,Pune
CUST_00207,50,M,Hyderabad
CUST_00208,18,M,Hyderabad
CUST_00209,74,M,Chennai
CUST_00210,44,F,Chennai
CUST_00211,74,F,Hyderabad
CUST_00212,69,F,Delhi
CUST_00213,30,F,Bangalore
CUST_00214,58,M,Delhi
CUST_00215,20,M,Hyderabad
CUST_00216,56,F,Bangalore
CUST_00217,23,M,Chennai
CUST_00218,25,M,Bangalore
CUST_00219,44,M,Hyderabad
CUST_00220,26,M,Chennai
CUST_00221,54,Other,Bangalore
CUST_00222,50,M,Bangalore
CUST_00223,68,M,Delhi
CUST_00224,59,M,Bangalore
CUST_00225,61,F,Hyderabad
CUST_00226,41,M,Mumbai
CUST_00227,32,M,Mumbai
CUST_00228,71,F,Mumbai
CUST_00229,49,F,Hyderabad
CUST_00230,49,M,Mumbai
CUST_00231,41,M,Delhi
CUST_00232,58,M,Hyderabad
CUST_00233,69,M,Chennai
CUST_00234,66,M,Hyderabad
CUST_00235,66,M,Hyderabad
CUST_00236,69,M,Bangalore
CUST_00237,29,M,Bangalore
CUST_00238,56,F,Bangalore
CUST_00239,19,F,Pune
CUST_00240,20,F,Delhi
CUST_00241,66,M,Hyderabad
CUST_00242,54,M,Hyderabad
CUST_00243,66,F,Bangalore
CUST_00244,73,M,Hyderabad
CUST_00245,34,M,Chennai
CUST_00246,66,F,Hyderabad
CUST_00247,19,F,Mumbai
CUST_00248,19,F,Chennai
CUST_00249,45,M,Chennai
CUST_00250,71,M,Hyderabad
CUST_00251,40,F,Pune
CUST_00252,54,M,Bangalore
CUST_00253,49,F,Delhi
CUST_00254,50,F,Delhi
CUST_00255,18,F,Mumbai
CUST_00256,36,M,Delhi
CUST_00257,19,M,Delhi
CUST_00258,70,F,Bangalore
CUST_00259,61,F,Bangalore
CUST_00260,43,F,Pune
CUST_00261,49,M,Mumbai
CUST_00262,23,M,Delhi
CUST_00263,49,F,Pune
CUST_00264,72,F,Mumbai
CUST_00265,21,F,Chennai
CUST_00266,72,M,Delhi
CUST_00267,28,F,Delhi
CUST_00268,73,F,Bangalore
CUST_00269,34,F,Hyderabad
CUST_00270,55,M,Mumbai
CUST_00271,41,M,Delhi
CUST_00272,22,F,Mumbai
CUST_00273,69,M,Pune
CUST_00274,51,M,Pune
CUST_00275,23,F,Hyderabad
CUST_00276,39,M,Delhi
CUST_00277,28,F,Bangalore
CUST_00278,65,M,Delhi
CUST_00279,33,F,Mumbai
CUST_00280,50,F,Chennai
CUST_00281,26,M,Pune
CUST_00282,23,M,Mumbai
CUST_00283,33,M,Hyderabad
CUST_00284,46,M,Pune
CUST_00285,20,F,Bangalore
CUST_00286,37,F,Pune
CUST_00287,53,M,Chennai
CUST_00288,36,M,Delhi
CUST_00289,43,M,Chennai
CUST_00290,20,F,Chennai
CUST_00291,36,M,Delhi
CUST_00292,37,F,Pune
CUST_00293,49,F,Hyderabad
CUST_00294,24,F,Delhi
CUST_00295,69,M,Delhi
CUST_00296,58,F,Bangalore
CUST_00297,50,M,Pune
CUST_00298,57,M,Delhi
CUST_00299,56,F,Hyderabad
CUST_00300,35,F,Mumbai
CUST_00301,57,M,Pune
CUST_00302,18,M,Bangalore
CUST_00303,28,M,Chennai
CUST_00304,45,M,Delhi
CUST_00305,74,M,Hyderabad
CUST_00306,42,M,Pune
CUST_00307,67,M,Hyderabad
CUST_00308,40,F,Hyderabad
CUST_00309,48,F,Chennai
CUST_00310,47,F,Bangalore
CUST_00311,59,M,Pune
CUST_00312,52,F,Delhi
CUST_00313,24,F,Bangalore
CUST_00314,33,F,Delhi
CUST_00315,43,F,Mumbai
CUST_00316,65,F,Hyderabad
CUST_00317,74,M,Mumbai
CUST_00318,69,M,Hyderabad
CUST_00319,66,F,Chennai
CUST_00320,19,F,Bangalore
CUST_00321,18,F,Delhi
CUST_00322,65,M,Chennai
CUST_00323,29,M,Delhi
CUST_00324,22,M,Bangalore
CUST_00325,54,F,Pune
CUST_00326,49,F,Mumbai
CUST_00327,72,M,Mumbai
CUST_00328,26,M,Delhi
CUST_00329,58,M,Delhi
CUST_00330,52,F,Delhi
CUST_00331,36,F,Bangalore
CUST_00332,65,F,Pune
CUST_00333,33,M,Mumbai
CUST_00334,20,F,Chennai
CUST_00335,37,M,Hyderabad
CUST_00336,41,F,Bangalore
CUST_00337,71,M,Mumbai
CUST_00338,73,M,Pune
CUST_00339,50,F,Bangalore
CUST_00340,41,F,Chennai
CUST_00341,69,M,Mumbai
CUST_00342,28,F,Bangalore
CUST_00343,66,M,Mumbai
CUST_00344,25,M,Mumbai
CUST_00345,53,M,Pune
CUST_00346,55,M,Hyderabad
CUST_00347,57,M,Pune
CUST_00348,37,M,Mumbai
CUST_00349,52,M,Bangalore
CUST_00350,65,F,Chennai
CUST_00351,42,M,Pune
CUST_00352,52,F,Hyderabad
CUST_00353,42,M,Mumbai
CUST_00354,46,F,Chennai
CUST_00355,35,M,Pune
CUST_00356,63,M,Pune
CUST_00357,35,M,Pune
CUST_00358,19,M,Pune
CUST_00359,71,M,Chennai
CUST_00360,52,F,Bangalore
CUST_00361,33,F,Hyderabad
CUST_00362,58,F,Hyderabad
CUST_00363,53,F,Mumbai
CUST_00364,50,M,Delhi
CUST_00365,21,M,Bangalore
CUST_00366,50,M,Mumbai
CUST_00367,31,M,Mumbai
CUST_00368,38,M,Pune
CUST_00369,65,M,Delhi
CUST_00370,37,M,Delhi
CUST_00371,73,M,Bangalore
CUST_00372,25,F,Delhi
CUST_00373,24,F,Mumbai
CUST_00374,20,M,Delhi
CUST_00375,34,F,Delhi
CUST_00376,50,F,Hyderabad
CUST_00377,65,M,Mumbai
CUST_00378,29,M,Chennai
CUST_00379,68,M,Delhi
CUST_00380,39,F,Delhi
CUST_00381,72,F,Pune
CUST_00382,39,M,Delhi
CUST_00383,63,M,Delhi
CUST_00384,47,F,Hyderabad
CUST_00385,55,M,Mumbai
CUST_00386,55,M,Bangalore
CUST_00387,62,F,Mumbai
CUST_00388,68,F,Pune
CUST_00389,71,F,Mumbai
CUST_00390,25,F,Delhi
CUST_00391,44,F,Pune
CUST_00392,44,M,Mumbai
CUST_00393,51,F,Pune
CUST_00394,38,M,Bangalore
CUST_00395,47,F,Mumbai
CUST_00396,50,M,Chennai
CUST_00397,45,F,Delhi
CUST_00398,64,M,Pune
CUST_00399,50,M,Chennai
CUST_00400,22,M,Chennai
CUST_00401,65,M,Hyderabad
CUST_00402,36,F,Pune
CUST_00403,21,F,Chennai
CUST_00404,52,M,Hyderabad
CUST_00405,66,M,Chennai
CUST_00406,34,M,Delhi
CUST_00407,61,M,Bangalore
CUST_00408,45,M,Hyderabad
CUST_00409,47,F,Bangalore
CUST_00410,46,M,Pune
CUST_00411,63,M,Delhi
CUST_00412,70,M,Hyderabad
CUST_00413,23,M,Pune
CUST_00414,52,M,Chennai
CUST_00415,58,F,Mumbai
CUST_00416,54,M,Pune
CUST_00417,41,M,Bangalore
CUST_00418,46,M,Delhi
CUST_00419,66,M,Delhi
CUST_00420,63,M,Pune
CUST_00421,70,F,Chennai
CUST_00422,48,F,Mumbai
CUST_00423,52,F,Bangalore
CUST_00424,50,M,Pune
CUST_00425,69,M,Pune
CUST_00426,38,M,Delhi
CUST_00427,49,F,Bangalore
CUST_00428,40,F,Mumbai
CUST_00429,50,M,Delhi
CUST_00430,20,M,Pune
CUST_00431,35,M,Delhi
CUST_00432,42,F,Delhi
CUST_00433,59,F,Hyderabad
CUST_00434,48,M,Delhi
CUST_00435,71,M,Chennai
CUST_00436,20,F,Delhi
CUST_00437,57,M,Chennai
CUST_00438,63,M,Bangalore
CUST_00439,41,M,Delhi
CUST_00440,67,F,Mumbai
CUST_00441,49,M,Chennai
CUST_00442,64,M,Chennai
CUST_00443,39,F,Pune
CUST_00444,40,M,Bangalore
CUST_00445,19,M,Delhi
CUST_00446,44,M,Mumbai
CUST_00447,59,M,Pune
CUST_00448,19,F,Bangalore
CUST_00449,43,M,Chennai
CUST_00450,34,M,Mumbai
CUST_00451,57,F,Delhi
CUST_00452,50,F,Hyderabad
CUST_00453,26,F,Hyderabad
CUST_00454,60,M,Bangalore
CUST_00455,71,M,Mumbai
CUST_00456,65,F,Pune
CUST_00457,56,M,Mumbai
CUST_00458,46,F,Chennai
CUST_00459,59,F,Hyderabad
CUST_00460,72,F,Bangalore
CUST_00461,43,M,Delhi
CUST_00462,52,M,Mumbai
CUST_00463,67,F,Hyderabad
CUST_00464,42,M,Pune
CUST_00465,41,M,Bangalore
CUST_00466,30,F,Delhi
CUST_00467,24,F,Mumbai
CUST_00468,74,M,Pune
CUST_00469,53,M,Delhi
CUST_00470,62,M,Chennai
CUST_00471,37,F,Hyderabad
CUST_00472,18,F,Chennai
CUST_00473,25,M,Hyderabad
CUST_00474,63,M,Pune
CUST_00475,33,F,Chennai
CUST_00476,31,M,Hyderabad
CUST_00477,29,M,Bangalore
CUST_00478,68,F,Pune
CUST_00479,40,M,Hyderabad
CUST_00480,32,F,Mumbai
CUST_00481,45,M,Hyderabad
CUST_00482,51,M,Chennai
CUST_00483,19,F,Bangalore
CUST_00484,49,M,Delhi
CUST_00485,40,Other,Delhi
CUST_00486,39,F,Hyderabad
CUST_00487,68,M,Delhi
CUST_00488,42,M,Hyderabad
CUST_00489,39,M,Bangalore
CUST_00490,39,M,Delhi
CUST_00491,66,M,Chennai
CUST_00492,69,M,Chennai
CUST_00493,59,M,Mumbai
CUST_00494,23,F,Hyderabad
CUST_00495,32,F,Delhi
CUST_00496,71,F,Chennai
CUST_00497,60,M,Bangalore
CUST_00498,54,M,Bangalore
CUST_00499,50,F,Mumbai
CUST_00500,25,M,Bangalore
CUST_00501,70,M,Bangalore
CUST_00502,61,F,Delhi
CUST_00503,61,F,Hyderabad
CUST_00504,22,M,Pune
CUST_00505,56,M,Bangalore
CUST_00506,21,F,Bangalore
CUST_00507,23,F,Pune
CUST_00508,62,F,Bangalore
CUST_00509,49,F,Delhi
CUST_00510,69,F,Delhi
CUST_00511,47,M,Pune
CUST_00512,64,M,Chennai
CUST_00513,52,F,Bangalore
CUST_00514,72,F,Chennai
CUST_00515,57,F,Bangalore
CUST_00516,69,M,Hyderabad
CUST_00517,33,M,Bangalore
CUST_00518,30,F,Delhi
CUST_00519,67,F,Mumbai
CUST_00520,59,F,Mumbai
CUST_00521,47,F,Mumbai
CUST_00522,36,F,Mumbai
CUST_00523,34,F,Chennai
CUST_00524,73,F,Chennai
CUST_00525,36,F,Bangalore
CUST_00526,45,F,Chennai
CUST_00527,72,M,Bangalore
CUST_00528,43,M,Hyderabad
CUST_00529,54,F,Bangalore
CUST_00530,43,M,Mumbai
CUST_00531,70,M,Pune
CUST_00532,40,M,Pune
CUST_00533,26,M,Delhi
CUST_00534,29,M,Delhi
CUST_00535,70,M,Bangalore
CUST_00536,18,F,Pune
CUST_00537,18,M,Mumbai
CUST_00538,64,M,Chennai
CUST_00539,51,M,Mumbai
CUST_00540,49,F,Mumbai
CUST_00541,71,M,Bangalore
CUST_00542,65,F,Bangalore
CUST_00543,42,F,Hyderabad
CUST_00544,57,F,Mumbai
CUST_00545,62,M,Mumbai
CUST_00546,70,F,Bangalore
CUST_00547,18,M,Bangalore
CUST_00548,33,F,Hyderabad
CUST_00549,56,F,Hyderabad
CUST_00550,22,M,Delhi
CUST_00551,39,M,Pune
CUST_00552,46,M,Mumbai
CUST_00553,72,F,Mumbai
CUST_00554,20,M,Hyderabad
CUST_00555,29,F,Hyderabad
CUST_00556,43,M,Delhi
CUST_00557,33,F,Pune
CUST_00558,68,F,Delhi
CUST_00559,54,F,Pune
CUST_00560,39,F,Chennai
CUST_00561,74,M,Mumbai
CUST_00562,46,M,Delhi
CUST_00563,31,F,Hyderabad
CUST_00564,45,M,Delhi
CUST_00565,22,M,Chennai
CUST_00566,64,M,Delhi
CUST_00567,66,M,Mumbai
CUST_00568,47,M,Chennai
CUST_00569,63,F,Hyderabad
CUST_00570,69,M,Hyderabad
CUST_00571,22,F,Bangalore
CUST_00572,29,M,Chennai
CUST_00573,33,F,Bangalore
CUST_00574,43,M,Bangalore
CUST_00575,43,F,Mumbai
CUST_00576,65,F,Delhi
CUST_00577,38,M,Hyderabad
CUST_00578,56,F,Hyderabad
CUST_00579,53,Other,Delhi
CUST_00580,50,F,Hyderabad
CUST_00581,47,F,Delhi
CUST_00582,54,M,Chennai
CUST_00583,40,F,Mumbai
CUST_00584,27,M,Mumbai
CUST_00585,71,M,Mumbai
CUST_00586,22,Other,Delhi
CUST_00587,53,M,Delhi
CUST_00588,51,F,Pune
CUST_00589,69,F,Hyderabad
CUST_00590,48,F,Hyderabad
CUST_00591,27,Other,Pune
CUST_00592,36,M,Pune
CUST_00593,49,M,Mumbai
CUST_00594,18,M,Pune
CUST_00595,73,M,Delhi
CUST_00596,22,M,Bangalore
CUST_00597,62,M,Delhi
CUST_00598,21,F,Pune
CUST_00599,33,F,Hyderabad
CUST_00600,41,M,Delhi
CUST_00601,33,F,Hyderabad
CUST_00602,72,M,Delhi
CUST_00603,19,M,Hyderabad
CUST_00604,66,F,Chennai
CUST_00605,45,F,Delhi
CUST_00606,49,F,Hyderabad
CUST_00607,44,M,Bangalore
CUST_00608,37,F,Mumbai
CUST_00609,41,F,Delhi
CUST_00610,29,F,Bangalore
CUST_00611,67,F,Mumbai
CUST_00612,52,F,Delhi
CUST_00613,50,F,Bangalore
CUST_00614,50,F,Bangalore
CUST_00615,68,Other,Chennai
CUST_00616,60,F,Bangalore
CUST_00617,54,M,Chennai
CUST_00618,29,F,Pune
CUST_00619,20,M,Hyderabad
CUST_00620,18,M,Mumbai
CUST_00621,50,F,Hyderabad
CUST_00622,57,F,Hyderabad
CUST_00623,27,F,Chennai
CUST_00624,60,M,Hyderabad
CUST_00625,61,M,Bangalore
CUST_00626,46,M,Chennai
CUST_00627,30,Other,Hyderabad
CUST_00628,29,Other,Chennai
CUST_00629,48,F,Pune
CUST_00630,63,F,Chennai
CUST_00631,19,F,Delhi
CUST_00632,68,F,Bangalore
CUST_00633,67,M,Mumbai
CUST_00634,52,M,Delhi
CUST_00635,40,F,Delhi
CUST_00636,34,F,Delhi
CUST_00637,43,M,Hyderabad
CUST_00638,25,F,Chennai
CUST_00639,46,M,Chennai
CUST_00640,43,M,Hyderabad
CUST_00641,27,F,Bangalore
CUST_00642,43,F,Hyderabad
CUST_00643,51,F,Hyderabad
CUST_00644,68,M,Hyderabad
CUST_00645,58,M,Bangalore
CUST_00646,24,F,Bangalore
CUST_00647,21,F,Pune
CUST_00648,70,M,Pune
CUST_00649,67,F,Pune
CUST_00650,62,M,Pune
CUST_00651,28,F,Chennai
CUST_00652,46,F,Delhi
CUST_00653,73,M,Delhi
CUST_00654,53,M,Pune
CUST_00655,42,F,Pune
CUST_00656,38,F,Mumbai
CUST_00657,74,F,Delhi
CUST_00658,53,F,Mumbai
CUST_00659,27,F,Mumbai
CUST_00660,54,F,Hyderabad
CUST_00661,26,M,Chennai
CUST_00662,41,M,Bangalore
CUST_00663,52,M,Delhi
CUST_00664,66,M,Pune
CUST_00665,52,F,Pune
CUST_00666,65,M,Bangalore
CUST_00667,53,F,Delhi
CUST_00668,35,F,Pune
CUST_00669,66,F,Pune
CUST_00670,56,M,Hyderabad
CUST_00671,49,M,Mumbai
CUST_00672,41,M,Pune
CUST_00673,40,M,Chennai
CUST_00674,49,M,Delhi
CUST_00675,54,F,Chennai
CUST_00676,29,F,Bangalore
CUST_00677,66,F,Hyderabad
CUST_00678,72,F,Delhi
CUST_00679,30,M,Hyderabad
CUST_00680,40,F,Mumbai
CUST_00681,42,F,Pune
CUST_00682,52,M,Delhi
CUST_00683,58,F,Bangalore
CUST_00684,47,M,Mumbai
CUST_00685,34,F,Mumbai
CUST_00686,66,Other,Hyderabad
CUST_00687,37,M,Mumbai
CUST_00688,65,F,Delhi
CUST_00689,42,F,Hyderabad
CUST_00690,39,F,Mumbai
CUST_00691,30,M,Bangalore
CUST_00692,36,F,Chennai
CUST_00693,66,M,Delhi
CUST_00694,53,M,Bangalore
CUST_00695,29,M,Bangalore
CUST_00696,58,F,Hyderabad
CUST_00697,36,F,Pune
CUST_00698,29,F,Hyderabad
CUST_00699,26,F,Delhi
CUST_00700,24,M,Delhi
CUST_00701,45,M,Hyderabad
CUST_00702,31,M,Pune
CUST_00703,48,M,Hyderabad
CUST_00704,69,M,Delhi
CUST_00705,36,M,Pune
CUST_00706,64,M,Delhi
CUST_00707,33,M,Pune
CUST_00708,70,M,Pune
CUST_00709,22,M,Hyderabad
CUST_00710,52,F,Hyderabad
CUST_00711,29,F,Hyderabad
CUST_00712,42,F,Pune
CUST_00713,69,M,Pune
CUST_00714,38,M,Delhi
CUST_00715,53,F,Bangalore
CUST_00716,70,M,Hyderabad
CUST_00717,40,M,Chennai
CUST_00718,33,M,Delhi
CUST_00719,74,M,Delhi
CUST_00720,56,M,Mumbai
CUST_00721,62,M,Hyderabad
CUST_00722,70,F,Delhi
CUST_00723,59,M,Mumbai
CUST_00724,56,M,Chennai
CUST_00725,31,F,Chennai
CUST_00726,48,M,Hyderabad
CUST_00727,22,M,Pune
CUST_00728,52,F,Mumbai
CUST_00729,40,M,Pune
CUST_00730,46,M,Chennai
CUST_00731,60,M,Chennai
CUST_00732,28,M,Bangalore
CUST_00733,35,F,Bangalore
CUST_00734,64,F,Bangalore
CUST_00735,29,M,Bangalore
CUST_00736,26,F,Delhi
CUST_00737,27,M,Bangalore
CUST_00738,61,M,Delhi
CUST_00739,34,F,Delhi
CUST_00740,55,M,Hyderabad
CUST_00741,24,M,Delhi
CUST_00742,63,M,Delhi
CUST_00743,30,M,Bangalore
CUST_00744,57,M,Delhi
CUST_00745,59,F,Pune
CUST_00746,26,M,Bangalore
CUST_00747,67,M,Mumbai
CUST_00748,44,M,Bangalore
CUST_00749,19,F,Delhi
CUST_00750,22,F,Pune
CUST_00751,46,F,Bangalore
CUST_00752,54,F,Pune
CUST_00753,55,F,Mumbai
CUST_00754,36,M,Chennai
CUST_00755,25,M,Mumbai
CUST_00756,65,F,Chennai
CUST_00757,62,Other,Hyderabad
CUST_00758,18,F,Chennai
CUST_00759,39,M,Hyderabad
CUST_00760,69,M,Bangalore
CUST_00761,34,M,Hyderabad
CUST_00762,24,F,Pune
CUST_00763,42,M,Hyderabad
CUST_00764,62,M,Pune
CUST_00765,21,F,Chennai
CUST_00766,53,M,Chennai
CUST_00767,23,F,Chennai
CUST_00768,48,M,Hyderabad
CUST_00769,36,M,Chennai
CUST_00770,61,M,Hyderabad
CUST_00771,71,F,Hyderabad
CUST_00772,56,M,Delhi
CUST_00773,44,M,Delhi
CUST_00774,27,F,Hyderabad
CUST_00775,43,M,Pune
CUST_00776,36,F,Bangalore
CUST_00777,56,F,Mumbai
CUST_00778,20,M,Delhi
CUST_00779,62,F,Hyderabad
CUST_00780,30,M,Mumbai
CUST_00781,67,F,Delhi
CUST_00782,45,M,Bangalore
CUST_00783,37,F,Pune
CUST_00784,45,M,Hyderabad
CUST_00785,25,F,Bangalore
CUST_00786,58,M,Delhi
CUST_00787,56,M,Hyderabad
CUST_00788,18,M,Mumbai
CUST_00789,20,M,Chennai
CUST_00790,30,F,Pune
CUST_00791,45,M,Delhi
CUST_00792,74,F,Pune
CUST_00793,66,F,Hyderabad
CUST_00794,42,F,Chennai
CUST_00795,73,M,Bangalore
CUST_00796,50,M,Pune
CUST_00797,55,F,Mumbai
CUST_00798,70,M,Delhi
CUST_00799,23,M,Mumbai
CUST_00800,61,F,Pune
CUST_00801,62,F,Chennai
CUST_00802,49,F,Bangalore
CUST_00803,62,M,Bangalore
CUST_00804,64,F,Mumbai
CUST_00805,38,M,Hyderabad
CUST_00806,33,M,Hyderabad
CUST_00807,71,F,Chennai
CUST_00808,38,M,Bangalore
CUST_00809,28,M,Mumbai
CUST_00810,54,M,Mumbai
CUST_00811,53,F,Mumbai
CUST_00812,52,F,Pune
CUST_00813,36,F,Chennai
CUST_00814,37,F,Hyderabad
CUST_00815,74,M,Hyderabad
CUST_00816,35,M,Pune
CUST_00817,64,M,Delhi
CUST_00818,58,M,Pune
CUST_00819,66,M,Chennai
CUST_00820,31,F,Mumbai
CUST_00821,32,M,Pune
CUST_00822,48,M,Mumbai
CUST_00823,18,M,Chennai
CUST_00824,70,M,Chennai
CUST_00825,71,F,Bangalore
CUST_00826,71,M,Mumbai
CUST_00827,20,M,Hyderabad
CUST_00828,33,F,Pune
CUST_00829,40,M,Chennai
CUST_00830,74,M,Mumbai
CUST_00831,28,M,Delhi
CUST_00832,29,F,Bangalore
CUST_00833,27,Other,Delhi
CUST_00834,49,F,Chennai
CUST_00835,33,M,Delhi
CUST_00836,25,F,Delhi
CUST_00837,55,M,Bangalore
CUST_00838,29,M,Bangalore
CUST_00839,41,M,Bangalore
CUST_00840,45,M,Bangalore
CUST_00841,70,M,Delhi
CUST_00842,25,F,Hyderabad
CUST_00843,45,F,Hyderabad
CUST_00844,53,M,Bangalore
CUST_00845,43,M,Pune
CUST_00846,25,M,Mumbai
CUST_00847,67,M,Chennai
CUST_00848,45,F,Pune
CUST_00849,45,M,Chennai
CUST_00850,54,F,Pune
CUST_00851,58,M,Pune
CUST_00852,53,M,Hyderabad
CUST_00853,44,M,Mumbai
CUST_00854,71,M,Pune
CUST_00855,34,M,Bangalore
CUST_00856,26,F,Chennai
CUST_00857,50,M,Hyderabad
CUST_00858,70,F,Chennai
CUST_00859,37,M,Bangalore
CUST_00860,30,M,Bangalore
CUST_00861,45,M,Pune
CUST_00862,65,F,Bangalore
CUST_00863,46,M,Mumbai
CUST_00864,30,F,Bangalore
CUST_00865,63,M,Pune
CUST_00866,52,F,Chennai
CUST_00867,23,M,Bangalore
CUST_00868,35,F,Hyderabad
CUST_00869,68,F,Hyderabad
CUST_00870,22,F,Hyderabad
CUST_00871,64,M,Chennai
CUST_00872,42,M,Delhi
CUST_00873,19,M,Hyderabad
CUST_00874,27,F,Hyderabad
CUST_00875,73,M,Delhi
CUST_00876,47,F,Chennai
CUST_00877,67,M,Hyderabad
CUST_00878,62,M,Pune
CUST_00879,22,M,Chennai
CUST_00880,72,F,Hyderabad
CUST_00881,73,F,Hyderabad
CUST_00882,50,F,Delhi
CUST_00883,71,M,Pune
CUST_00884,18,F,Chennai
CUST_00885,35,F,Bangalore
CUST_00886,49,M,Mumbai
CUST_00887,64,F,Pune
CUST_00888,66,F,Bangalore
CUST_00889,28,F,Pune
CUST_00890,38,F,Bangalore
CUST_00891,43,M,Bangalore
CUST_00892,42,M,Pune
CUST_00893,39,F,Delhi
CUST_00894,44,M,Pune
CUST_00895,66,F,Pune
CUST_00896,30,F,Bangalore
CUST_00897,50,F,Mumbai
CUST_00898,51,Other,Bangalore
CUST_00899,58,M,Hyderabad
CUST_00900,52,M,Pune
CUST_00901,18,M,Chennai
CUST_00902,38,M,Pune
CUST_00903,65,M,Delhi
CUST_00904,72,M,Chennai
CUST_00905,23,F,Bangalore
CUST_00906,45,F,Delhi
CUST_00907,34,M,Pune
CUST_00908,22,M,Bangalore
CUST_00909,48,F,Bangalore
CUST_00910,22,M,Hyderabad
CUST_00911,55,M,Hyderabad
CUST_00912,20,M,Mumbai
CUST_00913,70,F,Hyderabad
CUST_00914,40,M,Chennai
CUST_00915,54,F,Bangalore
CUST_00916,70,M,Hyderabad
CUST_00917,54,M,Mumbai
CUST_00918,27,M,Pune
CUST_00919,27,M,Chennai
CUST_00920,36,F,Hyderabad
CUST_00921,34,F,Bangalore
CUST_00922,38,F,Pune
CUST_00923,31,F,Bangalore
CUST_00924,26,F,Pune
CUST_00925,63,F,Chennai
CUST_00926,18,F,Bangalore
CUST_00927,68,M,Hyderabad
CUST_00928,62,M,Hyderabad
CUST_00929,30,M,Mumbai
CUST_00930,21,F,Pune
CUST_00931,18,M,Mumbai
CUST_00932,66,M,Delhi
CUST_00933,57,F,Hyderabad
CUST_00934,49,F,Pune
CUST_00935,51,F,Chennai
CUST_00936,45,M,Mumbai
CUST_00937,48,F,Chennai
CUST_00938,25,M,Chennai
CUST_00939,56,M,Chennai
CUST_00940,43,M,Mumbai
CUST_00941,51,M,Delhi
CUST_00942,71,M,Mumbai
CUST_00943,71,F,Bangalore
CUST_00944,20,M,Hyderabad
CUST_00945,67,F,Mumbai
CUST_00946,29,M,Mumbai
CUST_00947,18,M,Delhi
CUST_00948,71,M,Bangalore
CUST_00949,61,M,Mumbai
CUST_00950,22,F,Hyderabad
CUST_00951,47,M,Hyderabad
CUST_00952,47,M,Mumbai
CUST_00953,74,M,Chennai
CUST_00954,34,M,Chennai
CUST_00955,65,F,Bangalore
CUST_00956,64,M,Hyderabad
CUST_00957,40,F,Chennai
CUST_00958,32,F,Hyderabad
CUST_00959,54,F,Bangalore
CUST_00960,38,F,Bangalore
CUST_00961,31,F,Chennai
CUST_00962,19,F,Mumbai
CUST_00963,28,F,Pune
CUST_00964,68,M,Delhi
CUST_00965,56,M,Pune
CUST_00966,55,M,Pune
CUST_00967,51,F,Hyderabad
CUST_00968,55,F,Bangalore
CUST_00969,67,M,Hyderabad
CUST_00970,51,F,Chennai
CUST_00971,35,M,Delhi
CUST_00972,47,M,Chennai
CUST_00973,32,Other,Mumbai
CUST_00974,44,M,Delhi
CUST_00975,68,M,Hyderabad
CUST_00976,51,F,Hyderabad
CUST_00977,69,F,Chennai
CUST_00978,74,M,Hyderabad
CUST_00979,55,F,Hyderabad
CUST_00980,50,M,Pune
CUST_00981,41,M,Mumbai
CUST_00982,32,M,Pune
CUST_00983,47,F,Hyderabad
CUST_00984,72,M,Bangalore
CUST_00985,59,F,Pune
CUST_00986,68,F,Hyderabad
CUST_00987,34,Other,Hyderabad
CUST_00988,22,M,Mumbai
CUST_00989,46,F,Chennai
CUST_00990,21,M,Delhi
CUST_00991,27,M,Pune
CUST_00992,73,M,Pune
CUST_00993,34,M,Pune
CUST_00994,27,F,Hyderabad
CUST_00995,34,M,Mumbai
CUST_00996,37,M,Hyderabad
CUST_00997,41,F,Hyderabad
CUST_00998,22,M,Chennai
CUST_00999,51,F,Bangalore
CUST_01000,23,M,Mumbai
CUST_01001,70,F,Pune
CUST_01002,19,F,Delhi
CUST_01003,30,M,Pune
CUST_01004,60,M,Hyderabad
CUST_01005,60,M,Mumbai
CUST_01006,65,F,Mumbai
CUST_01007,28,M,Mumbai
CUST_01008,68,M,Bangalore
CUST_01009,64,M,Pune
CUST_01010,74,M,Bangalore
CUST_01011,40,M,Chennai
CUST_01012,72,F,Delhi
CUST_01013,33,M,Chennai
CUST_01014,48,M,Hyderabad
CUST_01015,28,F,Bangalore
CUST_01016,71,F,Bangalore
CUST_01017,33,M,Chennai
CUST_01018,25,M,Hyderabad
CUST_01019,21,M,Mumbai
CUST_01020,57,F,Hyderabad
CUST_01021,21,M,Pune
CUST_01022,73,F,Chennai
CUST_01023,42,F,Hyderabad
CUST_01024,20,M,Mumbai
CUST_01025,49,M,Hyderabad
CUST_01026,20,M,Bangalore
CUST_01027,44,M,Delhi
CUST_01028,46,M,Bangalore
CUST_01029,49,F,Delhi
CUST_01030,67,F,Hyderabad
CUST_01031,68,F,Pune
CUST_01032,36,F,Hyderabad
CUST_01033,38,M,Mumbai
CUST_01034,22,M,Hyderabad
CUST_01035,35,M,Delhi
CUST_01036,45,F,Bangalore
CUST_01037,59,F,Pune
CUST_01038,39,F,Hyderabad
CUST_01039,38,M,Hyderabad
CUST_01040,23,M,Bangalore
CUST_01041,18,F,Pune
CUST_01042,22,M,Chennai
CUST_01043,58,F,Hyderabad
CUST_01044,29,F,Hyderabad
CUST_01045,43,F,Chennai
CUST_01046,63,M,Delhi
CUST_01047,51,M,Delhi
CUST_01048,66,M,Mumbai
CUST_01049,31,M,Bangalore
CUST_01050,43,M,Pune
CUST_01051,62,F,Hyderabad
CUST_01052,44,F,Hyderabad
CUST_01053,26,M,Mumbai
CUST_01054,43,M,Hyderabad
CUST_01055,74,M,Bangalore
CUST_01056,64,M,Mumbai
CUST_01057,74,F,Bangalore
CUST_01058,39,M,Mumbai
CUST_01059,64,M,Hyderabad
CUST_01060,73,M,Mumbai
CUST_01061,47,F,Delhi
CUST_01062,60,F,Pune
CUST_01063,65,M,Hyderabad
CUST_01064,34,M,Chennai
CUST_01065,43,F,Pune
CUST_01066,53,F,Hyderabad
CUST_01067,18,M,Pune
CUST_01068,25,F,Delhi
CUST_01069,66,F,Pune
CUST_01070,52,F,Mumbai
CUST_01071,69,F,Pune
CUST_01072,32,F,Hyderabad
CUST_01073,64,M,Chennai
CUST_01074,73,F,Chennai
CUST_01075,39,M,Bangalore
CUST_01076,31,F,Pune
CUST_01077,43,M,Chennai
CUST_01078,45,F,Pune
CUST_01079,40,F,Chennai
CUST_01080,31,M,Pune
CUST_01081,41,F,Hyderabad
CUST_01082,19,M,Pune
CUST_01083,62,F,Hyderabad
CUST_01084,43,M,Hyderabad
CUST_01085,31,M,Bangalore
CUST_01086,73,F,Chennai
CUST_01087,68,M,Mumbai
CUST_01088,24,F,Hyderabad
CUST_01089,20,M,Chennai
CUST_01090,64,M,Delhi
CUST_01091,40,M,Pune
CUST_01092,63,F,Delhi
CUST_01093,60,M,Pune
CUST_01094,64,M,Bangalore
CUST_01095,62,M,Hyderabad
CUST_01096,35,M,Mumbai
CUST_01097,55,F,Hyderabad
CUST_01098,52,F,Pune
CUST_01099,68,M,Mumbai
CUST_01100,32,F,Hyderabad
CUST_01101,42,M,Mumbai
CUST_01102,72,F,Pune
CUST_01103,54,F,Bangalore
CUST_01104,45,F,Bangalore
CUST_01105,27,M,Hyderabad
CUST_01106,56,F,Delhi
CUST_01107,74,M,Pune
CUST_01108,34,Other,Hyderabad
CUST_01109,56,M,Hyderabad
CUST_01110,39,F,Bangalore
CUST_01111,43,F,Mumbai
CUST_01112,61,F,Pune
CUST_01113,42,M,Mumbai
CUST_01114,34,F,Chennai
CUST_01115,30,M,Chennai
CUST_01116,37,F,Pune
CUST_01117,42,M,Delhi
CUST_01118,21,M,Chennai
CUST_01119,27,M,Bangalore
CUST_01120,20,M,Delhi
CUST_01121,58,M,Hyderabad
CUST_01122,62,M,Chennai
CUST_01123,35,M,Bangalore
CUST_01124,64,F,Hyderabad
CUST_01125,53,F,Delhi
CUST_01126,64,M,Pune
CUST_01127,39,M,Hyderabad
CUST_01128,51,M,Mumbai
CUST_01129,64,M,Pune
CUST_01130,25,F,Pune
CUST_01131,57,F,Delhi
CUST_01132,66,M,Delhi
CUST_01133,61,M,Bangalore
CUST_01134,36,M,Bangalore
CUST_01135,59,F,Mumbai
CUST_01136,58,F,Pune
CUST_01137,54,M,Mumbai
CUST_01138,23,M,Mumbai
CUST_01139,69,F,Delhi
CUST_01140,43,F,Mumbai
CUST_01141,51,M,Mumbai
CUST_01142,73,M,Hyderabad
CUST_01143,62,M,Bangalore
CUST_01144,23,F,Bangalore
CUST_01145,54,M,Pune
CUST_01146,74,M,Bangalore
CUST_01147,50,F,Chennai
CUST_01148,70,M,Pune
CUST_01149,39,F,Hyderabad
CUST_01150,38,M,Bangalore
CUST_01151,23,M,Hyderabad
CUST_01152,23,F,Bangalore
CUST_01153,72,M,Bangalore
CUST_01154,65,F,Hyderabad
CUST_01155,21,M,Mumbai
CUST_01156,47,M,Mumbai
CUST_01157,28,F,Mumbai
CUST_01158,47,M,Chennai
CUST_01159,48,F,Mumbai
CUST_01160,41,M,Bangalore
CUST_01161,72,M,Delhi
CUST_01162,26,M,Hyderabad
CUST_01163,72,M,Delhi
CUST_01164,20,F,Chennai
CUST_01165,68,F,Delhi
CUST_01166,48,M,Pune
CUST_01167,57,M,Mumbai
CUST_01168,54,F,Chennai
CUST_01169,53,F,Bangalore
CUST_01170,41,M,Mumbai
CUST_01171,48,M,Mumbai
CUST_01172,23,M,Delhi
CUST_01173,19,F,Pune
CUST_01174,37,M,Mumbai
CUST_01175,45,M,Hyderabad
CUST_01176,28,F,Hyderabad
CUST_01177,21,M,Mumbai
CUST_01178,32,M,Delhi
CUST_01179,23,M,Delhi
CUST_01180,71,M,Bangalore
CUST_01181,66,M,Chennai
CUST_01182,47,M,Chennai
CUST_01183,73,M,Chennai
CUST_01184,55,F,Pune
CUST_01185,68,F,Delhi
CUST_01186,74,F,Bangalore
CUST_01187,19,M,Hyderabad
CUST_01188,32,M,Chennai
CUST_01189,28,M,Hyderabad
CUST_01190,25,M,Hyderabad
CUST_01191,43,M,Mumbai
CUST_01192,68,F,Pune
CUST_01193,62,M,Bangalore
CUST_01194,61,M,Pune
CUST_01195,22,M,Mumbai
CUST_01196,23,F,Bangalore
CUST_01197,43,M,Bangalore
CUST_01198,71,F,Delhi
CUST_01199,21,M,Pune
CUST_01200,36,F,Pune
CUST_01201,37,F,Delhi
CUST_01202,50,M,Hyderabad
CUST_01203,37,M,Mumbai
CUST_01204,66,M,Pune
CUST_01205,29,M,Delhi
CUST_01206,64,F,Bangalore
CUST_01207,18,F,Chennai
CUST_01208,43,F,Delhi
CUST_01209,31,F,Chennai
CUST_01210,55,M,Hyderabad
CUST_01211,54,M,Mumbai
CUST_01212,28,F,Chennai
CUST_01213,53,M,Hyderabad
CUST_01214,30,F,Chennai
CUST_01215,60,M,Bangalore
CUST_01216,20,M,Bangalore
CUST_01217,50,Other,Bangalore
CUST_01218,23,M,Bangalore
CUST_01219,67,Other,Delhi
CUST_01220,73,F,Bangalore
CUST_01221,27,F,Bangalore
CUST_01222,22,F,Delhi
CUST_01223,40,F,Bangalore
CUST_01224,27,F,Hyderabad
CUST_01225,61,M,Hyderabad
CUST_01226,19,M,Pune
CUST_01227,30,F,Hyderabad
CUST_01228,57,M,Mumbai
CUST_01229,19,M,Mumbai
CUST_01230,37,M,Mumbai
CUST_01231,18,F,Delhi
CUST_01232,54,F,Hyderabad
CUST_01233,26,M,Mumbai
CUST_01234,34,F,Pune
CUST_01235,26,F,Delhi
CUST_01236,28,F,Pune
CUST_01237,32,F,Hyderabad
CUST_01238,41,F,Bangalore
CUST_01239,55,M,Pune
CUST_01240,72,F,Bangalore
CUST_01241,52,M,Delhi
CUST_01242,47,F,Pune
CUST_01243,48,Other,Pune
CUST_01244,66,M,Chennai
CUST_01245,22,M,Delhi
CUST_01246,61,F,Delhi
CUST_01247,67,M,Mumbai
CUST_01248,31,F,Hyderabad
CUST_01249,70,M,Pune
CUST_01250,73,M,Pune
CUST_01251,28,F,Delhi
CUST_01252,26,F,Delhi
CUST_01253,51,F,Hyderabad
CUST_01254,29,M,Delhi
CUST_01255,52,F,Bangalore
CUST_01256,52,F,Bangalore
CUST_01257,18,F,Chennai
CUST_01258,57,F,Bangalore
CUST_01259,39,F,Bangalore
CUST_01260,46,M,Hyderabad
CUST_01261,25,M,Pune
CUST_01262,28,F,Bangalore
CUST_01263,58,M,Chennai
CUST_01264,54,F,Delhi
CUST_01265,31,M,Bangalore
CUST_01266,47,F,Chennai
CUST_01267,52,F,Hyderabad
CUST_01268,38,M,Delhi
CUST_01269,54,M,Chennai
CUST_01270,22,M,Bangalore
CUST_01271,36,F,Pune
CUST_01272,31,F,Delhi
CUST_01273,43,M,Delhi
CUST_01274,21,F,Pune
CUST_01275,42,M,Delhi
CUST_01276,62,M,Bangalore
CUST_01277,59,F,Delhi
CUST_01278,42,M,Bangalore
CUST_01279,35,M,Pune
CUST_01280,57,M,Mumbai
CUST_01281,25,M,Pune
CUST_01282,56,M,Bangalore
CUST_01283,57,M,Hyderabad
CUST_01284,31,F,Pune
CUST_01285,49,M,Hyderabad
CUST_01286,68,M,Hyderabad
CUST_01287,55,M,Bangalore
CUST_01288,50,M,Bangalore
CUST_01289,40,F,Mumbai
CUST_01290,32,F,Chennai
CUST_01291,50,M,Delhi
CUST_01292,42,F,Pune
CUST_01293,34,F,Bangalore
CUST_01294,50,F,Pune
CUST_01295,64,M,Chennai
CUST_01296,72,M,Chennai
CUST_01297,19,M,Hyderabad
CUST_01298,31,F,Delhi
CUST_01299,70,M,Mumbai
CUST_01300,57,F,Pune
CUST_01301,57,M,Delhi
CUST_01302,68,M,Mumbai
CUST_01303,56,F,Pune
CUST_01304,68,M,Delhi
CUST_01305,23,M,Bangalore
CUST_01306,23,F,Pune
CUST_01307,20,F,Delhi
CUST_01308,24,F,Chennai
CUST_01309,68,F,Mumbai
CUST_01310,25,F,Delhi
CUST_01311,59,F,Bangalore
CUST_01312,69,M,Pune
CUST_01313,32,M,Pune
CUST_01314,64,M,Pune
CUST_01315,46,M,Bangalore
CUST_01316,50,F,Mumbai
CUST_01317,69,F,Pune
CUST_01318,47,F,Mumbai
CUST_01319,56,M,Delhi
CUST_01320,44,F,Chennai
CUST_01321,53,M,Chennai
CUST_01322,46,F,Mumbai
CUST_01323,55,F,Mumbai
CUST_01324,74,M,Chennai
CUST_01325,50,M,Pune
CUST_01326,54,M,Hyderabad
CUST_01327,44,F,Hyderabad
CUST_01328,72,F,Bangalore
CUST_01329,50,F,Chennai
CUST_01330,21,M,Chennai
CUST_01331,39,M,Bangalore
CUST_01332,19,F,Hyderabad
CUST_01333,27,F,Delhi
CUST_01334,22,M,Pune
CUST_01335,27,M,Pune
CUST_01336,50,F,Delhi
CUST_01337,71,M,Delhi
CUST_01338,55,M,Hyderabad
CUST_01339,30,M,Bangalore
CUST_01340,48,M,Delhi
CUST_01341,64,F,Bangalore
CUST_01342,53,F,Mumbai
CUST_01343,62,F,Pune
CUST_01344,41,M,Hyderabad
CUST_01345,69,M,Pune
CUST_01346,73,M,Hyderabad
CUST_01347,32,M,Mumbai
CUST_01348,46,F,Pune
CUST_01349,25,M,Mumbai
CUST_01350,22,M,Hyderabad
CUST_01351,46,M,Delhi
CUST_01352,64,M,Pune
CUST_01353,21,M,Mumbai
CUST_01354,29,M,Chennai
CUST_01355,62,Other,Pune
CUST_01356,19,M,Pune
CUST_01357,44,M,Pune
CUST_01358,48,F,Bangalore
CUST_01359,68,Other,Mumbai
CUST_01360,68,F,Mumbai
CUST_01361,53,F,Pune
CUST_01362,53,M,Delhi
CUST_01363,43,M,Pune
CUST_01364,60,M,Bangalore
CUST_01365,44,F,Hyderabad
CUST_01366,22,F,Bangalore
CUST_01367,37,M,Delhi
CUST_01368,28,M,Pune
CUST_01369,27,F,Mumbai
CUST_01370,57,M,Chennai
CUST_01371,55,F,Pune
CUST_01372,23,F,Delhi
CUST_01373,25,F,Mumbai
CUST_01374,40,F,Bangalore
CUST_01375,64,F,Hyderabad
CUST_01376,43,M,Hyderabad
CUST_01377,63,F,Pune
CUST_01378,60,F,Bangalore
CUST_01379,29,M,Chennai
CUST_01380,43,M,Chennai
CUST_01381,30,M,Delhi
CUST_01382,57,M,Hyderabad
CUST_01383,35,F,Bangalore
CUST_01384,42,F,Pune
CUST_01385,50,M,Mumbai
CUST_01386,64,M,Pune
CUST_01387,57,F,Pune
CUST_01388,60,M,Bangalore
CUST_01389,29,M,Hyderabad
CUST_01390,61,F,Bangalore
CUST_01391,53,M,Mumbai
CUST_01392,65,M,Bangalore
CUST_01393,21,M,Delhi
CUST_01394,22,M,Pune
CUST_01395,73,F,Hyderabad
CUST_01396,54,M,Chennai
CUST_01397,25,M,Mumbai
CUST_01398,59,F,Chennai
CUST_01399,66,F,Pune
CUST_01400,45,M,Bangalore
CUST_01401,48,M,Chennai
CUST_01402,26,F,Delhi
CUST_01403,71,M,Bangalore
CUST_01404,68,M,Pune
CUST_01405,46,F,Chennai
CUST_01406,31,F,Mumbai
CUST_01407,57,F,Chennai
CUST_01408,58,F,Chennai
CUST_01409,39,F,Hyderabad
CUST_01410,28,M,Chennai
CUST_01411,40,F,Pune
CUST_01412,18,M,Mumbai
CUST_01413,63,M,Pune
CUST_01414,54,F,Delhi
CUST_01415,38,F,Bangalore
CUST_01416,43,M,Chennai
CUST_01417,63,F,Hyderabad
CUST_01418,53,M,Mumbai
CUST_01419,71,M,Hyderabad
CUST_01420,40,M,Hyderabad
CUST_01421,74,F,Hyderabad
CUST_01422,18,F,Chennai
CUST_01423,71,M,Mumbai
CUST_01424,72,F,Mumbai
CUST_01425,68,M,Hyderabad
CUST_01426,57,F,Bangalore
CUST_01427,32,M,Chennai
CUST_01428,38,M,Chennai
CUST_01429,64,F,Pune
CUST_01430,26,M,Chennai
CUST_01431,70,M,Hyderabad
CUST_01432,26,F,Delhi
CUST_01433,27,F,Hyderabad
CUST_01434,69,M,Mumbai
CUST_01435,74,M,Chennai
CUST_01436,70,M,Chennai
CUST_01437,43,M,Pune
CUST_01438,58,M,Delhi
CUST_01439,52,F,Chennai
CUST_01440,69,Other,Pune
CUST_01441,42,M,Pune
CUST_01442,43,M,Delhi
CUST_01443,28,M,Hyderabad
CUST_01444,55,M,Hyderabad
CUST_01445,19,F,Hyderabad
CUST_01446,24,M,Bangalore
CUST_01447,35,M,Hyderabad
CUST_01448,44,F,Delhi
CUST_01449,51,M,Bangalore
CUST_01450,44,F,Hyderabad
CUST_01451,34,M,Bangalore
CUST_01452,60,F,Delhi
CUST_01453,61,F,Hyderabad
CUST_01454,68,F,Mumbai
CUST_01455,71,F,Chennai
CUST_01456,41,M,Delhi
CUST_01457,42,M,Pune
CUST_01458,24,F,Pune
CUST_01459,69,F,Delhi
CUST_01460,23,M,Pune
CUST_01461,70,M,Delhi
CUST_01462,41,M,Mumbai
CUST_01463,50,M,Delhi
CUST_01464,66,M,Hyderabad
CUST_01465,46,F,Hyderabad
CUST_01466,60,M,Bangalore
CUST_01467,39,M,Pune
CUST_01468,43,F,Chennai
CUST_01469,45,F,Pune
CUST_01470,67,F,Delhi
CUST_01471,38,F,Chennai
CUST_01472,66,M,Chennai
CUST_01473,24,F,Pune
CUST_01474,34,M,Chennai
CUST_01475,37,M,Chennai
CUST_01476,58,F,Hyderabad
CUST_01477,66,F,Mumbai
CUST_01478,37,M,Delhi
CUST_01479,71,M,Pune
CUST_01480,39,M,Hyderabad
CUST_01481,45,M,Bangalore
CUST_01482,57,M,Chennai
CUST_01483,66,F,Chennai
CUST_01484,24,M,Pune
CUST_01485,18,F,Mumbai
CUST_01486,49,F,Mumbai
CUST_01487,30,F,Pune
CUST_01488,47,F,Pune
CUST_01489,40,M,Hyderabad
CUST_01490,68,M,Pune
CUST_01491,73,F,Bangalore
CUST_01492,36,F,Hyderabad
CUST_01493,49,F,Chennai
CUST_01494,47,M,Chennai
CUST_01495,46,F,Chennai
CUST_01496,66,M,Chennai
CUST_01497,62,F,Delhi
CUST_01498,46,F,Bangalore
CUST_01499,47,M,Hyderabad
CUST_01500,33,F,Hyderabad
CUST_01501,57,M,Chennai
CUST_01502,36,M,Mumbai
CUST_01503,35,M,Hyderabad
CUST_01504,18,F,Bangalore
CUST_01505,31,F,Pune
CUST_01506,68,F,Bangalore
CUST_01507,64,M,Chennai
CUST_01508,67,F,Chennai
CUST_01509,19,F,Delhi
CUST_01510,71,M,Hyderabad
CUST_01511,45,Other,Hyderabad
CUST_01512,66,M,Hyderabad
CUST_01513,67,F,Chennai
CUST_01514,47,M,Hyderabad
CUST_01515,55,M,Mumbai
CUST_01516,68,M,Mumbai
CUST_01517,21,F,Pune
CUST_01518,18,M,Hyderabad
CUST_01519,25,M,Delhi
CUST_01520,46,F,Pune
CUST_01521,72,F,Chennai
CUST_01522,56,M,Hyderabad
CUST_01523,20,M,Mumbai
CUST_01524,49,M,Delhi
CUST_01525,27,M,Pune
CUST_01526,27,F,Delhi
CUST_01527,36,F,Hyderabad
CUST_01528,63,F,Bangalore
CUST_01529,51,M,Delhi
CUST_01530,50,F,Delhi
CUST_01531,40,F,Chennai
CUST_01532,72,F,Mumbai
CUST_01533,45,F,Hyderabad
CUST_01534,49,F,Delhi
CUST_01535,67,F,Hyderabad
CUST_01536,24,M,Mumbai
CUST_01537,46,F,Chennai
CUST_01538,25,M,Hyderabad
CUST_01539,18,F,Mumbai
CUST_01540,74,M,Mumbai
CUST_01541,72,F,Pune
CUST_01542,20,F,Chennai
CUST_01543,41,M,Chennai
CUST_01544,40,M,Hyderabad
CUST_01545,25,F,Bangalore
CUST_01546,71,F,Pune
CUST_01547,74,M,Chennai
CUST_01548,64,M,Mumbai
CUST_01549,54,F,Chennai
CUST_01550,20,M,Bangalore
CUST_01551,68,M,Delhi
CUST_01552,50,M,Delhi
CUST_01553,45,M,Chennai
CUST_01554,64,M,Chennai
CUST_01555,25,M,Pune
CUST_01556,51,M,Chennai
CUST_01557,52,M,Bangalore
CUST_01558,49,M,Chennai
CUST_01559,41,M,Hyderabad
CUST_01560,31,M,Bangalore
CUST_01561,49,F,Pune
CUST_01562,73,M,Hyderabad
CUST_01563,63,M,Hyderabad
CUST_01564,60,M,Delhi
CUST_01565,33,M,Bangalore
CUST_01566,21,F,Hyderabad
CUST_01567,69,F,Pune
CUST_01568,54,F,Delhi
CUST_01569,71,F,Hyderabad
CUST_01570,38,F,Bangalore
CUST_01571,31,M,Delhi
CUST_01572,48,M,Bangalore
CUST_01573,72,M,Bangalore
CUST_01574,65,M,Bangalore
CUST_01575,35,M,Delhi
CUST_01576,24,F,Hyderabad
CUST_01577,27,M,Chennai
CUST_01578,24,F,Mumbai
CUST_01579,50,F,Hyderabad
CUST_01580,40,M,Delhi
CUST_01581,38,M,Mumbai
CUST_01582,36,M,Mumbai
CUST_01583,65,M,Mumbai
CUST_01584,36,M,Chennai
CUST_01585,53,M,Pune
CUST_01586,46,M,Delhi
CUST_01587,35,M,Chennai
CUST_01588,19,Other,Chennai
CUST_01589,18,F,Pune
CUST_01590,64,F,Mumbai
CUST_01591,22,M,Pune
CUST_01592,37,M,Pune
CUST_01593,28,F,Chennai
CUST_01594,59,M,Delhi
CUST_01595,19,M,Bangalore
CUST_01596,20,F,Pune
CUST_01597,40,F,Pune
CUST_01598,72,M,Mumbai
CUST_01599,29,M,Mumbai
CUST_01600,37,M,Chennai
CUST_01601,22,M,Mumbai
CUST_01602,54,M,Hyderabad
CUST_01603,55,M,Pune
CUST_01604,47,M,Mumbai
CUST_01605,26,F,Delhi
CUST_01606,51,F,Hyderabad
CUST_01607,70,F,Chennai
CUST_01608,61,M,Bangalore
CUST_01609,52,M,Pune
CUST_01610,69,M,Pune
CUST_01611,39,M,Delhi
CUST_01612,61,M,Bangalore
CUST_01613,41,F,Bangalore
CUST_01614,34,F,Chennai
CUST_01615,27,M,Chennai
CUST_01616,47,M,Hyderabad
CUST_01617,73,F,Pune
CUST_01618,63,M,Mumbai
CUST_01619,40,M,Chennai
CUST_01620,49,M,Delhi
CUST_01621,34,F,Delhi
CUST_01622,67,Other,Delhi
CUST_01623,68,M,Chennai
CUST_01624,34,F,Chennai
CUST_01625,31,F,Delhi
CUST_01626,26,M,Chennai
CUST_01627,57,M,Mumbai
CUST_01628,19,M,Mumbai
CUST_01629,62,F,Hyderabad
CUST_01630,42,M,Pune
CUST_01631,56,F,Mumbai
CUST_01632,26,M,Hyderabad
CUST_01633,71,F,Bangalore
CUST_01634,39,M,Pune
CUST_01635,60,F,Mumbai
CUST_01636,63,F,Bangalore
CUST_01637,21,F,Hyderabad
CUST_01638,43,F,Mumbai
CUST_01639,46,M,Mumbai
CUST_01640,62,F,Chennai
CUST_01641,51,M,Bangalore
CUST_01642,40,M,Mumbai
CUST_01643,54,M,Delhi
CUST_01644,28,M,Chennai
CUST_01645,23,M,Chennai
CUST_01646,35,Other,Mumbai
CUST_01647,38,M,Chennai
CUST_01648,59,F,Pune
CUST_01649,53,M,Bangalore
CUST_01650,58,M,Pune
CUST_01651,55,M,Hyderabad
CUST_01652,51,F,Pune
CUST_01653,34,F,Delhi
CUST_01654,54,F,Chennai
CUST_01655,42,Other,Chennai
CUST_01656,55,M,Delhi
CUST_01657,29,M,Chennai
CUST_01658,40,F,Pune
CUST_01659,70,M,Hyderabad
CUST_01660,59,M,Mumbai
CUST_01661,39,M,Delhi
CUST_01662,38,F,Pune
CUST_01663,44,F,Pune
CUST_01664,74,M,Pune
CUST_01665,48,M,Mumbai
CUST_01666,23,F,Bangalore
CUST_01667,44,F,Chennai
CUST_01668,57,M,Chennai
CUST_01669,51,F,Hyderabad
CUST_01670,29,M,Bangalore
CUST_01671,62,M,Chennai
CUST_01672,74,F,Hyderabad
CUST_01673,70,F,Hyderabad
CUST_01674,24,M,Pune
CUST_01675,27,F,Delhi
CUST_01676,62,F,Pune
CUST_01677,34,F,Mumbai
CUST_01678,43,F,Chennai
CUST_01679,38,F,Hyderabad
CUST_01680,45,M,Delhi
CUST_01681,63,M,Chennai
CUST_01682,19,M,Hyderabad
CUST_01683,71,M,Hyderabad
CUST_01684,60,F,Pune
CUST_01685,18,M,Delhi
CUST_01686,68,M,Delhi
CUST_01687,70,M,Chennai
CUST_01688,53,M,Hyderabad
CUST_01689,68,M,Delhi
CUST_01690,43,F,Delhi
CUST_01691,46,M,Chennai
CUST_01692,38,F,Pune
CUST_01693,28,F,Bangalore
CUST_01694,57,M,Mumbai
CUST_01695,28,M,Bangalore
CUST_01696,53,M,Delhi
CUST_01697,66,F,Hyderabad
CUST_01698,56,F,Mumbai
CUST_01699,57,M,Mumbai
CUST_01700,52,M,Hyderabad
CUST_01701,71,F,Mumbai
CUST_01702,51,M,Hyderabad
CUST_01703,72,M,Mumbai
CUST_01704,64,F,Chennai
CUST_01705,41,F,Chennai
CUST_01706,71,F,Bangalore
CUST_01707,39,F,Mumbai
CUST_01708,22,F,Pune
CUST_01709,73,M,Hyderabad
CUST_01710,50,F,Mumbai
CUST_01711,53,F,Chennai
CUST_01712,64,F,Chennai
CUST_01713,37,M,Hyderabad
CUST_01714,36,M,Pune
CUST_01715,52,M,Mumbai
CUST_01716,69,M,Mumbai
CUST_01717,60,M,Pune
CUST_01718,34,F,Pune
CUST_01719,62,F,Pune
CUST_01720,60,M,Chennai
CUST_01721,51,F,Hyderabad
CUST_01722,26,M,Pune
CUST_01723,43,M,Hyderabad
CUST_01724,19,M,Bangalore
CUST_01725,70,M,Mumbai
CUST_01726,26,M,Mumbai
CUST_01727,26,M,Delhi
CUST_01728,57,M,Bangalore
CUST_01729,34,F,Pune
CUST_01730,18,M,Pune
CUST_01731,42,F,Chennai
CUST_01732,60,F,Bangalore
CUST_01733,57,F,Pune
CUST_01734,59,F,Delhi
CUST_01735,42,M,Hyderabad
CUST_01736,56,M,Mumbai
CUST_01737,52,F,Bangalore
CUST_01738,20,M,Mumbai
CUST_01739,67,F,Hyderabad
CUST_01740,54,F,Bangalore
CUST_01741,61,F,Hyderabad
CUST_01742,61,F,Pune
CUST_01743,68,Other,Pune
CUST_01744,47,F,Pune
CUST_01745,55,M,Hyderabad
CUST_01746,51,F,Hyderabad
CUST_01747,29,M,Hyderabad
CUST_01748,36,M,Mumbai
CUST_01749,54,F,Hyderabad
CUST_01750,61,M,Pune
CUST_01751,66,M,Delhi
CUST_01752,34,M,Hyderabad
CUST_01753,27,F,Delhi
CUST_01754,74,M,Pune
CUST_01755,72,F,Hyderabad
CUST_01756,66,M,Mumbai
CUST_01757,64,F,Mumbai
CUST_01758,29,F,Delhi
CUST_01759,33,M,Chennai
CUST_01760,41,M,Mumbai
CUST_01761,36,M,Mumbai
CUST_01762,25,F,Mumbai
CUST_01763,48,F,Pune
CUST_01764,38,F,Mumbai
CUST_01765,34,M,Bangalore
CUST_01766,40,F,Hyderabad
CUST_01767,54,F,Mumbai
CUST_01768,71,F,Chennai
CUST_01769,33,F,Chennai
CUST_01770,23,M,Mumbai
CUST_01771,25,M,Mumbai
CUST_01772,42,F,Bangalore
CUST_01773,35,F,Mumbai
CUST_01774,42,F,Mumbai
CUST_01775,29,M,Hyderabad
CUST_01776,32,M,Chennai
CUST_01777,43,M,Bangalore
CUST_01778,58,M,Chennai
CUST_01779,62,F,Bangalore
CUST_01780,43,F,Chennai
CUST_01781,64,M,Mumbai
CUST_01782,49,M,Chennai
CUST_01783,27,M,Chennai
CUST_01784,33,M,Bangalore
CUST_01785,24,F,Delhi
CUST_01786,34,F,Bangalore
CUST_01787,40,M,Bangalore
CUST_01788,43,F,Bangalore
CUST_01789,38,F,Pune
CUST_01790,39,F,Pune
CUST_01791,24,M,Pune
CUST_01792,31,F,Bangalore
CUST_01793,32,M,Delhi
CUST_01794,70,M,Bangalore
CUST_01795,24,M,Mumbai
CUST_01796,26,M,Delhi
CUST_01797,68,M,Pune
CUST_01798,65,M,Chennai
CUST_01799,25,M,Chennai
CUST_01800,67,F,Hyderabad
CUST_01801,40,F,Delhi
CUST_01802,46,M,Pune
CUST_01803,35,F,Delhi
CUST_01804,48,F,Delhi
CUST_01805,47,F,Chennai
CUST_01806,69,M,Bangalore
CUST_01807,56,F,Mumbai
CUST_01808,52,F,Hyderabad
CUST_01809,35,F,Pune
CUST_01810,59,M,Delhi
CUST_01811,56,M,Hyderabad
CUST_01812,34,F,Delhi
CUST_01813,31,M,Chennai
CUST_01814,48,M,Mumbai
CUST_01815,41,M,Chennai
CUST_01816,52,F,Hyderabad
CUST_01817,61,F,Pune
CUST_01818,62,M,Delhi
CUST_01819,51,F,Mumbai
CUST_01820,20,M,Chennai
CUST_01821,54,F,Hyderabad
CUST_01822,60,F,Chennai
CUST_01823,57,F,Delhi
CUST_01824,43,F,Delhi
CUST_01825,72,M,Pune
CUST_01826,40,F,Mumbai
CUST_01827,61,M,Bangalore
CUST_01828,56,F,Chennai
CUST_01829,32,F,Delhi
CUST_01830,73,F,Hyderabad
CUST_01831,66,M,Chennai
CUST_01832,21,F,Pune
CUST_01833,46,M,Pune
CUST_01834,39,M,Delhi
CUST_01835,42,F,Delhi
CUST_01836,30,M,Delhi
CUST_01837,35,F,Bangalore
CUST_01838,50,M,Delhi
CUST_01839,33,M,Chennai
CUST_01840,62,F,Chennai
CUST_01841,59,M,Mumbai
CUST_01842,61,M,Hyderabad
CUST_01843,19,F,Delhi
CUST_01844,72,M,Chennai
CUST_01845,52,F,Chennai
CUST_01846,59,M,Chennai
CUST_01847,51,F,Bangalore
CUST_01848,47,F,Hyderabad
CUST_01849,72,F,Pune
CUST_01850,30,M,Chennai
CUST_01851,30,F,Delhi
CUST_01852,35,F,Chennai
CUST_01853,49,F,Hyderabad
CUST_01854,49,M,Pune
CUST_01855,52,F,Bangalore
CUST_01856,56,F,Mumbai
CUST_01857,63,M,Delhi
CUST_01858,69,M,Mumbai
CUST_01859,46,F,Bangalore
CUST_01860,66,M,Hyderabad
CUST_01861,46,F,Hyderabad
CUST_01862,70,F,Bangalore
CUST_01863,61,F,Chennai
CUST_01864,74,M,Bangalore
CUST_01865,33,M,Delhi
CUST_01866,73,F,Pune
CUST_01867,61,M,Mumbai
CUST_01868,64,F,Mumbai
CUST_01869,74,M,Hyderabad
CUST_01870,27,M,Chennai
CUST_01871,47,M,Hyderabad
CUST_01872,42,M,Delhi
CUST_01873,56,F,Bangalore
CUST_01874,37,M,Mumbai
CUST_01875,22,M,Delhi
CUST_01876,18,M,Hyderabad
CUST_01877,47,M,Hyderabad
CUST_01878,66,M,Mumbai
CUST_01879,20,F,Hyderabad
CUST_01880,62,M,Chennai
CUST_01881,31,M,Hyderabad
CUST_01882,73,M,Pune
CUST_01883,47,Other,Bangalore
CUST_01884,67,M,Hyderabad
CUST_01885,21,M,Pune
CUST_01886,35,F,Delhi
CUST_01887,54,F,Hyderabad
CUST_01888,42,M,Chennai
CUST_01889,65,M,Delhi
CUST_01890,18,F,Hyderabad
CUST_01891,70,M,Mumbai
CUST_01892,63,F,Pune
CUST_01893,32,F,Pune
CUST_01894,26,M,Mumbai
CUST_01895,32,M,Bangalore
CUST_01896,66,M,Chennai
CUST_01897,74,F,Pune
CUST_01898,41,M,Delhi
CUST_01899,21,M,Chennai
CUST_01900,29,F,Pune
CUST_01901,54,Other,Bangalore
CUST_01902,54,M,Delhi
CUST_01903,60,F,Chennai
CUST_01904,23,M,Delhi
CUST_01905,56,M,Mumbai
CUST_01906,73,M,Hyderabad
CUST_01907,63,M,Mumbai
CUST_01908,41,M,Chennai
CUST_01909,28,M,Hyderabad
CUST_01910,30,F,Mumbai
CUST_01911,51,F,Hyderabad
CUST_01912,42,F,Pune
CUST_01913,24,M,Delhi
CUST_01914,69,M,Hyderabad
CUST_01915,21,M,Pune
CUST_01916,25,F,Bangalore
CUST_01917,37,F,Mumbai
CUST_01918,46,M,Bangalore
CUST_01919,71,M,Chennai
CUST_01920,70,M,Pune
CUST_01921,68,M,Bangalore
CUST_01922,62,M,Bangalore
CUST_01923,63,F,Pune
CUST_01924,27,F,Delhi
CUST_01925,60,M,Hyderabad
CUST_01926,51,M,Chennai
CUST_01927,74,Other,Chennai
CUST_01928,43,M,Mumbai
CUST_01929,58,M,Hyderabad
CUST_01930,66,M,Mumbai
CUST_01931,20,M,Chennai
CUST_01932,73,M,Hyderabad
CUST_01933,23,F,Bangalore
CUST_01934,22,M,Delhi
CUST_01935,22,M,Bangalore
CUST_01936,71,F,Delhi
CUST_01937,64,M,Pune
CUST_01938,40,F,Mumbai
CUST_01939,66,F,Mumbai
CUST_01940,26,M,Pune
CUST_01941,52,F,Hyderabad
CUST_01942,37,M,Pune
CUST_01943,66,Other,Chennai
CUST_01944,59,M,Pune
CUST_01945,52,Other,Delhi
CUST_01946,67,F,Chennai
CUST_01947,35,M,Pune
CUST_01948,34,M,Mumbai
CUST_01949,41,Other,Bangalore
CUST_01950,20,F,Delhi
CUST_01951,49,M,Delhi
CUST_01952,52,F,Hyderabad
CUST_01953,55,M,Bangalore
CUST_01954,30,M,Delhi
CUST_01955,73,M,Pune
CUST_01956,64,M,Delhi
CUST_01957,42,F,Delhi
CUST_01958,26,M,Delhi
CUST_01959,21,F,Hyderabad
CUST_01960,31,M,Delhi
CUST_01961,54,M,Delhi
CUST_01962,51,M,Hyderabad
CUST_01963,28,M,Chennai
CUST_01964,58,M,Bangalore
CUST_01965,73,M,Chennai
CUST_01966,20,F,Mumbai
CUST_01967,45,M,Hyderabad
CUST_01968,46,M,Hyderabad
CUST_01969,26,M,Delhi
CUST_01970,20,F,Delhi
CUST_01971,42,F,Mumbai
CUST_01972,51,M,Delhi
CUST_01973,29,M,Pune
CUST_01974,59,M,Delhi
CUST_01975,26,F,Delhi
CUST_01976,32,M,Pune
CUST_01977,57,M,Mumbai
CUST_01978,42,M,Pune
CUST_01979,22,M,Hyderabad
CUST_01980,28,M,Pune
CUST_01981,51,F,Bangalore
CUST_01982,41,M,Hyderabad
CUST_01983,32,F,Delhi
CUST_01984,55,M,Hyderabad
CUST_01985,25,M,Mumbai
CUST_01986,22,F,Mumbai
CUST_01987,65,M,Pune
CUST_01988,43,F,Hyderabad
CUST_01989,35,M,Delhi
CUST_01990,23,M,Mumbai
CUST_01991,54,F,Chennai
CUST_01992,65,M,Delhi
CUST_01993,30,F,Chennai
CUST_01994,45,M,Bangalore
CUST_01995,22,F,Chennai
CUST_01996,30,M,Mumbai
CUST_01997,34,M,Pune
CUST_01998,67,F,Bangalore
CUST_01999,57,F,Hyderabad
CUST_02000,62,F,Delhi
CUST_02001,49,F,Mumbai
CUST_02002,46,F,Bangalore
CUST_02003,68,M,Bangalore
CUST_02004,20,M,Mumbai
CUST_02005,73,M,Hyderabad
CUST_02006,57,M,Hyderabad
CUST_02007,51,M,Pune
CUST_02008,57,M,Chennai
CUST_02009,44,M,Hyderabad
CUST_02010,30,F,Pune
CUST_02011,62,M,Chennai
CUST_02012,50,M,Bangalore
CUST_02013,23,M,Mumbai
CUST_02014,41,F,Hyderabad
CUST_02015,36,F,Pune
CUST_02016,33,F,Bangalore
CUST_02017,57,M,Hyderabad
CUST_02018,45,M,Delhi
CUST_02019,50,M,Bangalore
CUST_02020,65,M,Hyderabad
CUST_02021,58,M,Bangalore
CUST_02022,30,M,Mumbai
CUST_02023,60,M,Mumbai
CUST_02024,62,F,Mumbai
CUST_02025,42,F,Chennai
CUST_02026,70,M,Delhi
CUST_02027,59,M,Mumbai
CUST_02028,53,M,Delhi
CUST_02029,44,M,Mumbai
CUST_02030,55,F,Chennai
CUST_02031,24,M,Bangalore
CUST_02032,22,F,Hyderabad
CUST_02033,60,M,Hyderabad
CUST_02034,62,Other,Mumbai
CUST_02035,74,M,Hyderabad
CUST_02036,68,F,Mumbai
CUST_02037,48,M,Mumbai
CUST_02038,40,F,Pune
CUST_02039,59,M,Pune
CUST_02040,27,M,Pune
CUST_02041,49,F,Delhi
CUST_02042,60,F,Pune
CUST_02043,70,F,Mumbai
CUST_02044,47,F,Chennai
CUST_02045,56,F,Chennai
CUST_02046,48,M,Bangalore
CUST_02047,35,M,Pune
CUST_02048,53,M,Chennai
CUST_02049,19,F,Pune
CUST_02050,31,M,Bangalore
CUST_02051,30,M,Chennai
CUST_02052,46,F,Mumbai
CUST_02053,29,F,Delhi
CUST_02054,56,M,Pune
CUST_02055,19,M,Chennai
CUST_02056,49,M,Chennai
CUST_02057,30,M,Bangalore
CUST_02058,63,M,Mumbai
CUST_02059,44,F,Hyderabad
CUST_02060,66,F,Chennai
CUST_02061,58,F,Delhi
CUST_02062,34,M,Bangalore
CUST_02063,57,F,Chennai
CUST_02064,48,M,Chennai
CUST_02065,51,M,Bangalore
CUST_02066,41,F,Bangalore
CUST_02067,62,M,Pune
CUST_02068,52,M,Chennai
CUST_02069,65,F,Hyderabad
CUST_02070,23,M,Delhi
CUST_02071,36,F,Mumbai
CUST_02072,47,M,Mumbai
CUST_02073,24,F,Hyderabad
CUST_02074,27,M,Bangalore
CUST_02075,58,M,Bangalore
CUST_02076,49,F,Bangalore
CUST_02077,51,M,Chennai
CUST_02078,45,M,Bangalore
CUST_02079,32,M,Bangalore
CUST_02080,47,M,Chennai
CUST_02081,54,M,Chennai
CUST_02082,46,M,Hyderabad
CUST_02083,39,F,Pune
CUST_02084,21,M,Chennai
CUST_02085,37,M,Delhi
CUST_02086,49,M,Bangalore
CUST_02087,53,M,Pune
CUST_02088,67,F,Mumbai
CUST_02089,21,M,Hyderabad
CUST_02090,44,F,Pune
CUST_02091,34,M,Chennai
CUST_02092,29,F,Bangalore
CUST_02093,39,M,Bangalore
CUST_02094,34,F,Bangalore
CUST_02095,27,F,Pune
CUST_02096,71,M,Bangalore
CUST_02097,18,M,Chennai
CUST_02098,39,M,Pune
CUST_02099,43,F,Bangalore
CUST_02100,73,M,Mumbai
CUST_02101,35,M,Mumbai
CUST_02102,67,F,Delhi
CUST_02103,31,M,Bangalore
CUST_02104,64,F,Bangalore
CUST_02105,46,F,Pune
CUST_02106,29,F,Pune
CUST_02107,53,F,Bangalore
CUST_02108,52,M,Delhi
CUST_02109,69,M,Bangalore
CUST_02110,29,M,Chennai
CUST_02111,24,M,Pune
CUST_02112,46,F,Bangalore
CUST_02113,28,F,Pune
CUST_02114,50,M,Bangalore
CUST_02115,23,M,Hyderabad
CUST_02116,64,F,Pune
CUST_02117,32,M,Delhi
CUST_02118,49,M,Hyderabad
CUST_02119,68,M,Chennai
CUST_02120,28,F,Bangalore
CUST_02121,40,F,Chennai
CUST_02122,43,F,Pune
CUST_02123,51,F,Hyderabad
CUST_02124,63,M,Chennai
CUST_02125,51,M,Delhi
CUST_02126,46,F,Pune
CUST_02127,21,M,Hyderabad
CUST_02128,34,F,Chennai
CUST_02129,52,F,Hyderabad
CUST_02130,30,F,Hyderabad
CUST_02131,58,F,Chennai
CUST_02132,56,F,Mumbai
CUST_02133,32,F,Bangalore
CUST_02134,72,M,Pune
CUST_02135,46,M,Pune
CUST_02136,46,M,Pune
CUST_02137,28,F,Hyderabad
CUST_02138,69,M,Chennai
CUST_02139,49,F,Bangalore
CUST_02140,19,M,Delhi
CUST_02141,64,F,Pune
CUST_02142,31,M,Chennai
CUST_02143,37,F,Bangalore
CUST_02144,39,M,Bangalore
CUST_02145,28,M,Mumbai
CUST_02146,44,M,Chennai
CUST_02147,20,F,Pune
CUST_02148,34,M,Hyderabad
CUST_02149,61,M,Bangalore
CUST_02150,73,F,Bangalore
CUST_02151,45,F,Delhi
CUST_02152,46,F,Mumbai
CUST_02153,38,M,Bangalore
CUST_02154,64,M,Bangalore
CUST_02155,33,F,Hyderabad
CUST_02156,54,M,Hyderabad
CUST_02157,37,F,Delhi
CUST_02158,23,M,Chennai
CUST_02159,36,M,Delhi
CUST_02160,74,M,Delhi
CUST_02161,22,M,Hyderabad
CUST_02162,20,M,Chennai
CUST_02163,18,M,Hyderabad
CUST_02164,55,F,Mumbai
CUST_02165,32,M,Pune
CUST_02166,51,F,Pune
CUST_02167,52,F,Mumbai
CUST_02168,66,F,Pune
CUST_02169,42,M,Chennai
CUST_02170,41,F,Hyderabad
CUST_02171,29,F,Pune
CUST_02172,35,F,Chennai
CUST_02173,32,F,Hyderabad
CUST_02174,61,F,Chennai
CUST_02175,33,F,Mumbai
CUST_02176,44,M,Delhi
CUST_02177,25,F,Mumbai
CUST_02178,63,M,Pune
CUST_02179,42,F,Hyderabad
CUST_02180,34,M,Chennai
CUST_02181,46,M,Pune
CUST_02182,70,F,Pune
CUST_02183,25,F,Delhi
CUST_02184,32,M,Pune
CUST_02185,44,M,Delhi
CUST_02186,63,F,Hyderabad
CUST_02187,67,M,Hyderabad
CUST_02188,69,F,Chennai
CUST_02189,24,M,Delhi
CUST_02190,20,F,Mumbai
CUST_02191,46,F,Hyderabad
CUST_02192,61,M,Chennai
CUST_02193,70,M,Mumbai
CUST_02194,41,M,Hyderabad
CUST_02195,20,F,Hyderabad
CUST_02196,37,M,Chennai
CUST_02197,63,F,Chennai
CUST_02198,32,M,Bangalore
CUST_02199,42,M,Pune
CUST_02200,47,M,Pune
CUST_02201,31,M,Mumbai
CUST_02202,24,F,Pune
CUST_02203,34,F,Mumbai
CUST_02204,61,F,Hyderabad
CUST_02205,37,M,Bangalore
CUST_02206,53,F,Bangalore
CUST_02207,26,F,Hyderabad
CUST_02208,55,F,Chennai
CUST_02209,65,M,Delhi
CUST_02210,74,M,Delhi
CUST_02211,39,M,Pune
CUST_02212,71,F,Chennai
CUST_02213,70,M,Mumbai
CUST_02214,70,M,Bangalore
CUST_02215,19,M,Pune
CUST_02216,41,F,Hyderabad
CUST_02217,25,F,Chennai
CUST_02218,28,M,Bangalore
CUST_02219,30,M,Mumbai
CUST_02220,34,F,Mumbai
CUST_02221,25,F,Delhi
CUST_02222,38,F,Pune
CUST_02223,35,F,Hyderabad
CUST_02224,47,F,Bangalore
CUST_02225,35,F,Mumbai
CUST_02226,63,M,Bangalore
CUST_02227,64,F,Hyderabad
CUST_02228,48,F,Bangalore
CUST_02229,55,F,Pune
CUST_02230,49,M,Delhi
CUST_02231,28,M,Bangalore
CUST_02232,62,M,Chennai
CUST_02233,42,M,Delhi
CUST_02234,50,M,Hyderabad
CUST_02235,55,F,Delhi
CUST_02236,58,M,Bangalore
CUST_02237,25,M,Bangalore
CUST_02238,28,M,Chennai
CUST_02239,39,F,Mumbai
CUST_02240,68,M,Chennai
CUST_02241,41,M,Bangalore
CUST_02242,58,F,Delhi
CUST_02243,34,M,Chennai
CUST_02244,29,F,Chennai
CUST_02245,74,F,Mumbai
CUST_02246,63,M,Bangalore
CUST_02247,49,M,Bangalore
CUST_02248,32,F,Hyderabad
CUST_02249,33,M,Mumbai
CUST_02250,71,M,Hyderabad
CUST_02251,39,M,Hyderabad
CUST_02252,45,F,Hyderabad
CUST_02253,37,M,Pune
CUST_02254,50,F,Hyderabad
CUST_02255,27,F,Chennai
CUST_02256,57,M,Delhi
CUST_02257,49,M,Chennai
CUST_02258,67,F,Chennai
CUST_02259,50,M,Bangalore
CUST_02260,19,F,Pune
CUST_02261,50,M,Hyderabad
CUST_02262,50,M,Bangalore
CUST_02263,58,M,Mumbai
CUST_02264,30,M,Mumbai
CUST_02265,47,M,Bangalore
CUST_02266,50,F,Delhi
CUST_02267,30,M,Bangalore
CUST_02268,69,M,Bangalore
CUST_02269,43,M,Pune
CUST_02270,39,F,Mumbai
CUST_02271,56,M,Mumbai
CUST_02272,19,F,Hyderabad
CUST_02273,55,M,Chennai
CUST_02274,56,M,Bangalore
CUST_02275,43,M,Bangalore
CUST_02276,63,F,Delhi
CUST_02277,67,M,Mumbai
CUST_02278,32,M,Delhi
CUST_02279,51,M,Pune
CUST_02280,59,F,Hyderabad
CUST_02281,72,M,Delhi
CUST_02282,61,M,Mumbai
CUST_02283,66,M,Pune
CUST_02284,57,M,Bangalore
CUST_02285,28,F,Pune
CUST_02286,20,F,Chennai
CUST_02287,23,M,Delhi
CUST_02288,26,M,Mumbai
CUST_02289,23,M,Delhi
CUST_02290,26,M,Bangalore
CUST_02291,56,M,Bangalore
CUST_02292,48,F,Mumbai
CUST_02293,49,F,Chennai
CUST_02294,58,F,Hyderabad
CUST_02295,67,F,Pune
CUST_02296,29,F,Pune
CUST_02297,25,F,Bangalore
CUST_02298,25,M,Delhi
CUST_02299,67,F,Delhi
CUST_02300,45,M,Chennai
CUST_02301,37,M,Hyderabad
CUST_02302,64,F,Delhi
CUST_02303,24,M,Pune
CUST_02304,28,M,Delhi
CUST_02305,37,F,Hyderabad
CUST_02306,33,M,Pune
CUST_02307,21,M,Delhi
CUST_02308,23,F,Pune
CUST_02309,39,F,Bangalore
CUST_02310,43,M,Bangalore
CUST_02311,20,M,Chennai
CUST_02312,58,M,Bangalore
CUST_02313,59,F,Delhi
CUST_02314,31,F,Hyderabad
CUST_02315,28,M,Pune
CUST_02316,35,M,Mumbai
CUST_02317,71,M,Bangalore
CUST_02318,29,F,Bangalore
CUST_02319,40,M,Mumbai
CUST_02320,29,F,Mumbai
CUST_02321,30,M,Delhi
CUST_02322,42,F,Pune
CUST_02323,62,F,Bangalore
CUST_02324,68,F,Hyderabad
CUST_02325,36,M,Delhi
CUST_02326,72,F,Delhi
CUST_02327,63,F,Hyderabad
CUST_02328,53,M,Hyderabad
CUST_02329,62,F,Chennai
CUST_02330,25,F,Hyderabad
CUST_02331,46,F,Mumbai
CUST_02332,72,F,Bangalore
CUST_02333,70,M,Chennai
CUST_02334,72,M,Mumbai
CUST_02335,49,M,Chennai
CUST_02336,68,F,Bangalore
CUST_02337,61,F,Chennai
CUST_02338,35,F,Mumbai
CUST_02339,23,M,Pune
CUST_02340,35,M,Bangalore
CUST_02341,36,F,Delhi
CUST_02342,39,M,Bangalore
CUST_02343,54,M,Bangalore
CUST_02344,49,F,Bangalore
CUST_02345,73,M,Pune
CUST_02346,58,M,Mumbai
CUST_02347,20,M,Delhi
CUST_02348,45,M,Mumbai
CUST_02349,27,Other,Chennai
CUST_02350,68,M,Chennai
CUST_02351,52,M,Chennai
CUST_02352,46,M,Mumbai
CUST_02353,71,F,Hyderabad
CUST_02354,32,M,Pune
CUST_02355,50,F,Hyderabad
CUST_02356,24,M,Chennai
CUST_02357,29,M,Pune
CUST_02358,66,M,Mumbai
CUST_02359,47,F,Chennai
CUST_02360,38,F,Mumbai
CUST_02361,48,M,Pune
CUST_02362,41,M,Mumbai
CUST_02363,37,F,Mumbai
CUST_02364,54,M,Delhi
CUST_02365,21,F,Hyderabad
CUST_02366,45,M,Hyderabad
CUST_02367,61,F,Hyderabad
CUST_02368,37,F,Bangalore
CUST_02369,41,F,Delhi
CUST_02370,67,F,Chennai
CUST_02371,66,M,Chennai
CUST_02372,68,F,Chennai
CUST_02373,49,M,Hyderabad
CUST_02374,58,M,Hyderabad
CUST_02375,53,F,Delhi
CUST_02376,70,F,Mumbai
CUST_02377,51,F,Hyderabad
CUST_02378,53,M,Chennai
CUST_02379,19,F,Mumbai
CUST_02380,32,F,Hyderabad
CUST_02381,51,M,Pune
CUST_02382,53,M,Bangalore
CUST_02383,23,M,Hyderabad
CUST_02384,56,M,Pune
CUST_02385,59,Other,Delhi
CUST_02386,68,F,Pune
CUST_02387,68,F,Delhi
CUST_02388,71,F,Hyderabad
CUST_02389,29,M,Delhi
CUST_02390,20,F,Pune
CUST_02391,62,M,Bangalore
CUST_02392,35,F,Mumbai
CUST_02393,57,M,Mumbai
CUST_02394,38,F,Bangalore
CUST_02395,32,M,Chennai
CUST_02396,50,M,Mumbai
CUST_02397,52,F,Hyderabad
CUST_02398,43,M,Chennai
CUST_02399,25,F,Hyderabad
CUST_02400,53,M,Pune
CUST_02401,65,F,Pune
CUST_02402,47,M,Chennai
CUST_02403,40,M,Chennai
CUST_02404,59,M,Chennai
CUST_02405,61,M,Chennai
CUST_02406,31,M,Delhi
CUST_02407,31,M,Chennai
CUST_02408,19,M,Chennai
CUST_02409,72,M,Pune
CUST_02410,54,F,Hyderabad
CUST_02411,22,F,Pune
CUST_02412,55,M,Mumbai
CUST_02413,62,F,Delhi
CUST_02414,58,F,Delhi
CUST_02415,71,M,Hyderabad
CUST_02416,64,F,Chennai
CUST_02417,31,M,Pune
CUST_02418,73,M,Mumbai
CUST_02419,56,M,Pune
CUST_02420,42,F,Chennai
CUST_02421,37,F,Chennai
CUST_02422,19,M,Bangalore
CUST_02423,56,M,Pune
CUST_02424,23,F,Hyderabad
CUST_02425,34,M,Pune
CUST_02426,42,M,Delhi
CUST_02427,74,F,Mumbai
CUST_02428,45,F,Hyderabad
CUST_02429,19,F,Bangalore
CUST_02430,52,F,Mumbai
CUST_02431,54,F,Mumbai
CUST_02432,22,M,Delhi
CUST_02433,18,M,Delhi
CUST_02434,57,M,Delhi
CUST_02435,29,F,Hyderabad
CUST_02436,73,F,Pune
CUST_02437,53,M,Mumbai
CUST_02438,62,F,Pune
CUST_02439,40,M,Pune
CUST_02440,64,M,Delhi
CUST_02441,48,M,Pune
CUST_02442,28,M,Mumbai
CUST_02443,27,F,Mumbai
CUST_02444,20,M,Chennai
CUST_02445,71,F,Bangalore
CUST_02446,31,F,Hyderabad
CUST_02447,33,M,Pune
CUST_02448,27,F,Hyderabad
CUST_02449,46,M,Hyderabad
CUST_02450,27,M,Hyderabad
CUST_02451,29,M,Chennai
CUST_02452,47,F,Hyderabad
CUST_02453,58,M,Chennai
CUST_02454,18,M,Mumbai
CUST_02455,22,M,Pune
CUST_02456,37,M,Chennai
CUST_02457,25,F,Bangalore
CUST_02458,60,M,Hyderabad
CUST_02459,29,M,Bangalore
CUST_02460,18,M,Mumbai
CUST_02461,74,M,Mumbai
CUST_02462,71,F,Delhi
CUST_02463,37,M,Hyderabad
CUST_02464,45,Other,Delhi
CUST_02465,74,M,Bangalore
CUST_02466,60,M,Pune
CUST_02467,54,F,Delhi
CUST_02468,64,M,Mumbai
CUST_02469,54,F,Hyderabad
CUST_02470,29,Other,Bangalore
CUST_02471,54,M,Chennai
CUST_02472,66,M,Mumbai
CUST_02473,66,F,Chennai
CUST_02474,73,M,Pune
CUST_02475,61,M,Hyderabad
CUST_02476,73,M,Pune
CUST_02477,45,M,Pune
CUST_02478,64,F,Hyderabad
CUST_02479,32,M,Hyderabad
CUST_02480,23,M,Chennai
CUST_02481,61,F,Pune
CUST_02482,37,M,Bangalore
CUST_02483,67,M,Chennai
CUST_02484,31,F,Hyderabad
CUST_02485,19,M,Mumbai
CUST_02486,26,F,Chennai
CUST_02487,54,F,Delhi
CUST_02488,37,M,Bangalore
CUST_02489,43,M,Chennai
CUST_02490,46,M,Hyderabad
CUST_02491,18,M,Hyderabad
CUST_02492,72,F,Bangalore
CUST_02493,52,F,Delhi
CUST_02494,23,M,Chennai
CUST_02495,54,F,Chennai
CUST_02496,70,F,Pune
CUST_02497,22,F,Mumbai
CUST_02498,50,M,Hyderabad
CUST_02499,66,M,Chennai
CUST_02500,68,M,Chennai
CUST_02501,31,F,Chennai
CUST_02502,29,M,Delhi
CUST_02503,59,F,Mumbai
CUST_02504,37,M,Chennai
CUST_02505,70,M,Bangalore
CUST_02506,67,M,Hyderabad
CUST_02507,41,Other,Pune
CUST_02508,60,M,Bangalore
CUST_02509,51,F,Hyderabad
CUST_02510,42,M,Delhi
CUST_02511,67,M,Mumbai
CUST_02512,46,M,Mumbai
CUST_02513,74,M,Hyderabad
CUST_02514,56,M,Bangalore
CUST_02515,48,M,Pune
CUST_02516,73,M,Delhi
CUST_02517,64,M,Hyderabad
CUST_02518,60,F,Delhi
CUST_02519,67,F,Mumbai
CUST_02520,40,M,Chennai
CUST_02521,61,F,Chennai
CUST_02522,55,F,Pune
CUST_02523,37,M,Delhi
CUST_02524,40,F,Hyderabad
CUST_02525,62,F,Pune
CUST_02526,69,M,Bangalore
CUST_02527,33,M,Chennai
CUST_02528,67,F,Hyderabad
CUST_02529,59,M,Delhi
CUST_02530,72,M,Pune
CUST_02531,25,M,Hyderabad
CUST_02532,67,M,Pune
CUST_02533,38,F,Pune
CUST_02534,18,F,Pune
CUST_02535,72,Other,Delhi
CUST_02536,25,M,Hyderabad
CUST_02537,46,M,Mumbai
CUST_02538,49,M,Mumbai
CUST_02539,55,M,Delhi
CUST_02540,22,M,Delhi
CUST_02541,64,F,Chennai
CUST_02542,39,F,Pune
CUST_02543,64,M,Hyderabad
CUST_02544,51,F,Hyderabad
CUST_02545,18,M,Bangalore
CUST_02546,72,M,Bangalore
CUST_02547,72,F,Mumbai
CUST_02548,43,M,Bangalore
CUST_02549,60,Other,Bangalore
CUST_02550,27,F,Mumbai
CUST_02551,47,M,Chennai
CUST_02552,67,F,Mumbai
CUST_02553,35,M,Bangalore
CUST_02554,34,M,Hyderabad
CUST_02555,43,M,Bangalore
CUST_02556,25,M,Pune
CUST_02557,64,F,Pune
CUST_02558,57,M,Pune
CUST_02559,66,F,Chennai
CUST_02560,29,F,Delhi
CUST_02561,44,M,Pune
CUST_02562,25,F,Hyderabad
CUST_02563,42,M,Chennai
CUST_02564,63,M,Delhi
CUST_02565,21,M,Delhi
CUST_02566,50,M,Pune
CUST_02567,18,M,Bangalore
CUST_02568,36,F,Mumbai
CUST_02569,48,M,Bangalore
CUST_02570,33,M,Bangalore
CUST_02571,31,F,Delhi
CUST_02572,70,F,Delhi
CUST_02573,65,F,Chennai
CUST_02574,22,M,Chennai
CUST_02575,58,F,Delhi
CUST_02576,43,F,Hyderabad
CUST_02577,45,F,Hyderabad
CUST_02578,19,F,Mumbai
CUST_02579,67,M,Delhi
CUST_02580,23,M,Pune
CUST_02581,26,M,Chennai
CUST_02582,50,M,Delhi
CUST_02583,58,F,Hyderabad
CUST_02584,42,M,Delhi
CUST_02585,65,F,Hyderabad
CUST_02586,30,F,Delhi
CUST_02587,26,M,Pune
CUST_02588,70,M,Mumbai
CUST_02589,30,F,Pune
CUST_02590,48,F,Hyderabad
CUST_02591,58,M,Chennai
CUST_02592,28,M,Chennai
CUST_02593,21,M,Bangalore
CUST_02594,51,F,Pune
CUST_02595,55,M,Delhi
CUST_02596,63,F,Mumbai
CUST_02597,21,M,Delhi
CUST_02598,55,M,Delhi
CUST_02599,36,M,Pune
CUST_02600,23,M,Mumbai
CUST_02601,51,M,Bangalore
CUST_02602,35,M,Delhi
CUST_02603,30,M,Mumbai
CUST_02604,58,M,Bangalore
CUST_02605,40,M,Delhi
CUST_02606,36,F,Mumbai
CUST_02607,62,M,Pune
CUST_02608,28,M,Chennai
CUST_02609,18,F,Chennai
CUST_02610,41,Other,Delhi
CUST_02611,71,M,Delhi
CUST_02612,24,F,Mumbai
CUST_02613,42,F,Chennai
CUST_02614,38,F,Delhi
CUST_02615,32,M,Bangalore
CUST_02616,18,F,Delhi
CUST_02617,29,M,Chennai
CUST_02618,24,F,Hyderabad
CUST_02619,32,F,Chennai
CUST_02620,38,M,Bangalore
CUST_02621,36,F,Mumbai
CUST_02622,46,M,Bangalore
CUST_02623,42,F,Hyderabad
CUST_02624,50,M,Hyderabad
CUST_02625,66,M,Delhi
CUST_02626,49,M,Delhi
CUST_02627,66,F,Chennai
CUST_02628,52,M,Pune
CUST_02629,61,M,Bangalore
CUST_02630,55,M,Chennai
CUST_02631,43,F,Pune
CUST_02632,28,M,Chennai
CUST_02633,52,M,Hyderabad
CUST_02634,25,M,Delhi
CUST_02635,63,M,Delhi
CUST_02636,31,M,Chennai
CUST_02637,27,M,Delhi
CUST_02638,19,F,Mumbai
CUST_02639,63,M,Chennai
CUST_02640,26,M,Hyderabad
CUST_02641,20,M,Chennai
CUST_02642,38,F,Chennai
CUST_02643,43,F,Delhi
CUST_02644,25,F,Hyderabad
CUST_02645,65,M,Chennai
CUST_02646,19,M,Delhi
CUST_02647,23,M,Bangalore
CUST_02648,45,M,Hyderabad
CUST_02649,70,M,Pune
CUST_02650,46,F,Mumbai
CUST_02651,43,F,Pune
CUST_02652,42,F,Hyderabad
CUST_02653,29,M,Chennai
CUST_02654,22,F,Delhi
CUST_02655,51,M,Hyderabad
CUST_02656,65,M,Mumbai
CUST_02657,54,F,Hyderabad
CUST_02658,32,M,Delhi
CUST_02659,61,M,Pune
CUST_02660,53,M,Bangalore
CUST_02661,32,F,Pune
CUST_02662,60,F,Delhi
CUST_02663,65,M,Delhi
CUST_02664,40,F,Mumbai
CUST_02665,23,M,Hyderabad
CUST_02666,63,M,Hyderabad
CUST_02667,67,F,Pune
CUST_02668,61,F,Bangalore
CUST_02669,60,Other,Bangalore
CUST_02670,62,M,Mumbai
CUST_02671,38,F,Delhi
CUST_02672,40,F,Mumbai
CUST_02673,60,F,Hyderabad
CUST_02674,72,M,Chennai
CUST_02675,33,F,Chennai
CUST_02676,64,F,Chennai
CUST_02677,70,M,Delhi
CUST_02678,32,M,Mumbai
CUST_02679,42,M,Pune
CUST_02680,53,F,Hyderabad
CUST_02681,28,F,Chennai
CUST_02682,68,F,Bangalore
CUST_02683,32,F,Mumbai
CUST_02684,21,M,Hyderabad
CUST_02685,38,M,Hyderabad
CUST_02686,30,M,Bangalore
CUST_02687,39,M,Bangalore
CUST_02688,36,M,Bangalore
CUST_02689,51,M,Chennai
CUST_02690,31,M,Chennai
CUST_02691,21,M,Mumbai
CUST_02692,65,M,Bangalore
CUST_02693,70,M,Pune
CUST_02694,69,M,Hyderabad
CUST_02695,63,F,Bangalore
CUST_02696,44,F,Hyderabad
CUST_02697,46,F,Delhi
CUST_02698,64,M,Delhi
CUST_02699,45,F,Bangalore
CUST_02700,52,F,Hyderabad
CUST_02701,25,F,Delhi
CUST_02702,33,M,Bangalore
CUST_02703,59,F,Hyderabad
CUST_02704,53,F,Bangalore
CUST_02705,47,F,Chennai
CUST_02706,35,F,Hyderabad
CUST_02707,19,M,Delhi
CUST_02708,66,M,Bangalore
CUST_02709,30,M,Delhi
CUST_02710,21,F,Bangalore
CUST_02711,43,M,Mumbai
CUST_02712,42,M,Delhi
CUST_02713,47,M,Delhi
CUST_02714,28,M,Pune
CUST_02715,24,M,Chennai
CUST_02716,48,F,Delhi
CUST_02717,61,F,Hyderabad
CUST_02718,27,M,Bangalore
CUST_02719,56,M,Mumbai
CUST_02720,30,M,Hyderabad
CUST_02721,48,F,Hyderabad
CUST_02722,24,M,Hyderabad
CUST_02723,73,M,Hyderabad
CUST_02724,66,M,Mumbai
CUST_02725,59,F,Pune
CUST_02726,59,F,Chennai
CUST_02727,73,F,Delhi
CUST_02728,53,F,Hyderabad
CUST_02729,37,M,Delhi
CUST_02730,21,M,Delhi
CUST_02731,71,M,Hyderabad
CUST_02732,24,M,Pune
CUST_02733,71,M,Delhi
CUST_02734,18,M,Bangalore
CUST_02735,61,M,Delhi
CUST_02736,73,F,Chennai
CUST_02737,62,F,Hyderabad
CUST_02738,59,F,Mumbai
CUST_02739,64,F,Delhi
CUST_02740,30,M,Pune
CUST_02741,72,F,Bangalore
CUST_02742,39,M,Bangalore
CUST_02743,71,F,Mumbai
CUST_02744,38,M,Chennai
CUST_02745,39,Other,Mumbai
CUST_02746,45,M,Chennai
CUST_02747,26,M,Delhi
CUST_02748,43,F,Hyderabad
CUST_02749,26,M,Pune
CUST_02750,32,F,Bangalore
CUST_02751,27,F,Mumbai
CUST_02752,41,F,Pune
CUST_02753,74,F,Chennai
CUST_02754,59,F,Hyderabad
CUST_02755,25,M,Bangalore
CUST_02756,41,F,Bangalore
CUST_02757,33,F,Chennai
CUST_02758,66,F,Hyderabad
CUST_02759,43,M,Bangalore
CUST_02760,44,F,Hyderabad
CUST_02761,54,Other,Bangalore
CUST_02762,21,F,Delhi
CUST_02763,67,M,Chennai
CUST_02764,41,M,Hyderabad
CUST_02765,36,M,Pune
CUST_02766,53,F,Delhi
CUST_02767,56,F,Pune
CUST_02768,27,M,Chennai
CUST_02769,42,M,Bangalore
CUST_02770,35,M,Pune
CUST_02771,36,M,Delhi
CUST_02772,53,F,Hyderabad
CUST_02773,27,F,Mumbai
CUST_02774,50,M,Pune
CUST_02775,72,M,Mumbai
CUST_02776,67,M,Chennai
CUST_02777,22,F,Pune
CUST_02778,64,M,Pune
CUST_02779,66,M,Hyderabad
CUST_02780,52,M,Bangalore
CUST_02781,61,F,Delhi
CUST_02782,51,F,Delhi
CUST_02783,50,F,Delhi
CUST_02784,72,M,Chennai
CUST_02785,38,M,Bangalore
CUST_02786,34,M,Mumbai
CUST_02787,39,F,Delhi
CUST_02788,65,M,Mumbai
CUST_02789,54,F,Bangalore
CUST_02790,32,F,Chennai
CUST_02791,52,F,Bangalore
CUST_02792,45,M,Hyderabad
CUST_02793,24,M,Delhi
CUST_02794,49,M,Chennai
CUST_02795,28,F,Hyderabad
CUST_02796,27,F,Delhi
CUST_02797,26,M,Bangalore
CUST_02798,31,M,Bangalore
CUST_02799,30,F,Pune
CUST_02800,74,F,Pune
CUST_02801,42,M,Bangalore
CUST_02802,19,F,Bangalore
CUST_02803,52,M,Mumbai
CUST_02804,24,M,Mumbai
CUST_02805,38,F,Hyderabad
CUST_02806,35,F,Pune
CUST_02807,20,F,Pune
CUST_02808,59,M,Bangalore
CUST_02809,71,F,Bangalore
CUST_02810,56,M,Hyderabad
CUST_02811,58,M,Chennai
CUST_02812,66,M,Chennai
CUST_02813,28,M,Chennai
CUST_02814,56,F,Pune
CUST_02815,41,F,Mumbai
CUST_02816,63,M,Chennai
CUST_02817,36,M,Delhi
CUST_02818,21,M,Hyderabad
CUST_02819,43,M,Chennai
CUST_02820,55,F,Delhi
CUST_02821,59,F,Chennai
CUST_02822,49,M,Mumbai
CUST_02823,56,M,Mumbai
CUST_02824,62,F,Chennai
CUST_02825,63,F,Delhi
CUST_02826,53,M,Hyderabad
CUST_02827,57,M,Delhi
CUST_02828,54,F,Hyderabad
CUST_02829,50,M,Chennai
CUST_02830,53,M,Hyderabad
CUST_02831,20,F,Bangalore
CUST_02832,26,F,Pune
CUST_02833,25,F,Pune
CUST_02834,50,F,Mumbai
CUST_02835,23,F,Bangalore
CUST_02836,58,M,Pune
CUST_02837,56,M,Chennai
CUST_02838,21,M,Hyderabad
CUST_02839,30,M,Hyderabad
CUST_02840,66,F,Delhi
CUST_02841,19,F,Delhi
CUST_02842,22,F,Hyderabad
CUST_02843,61,F,Chennai
CUST_02844,44,M,Hyderabad
CUST_02845,49,M,Delhi
CUST_02846,38,F,Pune
CUST_02847,25,F,Mumbai
CUST_02848,55,F,Delhi
CUST_02849,25,F,Chennai
CUST_02850,67,F,Pune
CUST_02851,20,F,Pune
CUST_02852,71,M,Pune
CUST_02853,61,F,Bangalore
CUST_02854,20,F,Bangalore
CUST_02855,39,M,Pune
CUST_02856,23,F,Chennai
CUST_02857,19,M,Hyderabad
CUST_02858,40,F,Chennai
CUST_02859,61,M,Bangalore
CUST_02860,19,F,Delhi
CUST_02861,55,M,Bangalore
CUST_02862,34,F,Hyderabad
CUST_02863,52,M,Mumbai
CUST_02864,51,M,Bangalore
CUST_02865,40,M,Chennai
CUST_02866,47,F,Chennai
CUST_02867,69,M,Pune
CUST_02868,25,M,Pune
CUST_02869,39,F,Pune
CUST_02870,61,M,Mumbai
CUST_02871,53,F,Hyderabad
CUST_02872,22,M,Delhi
CUST_02873,30,F,Chennai
CUST_02874,46,M,Chennai
CUST_02875,48,M,Hyderabad
CUST_02876,64,F,Mumbai
CUST_02877,74,F,Pune
CUST_02878,72,F,Hyderabad
CUST_02879,33,M,Delhi
CUST_02880,59,M,Pune
CUST_02881,47,M,Delhi
CUST_02882,74,Other,Bangalore
CUST_02883,72,M,Delhi
CUST_02884,33,M,Pune
CUST_02885,29,M,Bangalore
CUST_02886,34,F,Pune
CUST_02887,33,M,Chennai
CUST_02888,29,F,Pune
CUST_02889,25,M,Bangalore
CUST_02890,37,F,Delhi
CUST_02891,20,M,Chennai
CUST_02892,33,F,Mumbai
CUST_02893,47,F,Mumbai
CUST_02894,62,M,Mumbai
CUST_02895,40,F,Mumbai
CUST_02896,45,M,Hyderabad
CUST_02897,68,F,Mumbai
CUST_02898,57,F,Bangalore
CUST_02899,71,M,Mumbai
CUST_02900,22,M,Pune
CUST_02901,37,M,Mumbai
CUST_02902,57,M,Delhi
CUST_02903,73,M,Bangalore
CUST_02904,61,M,Bangalore
CUST_02905,18,M,Chennai
CUST_02906,74,F,Hyderabad
CUST_02907,47,M,Pune
CUST_02908,38,M,Bangalore
CUST_02909,37,F,Delhi
CUST_02910,23,M,Mumbai
CUST_02911,39,M,Bangalore
CUST_02912,35,M,Delhi
CUST_02913,25,F,Mumbai
CUST_02914,56,F,Hyderabad
CUST_02915,49,M,Bangalore
CUST_02916,50,F,Bangalore
CUST_02917,70,M,Delhi
CUST_02918,33,F,Chennai
CUST_02919,29,F,Pune
CUST_02920,55,F,Hyderabad
CUST_02921,69,M,Pune
CUST_02922,51,M,Bangalore
CUST_02923,31,M,Pune
CUST_02924,53,F,Mumbai
CUST_02925,50,F,Hyderabad
CUST_02926,40,F,Pune
CUST_02927,67,Other,Mumbai
CUST_02928,62,M,Delhi
CUST_02929,19,F,Pune
CUST_02930,58,F,Hyderabad
CUST_02931,38,F,Mumbai
CUST_02932,19,Other,Pune
CUST_02933,44,F,Delhi
CUST_02934,74,M,Pune
CUST_02935,26,F,Mumbai
CUST_02936,18,M,Pune
CUST_02937,28,F,Hyderabad
CUST_02938,20,F,Bangalore
CUST_02939,69,M,Mumbai
CUST_02940,40,F,Mumbai
CUST_02941,43,M,Mumbai
CUST_02942,21,M,Mumbai
CUST_02943,35,M,Pune
CUST_02944,72,F,Hyderabad
CUST_02945,23,F,Delhi
CUST_02946,52,F,Hyderabad
CUST_02947,39,M,Mumbai
CUST_02948,60,F,Chennai
CUST_02949,32,F,Pune
CUST_02950,39,M,Chennai
CUST_02951,54,M,Pune
CUST_02952,69,M,Mumbai
CUST_02953,59,F,Pune
CUST_02954,29,F,Mumbai
CUST_02955,64,F,Hyderabad
CUST_02956,66,M,Bangalore
CUST_02957,59,F,Pune
CUST_02958,55,M,Mumbai
CUST_02959,35,M,Chennai
CUST_02960,62,F,Mumbai
CUST_02961,52,M,Chennai
CUST_02962,47,F,Pune
CUST_02963,41,M,Delhi
CUST_02964,59,F,Chennai
CUST_02965,47,M,Mumbai
CUST_02966,31,F,Pune
CUST_02967,23,M,Mumbai
CUST_02968,20,M,Delhi
CUST_02969,33,F,Bangalore
CUST_02970,24,M,Delhi
CUST_02971,69,F,Hyderabad
CUST_02972,31,Other,Pune
CUST_02973,26,M,Delhi
CUST_02974,32,M,Bangalore
CUST_02975,38,F,Mumbai
CUST_02976,52,F,Pune
CUST_02977,19,F,Chennai
CUST_02978,44,M,Delhi
CUST_02979,19,F,Bangalore
CUST_02980,52,M,Delhi
CUST_02981,35,F,Hyderabad
CUST_02982,31,F,Pune
CUST_02983,37,M,Mumbai
CUST_02984,35,M,Bangalore
CUST_02985,27,M,Delhi
CUST_02986,42,M,Pune
CUST_02987,19,F,Delhi
CUST_02988,42,M,Pune
CUST_02989,71,M,Hyderabad
CUST_02990,50,M,Delhi
CUST_02991,53,Other,Hyderabad
CUST_02992,48,F,Chennai
CUST_02993,31,M,Chennai
CUST_02994,18,M,Bangalore
CUST_02995,63,Other,Hyderabad
CUST_02996,33,F,Pune
CUST_02997,71,M,Bangalore
CUST_02998,63,M,Delhi
CUST_02999,69,M,Delhi
CUST_03000,20,M,Pune
CUST_03001,52,F,Mumbai
CUST_03002,58,F,Mumbai
CUST_03003,23,M,Delhi
CUST_03004,42,F,Pune
CUST_03005,30,M,Mumbai
CUST_03006,70,F,Hyderabad
CUST_03007,51,F,Delhi
CUST_03008,25,M,Chennai
CUST_03009,38,M,Hyderabad
CUST_03010,51,F,Pune
CUST_03011,21,M,Chennai
CUST_03012,42,M,Hyderabad
CUST_03013,32,M,Mumbai
CUST_03014,21,Other,Mumbai
CUST_03015,62,M,Chennai
CUST_03016,29,F,Bangalore
CUST_03017,49,M,Delhi
CUST_03018,49,F,Chennai
CUST_03019,45,F,Pune
CUST_03020,30,F,Delhi
CUST_03021,48,M,Hyderabad
CUST_03022,31,F,Pune
CUST_03023,37,F,Pune
CUST_03024,35,M,Mumbai
CUST_03025,46,M,Hyderabad
CUST_03026,23,M,Mumbai
CUST_03027,49,M,Mumbai
CUST_03028,46,F,Bangalore
CUST_03029,60,M,Mumbai
CUST_03030,19,M,Delhi
CUST_03031,40,F,Pune
CUST_03032,36,M,Mumbai
CUST_03033,48,M,Chennai
CUST_03034,68,M,Delhi
CUST_03035,22,F,Hyderabad
CUST_03036,36,F,Pune
CUST_03037,51,F,Chennai
CUST_03038,27,M,Chennai
CUST_03039,42,F,Hyderabad
CUST_03040,19,M,Chennai
CUST_03041,28,M,Delhi
CUST_03042,67,M,Hyderabad
CUST_03043,48,F,Chennai
CUST_03044,73,M,Hyderabad
CUST_03045,32,M,Hyderabad
CUST_03046,26,M,Mumbai
CUST_03047,40,M,Mumbai
CUST_03048,36,F,Mumbai
CUST_03049,26,M,Chennai
CUST_03050,52,F,Pune
CUST_03051,38,M,Delhi
CUST_03052,26,F,Chennai
CUST_03053,45,F,Mumbai
CUST_03054,63,M,Hyderabad
CUST_03055,68,M,Chennai
CUST_03056,24,F,Hyderabad
CUST_03057,33,F,Hyderabad
CUST_03058,33,M,Hyderabad
CUST_03059,50,M,Bangalore
CUST_03060,21,F,Pune
CUST_03061,21,F,Delhi
CUST_03062,56,M,Delhi
CUST_03063,57,M,Mumbai
CUST_03064,34,M,Bangalore
CUST_03065,54,F,Chennai
CUST_03066,56,M,Chennai
CUST_03067,69,Other,Delhi
CUST_03068,46,M,Pune
CUST_03069,69,M,Hyderabad
CUST_03070,53,F,Mumbai
CUST_03071,55,F,Pune
CUST_03072,56,F,Delhi
CUST_03073,67,M,Bangalore
CUST_03074,54,F,Mumbai
CUST_03075,69,F,Delhi
CUST_03076,52,M,Chennai
CUST_03077,24,M,Mumbai
CUST_03078,44,M,Delhi
CUST_03079,45,M,Chennai
CUST_03080,39,F,Chennai
CUST_03081,31,M,Hyderabad
CUST_03082,24,F,Bangalore
CUST_03083,54,M,Hyderabad
CUST_03084,39,F,Delhi
CUST_03085,22,M,Pune
CUST_03086,72,M,Hyderabad
CUST_03087,19,M,Pune
CUST_03088,44,M,Chennai
CUST_03089,38,F,Delhi
CUST_03090,71,M,Bangalore
CUST_03091,55,F,Pune
CUST_03092,32,M,Delhi
CUST_03093,38,M,Pune
CUST_03094,27,M,Hyderabad
CUST_03095,40,F,Delhi
CUST_03096,73,F,Hyderabad
CUST_03097,56,M,Mumbai
CUST_03098,22,M,Delhi
CUST_03099,18,M,Pune
CUST_03100,30,Other,Mumbai
CUST_03101,38,F,Hyderabad
CUST_03102,43,M,Hyderabad
CUST_03103,67,F,Pune
CUST_03104,62,M,Mumbai
CUST_03105,38,F,Chennai
CUST_03106,70,M,Bangalore
CUST_03107,35,F,Pune
CUST_03108,54,M,Hyderabad
CUST_03109,62,F,Delhi
CUST_03110,49,F,Mumbai
CUST_03111,53,F,Chennai
CUST_03112,34,F,Bangalore
CUST_03113,52,F,Delhi
CUST_03114,66,M,Mumbai
CUST_03115,28,M,Chennai
CUST_03116,38,M,Pune
CUST_03117,69,Other,Chennai
CUST_03118,72,M,Pune
CUST_03119,70,F,Mumbai
CUST_03120,43,F,Chennai
CUST_03121,21,M,Bangalore
CUST_03122,51,M,Chennai
CUST_03123,69,M,Mumbai
CUST_03124,65,M,Delhi
CUST_03125,35,M,Delhi
CUST_03126,57,M,Chennai
CUST_03127,52,F,Chennai
CUST_03128,58,F,Pune
CUST_03129,46,M,Mumbai
CUST_03130,69,M,Pune
CUST_03131,46,M,Bangalore
CUST_03132,55,F,Delhi
CUST_03133,59,F,Hyderabad
CUST_03134,38,M,Hyderabad
CUST_03135,59,M,Mumbai
CUST_03136,30,F,Mumbai
CUST_03137,66,F,Hyderabad
CUST_03138,58,M,Mumbai
CUST_03139,34,F,Delhi
CUST_03140,73,M,Bangalore
CUST_03141,26,M,Bangalore
CUST_03142,58,F,Pune
CUST_03143,18,F,Delhi
CUST_03144,19,M,Mumbai
CUST_03145,65,F,Mumbai
CUST_03146,46,M,Pune
CUST_03147,50,F,Pune
CUST_03148,27,M,Mumbai
CUST_03149,67,F,Mumbai
CUST_03150,57,F,Delhi
CUST_03151,38,M,Pune
CUST_03152,45,F,Delhi
CUST_03153,28,F,Chennai
CUST_03154,72,F,Mumbai
CUST_03155,51,M,Hyderabad
CUST_03156,25,F,Hyderabad
CUST_03157,39,F,Chennai
CUST_03158,25,M,Mumbai
CUST_03159,66,F,Pune
CUST_03160,32,M,Hyderabad
CUST_03161,34,M,Pune
CUST_03162,40,M,Hyderabad
CUST_03163,41,F,Pune
CUST_03164,62,F,Hyderabad
CUST_03165,36,M,Pune
CUST_03166,22,F,Chennai
CUST_03167,49,M,Delhi
CUST_03168,61,M,Pune
CUST_03169,18,M,Delhi
CUST_03170,40,F,Delhi
CUST_03171,54,F,Mumbai
CUST_03172,25,F,Chennai
CUST_03173,30,F,Delhi
CUST_03174,25,M,Bangalore
CUST_03175,74,M,Delhi
CUST_03176,40,M,Pune
CUST_03177,60,M,Delhi
CUST_03178,18,M,Pune
CUST_03179,62,F,Pune
CUST_03180,68,M,Bangalore
CUST_03181,41,F,Delhi
CUST_03182,52,M,Delhi
CUST_03183,41,M,Hyderabad
CUST_03184,34,F,Hyderabad
CUST_03185,22,M,Mumbai
CUST_03186,37,F,Pune
CUST_03187,38,F,Bangalore
CUST_03188,57,M,Hyderabad
CUST_03189,48,F,Delhi
CUST_03190,63,M,Mumbai
CUST_03191,53,M,Bangalore
CUST_03192,28,F,Chennai
CUST_03193,69,M,Delhi
CUST_03194,32,F,Delhi
CUST_03195,36,F,Chennai
CUST_03196,24,F,Pune
CUST_03197,68,M,Pune
CUST_03198,45,M,Hyderabad
CUST_03199,68,F,Hyderabad
CUST_03200,60,M,Delhi
CUST_03201,22,M,Delhi
CUST_03202,22,M,Hyderabad
CUST_03203,47,M,Chennai
CUST_03204,71,M,Hyderabad
CUST_03205,49,F,Delhi
CUST_03206,25,F,Bangalore
CUST_03207,27,M,Delhi
CUST_03208,55,M,Bangalore
CUST_03209,64,M,Bangalore
CUST_03210,49,F,Delhi
CUST_03211,65,M,Mumbai
CUST_03212,45,F,Hyderabad
CUST_03213,34,M,Pune
CUST_03214,48,F,Delhi
CUST_03215,25,M,Bangalore
CUST_03216,57,F,Delhi
CUST_03217,42,M,Hyderabad
CUST_03218,26,F,Chennai
CUST_03219,19,M,Bangalore
CUST_03220,32,F,Pune
CUST_03221,67,F,Pune
CUST_03222,20,M,Pune
CUST_03223,66,F,Chennai
CUST_03224,53,F,Mumbai
CUST_03225,21,M,Bangalore
CUST_03226,31,M,Chennai
CUST_03227,58,M,Bangalore
CUST_03228,58,F,Chennai
CUST_03229,42,F,Chennai
CUST_03230,72,M,Mumbai
CUST_03231,67,M,Bangalore
CUST_03232,27,F,Chennai
CUST_03233,38,F,Mumbai
CUST_03234,53,M,Delhi
CUST_03235,29,F,Hyderabad
CUST_03236,44,M,Chennai
CUST_03237,57,M,Pune
CUST_03238,19,F,Mumbai
CUST_03239,71,M,Mumbai
CUST_03240,30,M,Chennai
CUST_03241,70,M,Mumbai
CUST_03242,49,F,Delhi
CUST_03243,48,F,Mumbai
CUST_03244,33,M,Hyderabad
CUST_03245,49,M,Hyderabad
CUST_03246,49,M,Pune
CUST_03247,51,F,Delhi
CUST_03248,28,M,Hyderabad
CUST_03249,27,F,Chennai
CUST_03250,32,M,Bangalore
CUST_03251,34,M,Bangalore
CUST_03252,57,M,Bangalore
CUST_03253,35,M,Chennai
CUST_03254,72,F,Mumbai
CUST_03255,26,M,Chennai
CUST_03256,42,M,Mumbai
CUST_03257,57,M,Bangalore
CUST_03258,31,M,Pune
CUST_03259,42,M,Pune
CUST_03260,67,M,Mumbai
CUST_03261,39,M,Bangalore
CUST_03262,69,F,Chennai
CUST_03263,47,M,Pune
CUST_03264,37,M,Mumbai
CUST_03265,38,F,Chennai
CUST_03266,61,M,Bangalore
CUST_03267,49,M,Delhi
CUST_03268,68,M,Bangalore
CUST_03269,63,M,Bangalore
CUST_03270,66,F,Chennai
CUST_03271,73,M,Chennai
CUST_03272,38,F,Hyderabad
CUST_03273,52,M,Hyderabad
CUST_03274,49,M,Chennai
CUST_03275,47,F,Chennai
CUST_03276,72,M,Delhi
CUST_03277,56,F,Delhi
CUST_03278,66,M,Bangalore
CUST_03279,29,F,Pune
CUST_03280,58,M,Delhi
CUST_03281,64,F,Bangalore
CUST_03282,35,M,Mumbai
CUST_03283,38,F,Hyderabad
CUST_03284,30,M,Pune
CUST_03285,38,F,Bangalore
CUST_03286,25,M,Chennai
CUST_03287,63,F,Mumbai
CUST_03288,57,M,Hyderabad
CUST_03289,63,M,Mumbai
CUST_03290,24,M,Bangalore
CUST_03291,40,M,Delhi
CUST_03292,61,M,Hyderabad
CUST_03293,49,F,Mumbai
CUST_03294,28,F,Delhi
CUST_03295,39,M,Pune
CUST_03296,39,F,Bangalore
CUST_03297,60,M,Bangalore
CUST_03298,42,M,Hyderabad
CUST_03299,39,F,Mumbai
CUST_03300,45,F,Pune
CUST_03301,46,Other,Chennai
CUST_03302,30,M,Hyderabad
CUST_03303,35,F,Chennai
CUST_03304,19,M,Hyderabad
CUST_03305,46,M,Mumbai
CUST_03306,38,M,Pune
CUST_03307,32,Other,Mumbai
CUST_03308,69,F,Bangalore
CUST_03309,44,F,Chennai
CUST_03310,67,M,Delhi
CUST_03311,48,M,Bangalore
CUST_03312,32,M,Bangalore
CUST_03313,68,M,Chennai
CUST_03314,40,M,Hyderabad
CUST_03315,41,F,Bangalore
CUST_03316,61,M,Pune
CUST_03317,30,M,Bangalore
CUST_03318,39,M,Pune
CUST_03319,60,M,Mumbai
CUST_03320,54,M,Hyderabad
CUST_03321,50,F,Pune
CUST_03322,73,F,Bangalore
CUST_03323,20,F,Hyderabad
CUST_03324,71,M,Hyderabad
CUST_03325,36,M,Pune
CUST_03326,40,M,Pune
CUST_03327,46,F,Delhi
CUST_03328,47,F,Delhi
CUST_03329,56,M,Hyderabad
CUST_03330,61,M,Chennai
CUST_03331,64,M,Chennai
CUST_03332,42,F,Delhi
CUST_03333,54,F,Bangalore
CUST_03334,64,F,Mumbai
CUST_03335,25,M,Hyderabad
CUST_03336,59,M,Mumbai
CUST_03337,33,M,Delhi
CUST_03338,25,M,Pune
CUST_03339,18,M,Hyderabad
CUST_03340,61,F,Delhi
CUST_03341,22,F,Bangalore
CUST_03342,20,M,Hyderabad
CUST_03343,18,F,Hyderabad
CUST_03344,21,M,Chennai
CUST_03345,57,M,Pune
CUST_03346,52,M,Hyderabad
CUST_03347,49,M,Pune
CUST_03348,59,M,Delhi
CUST_03349,51,M,Bangalore
CUST_03350,60,M,Bangalore
CUST_03351,42,Other,Hyderabad
CUST_03352,27,M,Hyderabad
CUST_03353,38,M,Delhi
CUST_03354,63,M,Chennai
CUST_03355,56,F,Chennai
CUST_03356,44,M,Chennai
CUST_03357,44,F,Pune
CUST_03358,19,M,Chennai
CUST_03359,58,M,Bangalore
CUST_03360,65,F,Pune
CUST_03361,30,M,Delhi
CUST_03362,26,M,Bangalore
CUST_03363,69,M,Bangalore
CUST_03364,53,F,Mumbai
CUST_03365,39,M,Delhi
CUST_03366,59,M,Delhi
CUST_03367,43,F,Mumbai
CUST_03368,71,M,Pune
CUST_03369,29,F,Chennai
CUST_03370,34,F,Chennai
CUST_03371,31,M,Chennai
CUST_03372,31,M,Chennai
CUST_03373,74,M,Chennai
CUST_03374,51,F,Mumbai
CUST_03375,70,F,Delhi
CUST_03376,74,F,Pune
CUST_03377,37,F,Bangalore
CUST_03378,28,F,Chennai
CUST_03379,33,M,Mumbai
CUST_03380,68,M,Pune
CUST_03381,48,F,Pune
CUST_03382,72,M,Pune
CUST_03383,23,M,Mumbai
CUST_03384,73,F,Bangalore
CUST_03385,36,M,Chennai
CUST_03386,54,F,Pune
CUST_03387,21,F,Mumbai
CUST_03388,64,M,Delhi
CUST_03389,21,F,Mumbai
CUST_03390,37,M,Mumbai
CUST_03391,27,M,Mumbai
CUST_03392,41,M,Pune
CUST_03393,71,M,Mumbai
CUST_03394,52,M,Delhi
CUST_03395,43,M,Pune
CUST_03396,54,M,Delhi
CUST_03397,55,M,Hyderabad
CUST_03398,38,F,Mumbai
CUST_03399,71,F,Chennai
CUST_03400,57,M,Chennai
CUST_03401,56,M,Pune
CUST_03402,38,M,Chennai
CUST_03403,27,M,Pune
CUST_03404,55,F,Mumbai
CUST_03405,63,F,Bangalore
CUST_03406,21,M,Bangalore
CUST_03407,74,M,Delhi
CUST_03408,62,M,Mumbai
CUST_03409,37,F,Chennai
CUST_03410,34,M,Mumbai
CUST_03411,72,Other,Hyderabad
CUST_03412,24,F,Bangalore
CUST_03413,21,M,Chennai
CUST_03414,46,F,Bangalore
CUST_03415,31,F,Mumbai
CUST_03416,20,F,Chennai
CUST_03417,41,M,Delhi
CUST_03418,54,M,Mumbai
CUST_03419,33,F,Delhi
CUST_03420,72,F,Chennai
CUST_03421,69,F,Bangalore
CUST_03422,21,F,Hyderabad
CUST_03423,73,F,Pune
CUST_03424,41,F,Bangalore
CUST_03425,51,M,Delhi
CUST_03426,47,M,Mumbai
CUST_03427,35,F,Chennai
CUST_03428,36,F,Bangalore
CUST_03429,48,F,Hyderabad
CUST_03430,36,M,Chennai
CUST_03431,66,F,Delhi
CUST_03432,63,F,Chennai
CUST_03433,36,M,Chennai
CUST_03434,39,M,Mumbai
CUST_03435,41,M,Pune
CUST_03436,62,M,Delhi
CUST_03437,29,M,Mumbai
CUST_03438,47,M,Pune
CUST_03439,55,M,Mumbai
CUST_03440,70,F,Pune
CUST_03441,48,F,Pune
CUST_03442,53,F,Pune
CUST_03443,36,M,Mumbai
CUST_03444,65,M,Chennai
CUST_03445,62,F,Pune
CUST_03446,53,M,Chennai
CUST_03447,47,F,Delhi
CUST_03448,72,F,Hyderabad
CUST_03449,66,M,Chennai
CUST_03450,72,Other,Hyderabad
CUST_03451,50,M,Pune
CUST_03452,35,M,Hyderabad
CUST_03453,69,F,Hyderabad
CUST_03454,66,M,Pune
CUST_03455,45,F,Chennai
CUST_03456,64,M,Pune
CUST_03457,28,M,Delhi
CUST_03458,74,F,Bangalore
CUST_03459,71,F,Mumbai
CUST_03460,62,M,Pune
CUST_03461,50,M,Pune
CUST_03462,34,F,Hyderabad
CUST_03463,23,M,Delhi
CUST_03464,21,F,Hyderabad
CUST_03465,37,F,Chennai
CUST_03466,65,F,Pune
CUST_03467,64,F,Pune
CUST_03468,44,M,Hyderabad
CUST_03469,32,F,Pune
CUST_03470,23,F,Chennai
CUST_03471,64,M,Bangalore
CUST_03472,31,F,Mumbai
CUST_03473,28,M,Mumbai
CUST_03474,56,M,Mumbai
CUST_03475,26,M,Bangalore
CUST_03476,43,F,Pune
CUST_03477,33,M,Hyderabad
CUST_03478,22,F,Delhi
CUST_03479,74,F,Pune
CUST_03480,69,M,Bangalore
CUST_03481,27,M,Chennai
CUST_03482,67,F,Bangalore
CUST_03483,20,M,Mumbai
CUST_03484,30,F,Pune
CUST_03485,60,M,Mumbai
CUST_03486,66,M,Delhi
CUST_03487,47,F,Chennai
CUST_03488,71,M,Mumbai
CUST_03489,62,M,Delhi
CUST_03490,23,M,Bangalore
CUST_03491,34,M,Mumbai
CUST_03492,62,M,Mumbai
CUST_03493,68,F,Hyderabad
CUST_03494,70,M,Chennai
CUST_03495,36,M,Chennai
CUST_03496,59,F,Bangalore
CUST_03497,52,M,Hyderabad
CUST_03498,63,M,Delhi
CUST_03499,43,F,Delhi
CUST_03500,68,F,Bangalore
CUST_03501,22,F,Chennai
CUST_03502,46,F,Delhi
CUST_03503,54,M,Bangalore
CUST_03504,37,F,Delhi
CUST_03505,66,M,Pune
CUST_03506,38,M,Mumbai
CUST_03507,27,M,Chennai
CUST_03508,22,M,Pune
CUST_03509,53,M,Bangalore
CUST_03510,23,F,Bangalore
CUST_03511,43,M,Pune
CUST_03512,21,M,Mumbai
CUST_03513,56,M,Mumbai
CUST_03514,56,M,Hyderabad
CUST_03515,67,F,Delhi
CUST_03516,52,M,Hyderabad
CUST_03517,18,M,Mumbai
CUST_03518,41,M,Pune
CUST_03519,74,F,Delhi
CUST_03520,53,M,Pune
CUST_03521,23,M,Hyderabad
CUST_03522,58,M,Bangalore
CUST_03523,71,M,Pune
CUST_03524,63,M,Hyderabad
CUST_03525,61,F,Hyderabad
CUST_03526,74,F,Hyderabad
CUST_03527,48,F,Bangalore
CUST_03528,37,M,Bangalore
CUST_03529,41,M,Bangalore
CUST_03530,42,M,Delhi
CUST_03531,53,Other,Bangalore
CUST_03532,38,F,Bangalore
CUST_03533,47,F,Bangalore
CUST_03534,41,M,Pune
CUST_03535,61,M,Bangalore
CUST_03536,59,M,Delhi
CUST_03537,47,F,Hyderabad
CUST_03538,39,F,Pune
CUST_03539,45,F,Mumbai
CUST_03540,24,M,Bangalore
CUST_03541,52,M,Hyderabad
CUST_03542,72,F,Hyderabad
CUST_03543,45,F,Pune
CUST_03544,31,M,Mumbai
CUST_03545,73,M,Chennai
CUST_03546,27,M,Delhi
CUST_03547,33,M,Chennai
CUST_03548,33,M,Hyderabad
CUST_03549,71,F,Chennai
CUST_03550,48,M,Hyderabad
CUST_03551,59,M,Chennai
CUST_03552,42,M,Hyderabad
CUST_03553,30,F,Hyderabad
CUST_03554,23,F,Pune
CUST_03555,61,M,Mumbai
CUST_03556,26,F,Hyderabad
CUST_03557,62,F,Delhi
CUST_03558,53,M,Delhi
CUST_03559,73,M,Bangalore
CUST_03560,60,F,Hyderabad
CUST_03561,37,F,Hyderabad
CUST_03562,35,F,Hyderabad
CUST_03563,60,F,Chennai
CUST_03564,74,F,Hyderabad
CUST_03565,38,M,Hyderabad
CUST_03566,21,M,Delhi
CUST_03567,67,M,Mumbai
CUST_03568,50,M,Mumbai
CUST_03569,44,F,Bangalore
CUST_03570,24,F,Delhi
CUST_03571,23,F,Hyderabad
CUST_03572,32,M,Mumbai
CUST_03573,35,F,Pune
CUST_03574,49,M,Pune
CUST_03575,73,M,Pune
CUST_03576,28,F,Hyderabad
CUST_03577,37,F,Hyderabad
CUST_03578,41,Other,Bangalore
CUST_03579,32,M,Bangalore
CUST_03580,65,M,Bangalore
CUST_03581,24,M,Chennai
CUST_03582,38,M,Pune
CUST_03583,59,F,Hyderabad
CUST_03584,43,F,Pune
CUST_03585,61,F,Bangalore
CUST_03586,73,M,Hyderabad
CUST_03587,31,F,Delhi
CUST_03588,74,M,Mumbai
CUST_03589,54,F,Mumbai
CUST_03590,38,M,Bangalore
CUST_03591,35,M,Pune
CUST_03592,22,M,Delhi
CUST_03593,20,F,Hyderabad
CUST_03594,40,M,Pune
CUST_03595,43,M,Bangalore
CUST_03596,54,F,Pune
CUST_03597,41,M,Bangalore
CUST_03598,66,M,Chennai
CUST_03599,36,M,Mumbai
CUST_03600,68,M,Mumbai
CUST_03601,42,F,Pune
CUST_03602,38,F,Delhi
CUST_03603,29,M,Hyderabad
CUST_03604,74,Other,Bangalore
CUST_03605,58,M,Hyderabad
CUST_03606,50,M,Mumbai
CUST_03607,67,M,Delhi
CUST_03608,70,M,Delhi
CUST_03609,21,M,Hyderabad
CUST_03610,59,F,Mumbai
CUST_03611,74,F,Hyderabad
CUST_03612,24,M,Pune
CUST_03613,39,F,Delhi
CUST_03614,72,F,Delhi
CUST_03615,50,F,Pune
CUST_03616,34,F,Mumbai
CUST_03617,41,M,Delhi
CUST_03618,51,F,Chennai
CUST_03619,45,F,Chennai
CUST_03620,60,F,Chennai
CUST_03621,58,M,Bangalore
CUST_03622,56,M,Bangalore
CUST_03623,39,M,Mumbai
CUST_03624,66,M,Pune
CUST_03625,34,M,Hyderabad
CUST_03626,51,F,Mumbai
CUST_03627,23,M,Hyderabad
CUST_03628,63,F,Mumbai
CUST_03629,23,M,Bangalore
CUST_03630,51,F,Chennai
CUST_03631,18,M,Pune
CUST_03632,27,M,Bangalore
CUST_03633,38,F,Pune
CUST_03634,22,F,Hyderabad
CUST_03635,19,Other,Mumbai
CUST_03636,39,M,Delhi
CUST_03637,65,M,Delhi
CUST_03638,74,F,Pune
CUST_03639,19,M,Chennai
CUST_03640,27,F,Chennai
CUST_03641,51,M,Pune
CUST_03642,33,M,Bangalore
CUST_03643,65,M,Delhi
CUST_03644,68,M,Bangalore
CUST_03645,56,F,Hyderabad
CUST_03646,39,F,Delhi
CUST_03647,29,M,Hyderabad
CUST_03648,41,F,Mumbai
CUST_03649,64,M,Bangalore
CUST_03650,57,M,Pune
CUST_03651,55,M,Delhi
CUST_03652,27,F,Bangalore
CUST_03653,52,F,Pune
CUST_03654,68,F,Mumbai
CUST_03655,66,F,Delhi
CUST_03656,49,F,Hyderabad
CUST_03657,24,F,Mumbai
CUST_03658,38,F,Chennai
CUST_03659,37,F,Pune
CUST_03660,43,M,Delhi
CUST_03661,21,M,Delhi
CUST_03662,63,M,Mumbai
CUST_03663,69,M,Delhi
CUST_03664,39,F,Pune
CUST_03665,32,M,Mumbai
CUST_03666,73,F,Hyderabad
CUST_03667,57,M,Mumbai
CUST_03668,38,M,Mumbai
CUST_03669,32,M,Hyderabad
CUST_03670,39,F,Chennai
CUST_03671,69,M,Pune
CUST_03672,45,M,Chennai
CUST_03673,31,F,Chennai
CUST_03674,44,F,Chennai
CUST_03675,58,M,Bangalore
CUST_03676,57,M,Chennai
CUST_03677,45,M,Bangalore
CUST_03678,43,F,Hyderabad
CUST_03679,66,M,Pune
CUST_03680,19,M,Chennai
CUST_03681,42,M,Delhi
CUST_03682,73,M,Hyderabad
CUST_03683,20,F,Bangalore
CUST_03684,25,M,Pune
CUST_03685,61,M,Mumbai
CUST_03686,50,M,Pune
CUST_03687,59,M,Pune
CUST_03688,69,M,Chennai
CUST_03689,52,F,Chennai
CUST_03690,23,F,Bangalore
CUST_03691,56,F,Bangalore
CUST_03692,69,F,Chennai
CUST_03693,40,F,Chennai
CUST_03694,42,M,Delhi
CUST_03695,67,F,Delhi
CUST_03696,60,F,Hyderabad
CUST_03697,36,F,Chennai
CUST_03698,22,M,Mumbai
CUST_03699,68,M,Delhi
CUST_03700,28,F,Bangalore
CUST_03701,73,F,Pune
CUST_03702,29,Other,Hyderabad
CUST_03703,27,M,Delhi
CUST_03704,25,M,Pune
CUST_03705,41,M,Pune
CUST_03706,45,F,Delhi
CUST_03707,58,M,Mumbai
CUST_03708,53,M,Mumbai
CUST_03709,54,Other,Hyderabad
CUST_03710,38,M,Mumbai
CUST_03711,25,F,Hyderabad
CUST_03712,72,M,Bangalore
CUST_03713,26,F,Delhi
CUST_03714,64,F,Pune
CUST_03715,32,F,Hyderabad
CUST_03716,65,F,Mumbai
CUST_03717,63,M,Hyderabad
CUST_03718,57,M,Chennai
CUST_03719,35,M,Hyderabad
CUST_03720,59,F,Mumbai
CUST_03721,37,F,Chennai
CUST_03722,23,M,Chennai
CUST_03723,29,F,Mumbai
CUST_03724,19,M,Chennai
CUST_03725,24,F,Delhi
CUST_03726,33,F,Pune
CUST_03727,20,M,Delhi
CUST_03728,62,M,Delhi
CUST_03729,20,M,Mumbai
CUST_03730,44,F,Mumbai
CUST_03731,67,M,Pune
CUST_03732,60,M,Hyderabad
CUST_03733,57,M,Delhi
CUST_03734,55,M,Chennai
CUST_03735,50,M,Pune
CUST_03736,45,F,Delhi
CUST_03737,18,M,Hyderabad
CUST_03738,72,F,Chennai
CUST_03739,25,F,Delhi
CUST_03740,54,M,Bangalore
CUST_03741,49,M,Pune
CUST_03742,65,F,Mumbai
CUST_03743,60,F,Delhi
CUST_03744,54,M,Chennai
CUST_03745,21,M,Chennai
CUST_03746,47,M,Pune
CUST_03747,23,F,Pune
CUST_03748,63,M,Chennai
CUST_03749,71,M,Chennai
CUST_03750,36,F,Chennai
CUST_03751,49,F,Delhi
CUST_03752,26,M,Chennai
CUST_03753,29,M,Mumbai
CUST_03754,28,F,Chennai
CUST_03755,63,M,Mumbai
CUST_03756,72,M,Delhi
CUST_03757,33,F,Pune
CUST_03758,18,M,Mumbai
CUST_03759,62,F,Delhi
CUST_03760,72,F,Chennai
CUST_03761,70,M,Delhi
CUST_03762,38,M,Chennai
CUST_03763,47,F,Delhi
CUST_03764,30,F,Pune
CUST_03765,51,F,Mumbai
CUST_03766,21,F,Pune
CUST_03767,45,M,Bangalore
CUST_03768,55,F,Chennai
CUST_03769,48,M,Mumbai
CUST_03770,72,M,Pune
CUST_03771,44,M,Mumbai
CUST_03772,22,M,Bangalore
CUST_03773,42,F,Hyderabad
CUST_03774,20,M,Chennai
CUST_03775,50,M,Chennai
CUST_03776,21,M,Delhi
CUST_03777,42,F,Chennai
CUST_03778,37,F,Chennai
CUST_03779,51,M,Pune
CUST_03780,43,M,Chennai
CUST_03781,22,M,Chennai
CUST_03782,52,F,Bangalore
CUST_03783,45,F,Bangalore
CUST_03784,46,M,Mumbai
CUST_03785,26,F,Mumbai
CUST_03786,69,M,Chennai
CUST_03787,55,F,Chennai
CUST_03788,67,M,Delhi
CUST_03789,23,M,Mumbai
CUST_03790,36,M,Pune
CUST_03791,61,M,Chennai
CUST_03792,74,F,Pune
CUST_03793,28,M,Chennai
CUST_03794,19,F,Pune
CUST_03795,64,F,Hyderabad
CUST_03796,61,M,Pune
CUST_03797,61,M,Mumbai
CUST_03798,26,M,Chennai
CUST_03799,38,F,Mumbai
CUST_03800,41,M,Pune
CUST_03801,51,M,Bangalore
CUST_03802,39,M,Bangalore
CUST_03803,20,F,Bangalore
CUST_03804,29,M,Chennai
CUST_03805,45,M,Delhi
CUST_03806,47,M,Hyderabad
CUST_03807,43,M,Pune
CUST_03808,65,F,Delhi
CUST_03809,38,M,Bangalore
CUST_03810,45,F,Pune
CUST_03811,73,F,Delhi
CUST_03812,43,F,Mumbai
CUST_03813,50,F,Bangalore
CUST_03814,38,M,Delhi
CUST_03815,52,M,Chennai
CUST_03816,69,F,Mumbai
CUST_03817,51,M,Bangalore
CUST_03818,58,F,Hyderabad
CUST_03819,68,M,Bangalore
CUST_03820,64,F,Chennai
CUST_03821,35,F,Hyderabad
CUST_03822,28,M,Hyderabad
CUST_03823,74,M,Hyderabad
CUST_03824,40,F,Pune
CUST_03825,65,F,Pune
CUST_03826,39,M,Hyderabad
CUST_03827,34,F,Mumbai
CUST_03828,22,M,Hyderabad
CUST_03829,61,M,Delhi
CUST_03830,28,F,Hyderabad
CUST_03831,47,F,Pune
CUST_03832,32,F,Pune
CUST_03833,44,F,Delhi
CUST_03834,52,M,Delhi
CUST_03835,50,F,Bangalore
CUST_03836,37,M,Mumbai
CUST_03837,33,M,Mumbai
CUST_03838,51,M,Mumbai
CUST_03839,19,M,Chennai
CUST_03840,52,M,Pune
CUST_03841,57,M,Mumbai
CUST_03842,73,M,Bangalore
CUST_03843,45,M,Bangalore
CUST_03844,64,F,Mumbai
CUST_03845,56,M,Delhi
CUST_03846,23,M,Bangalore
CUST_03847,26,F,Delhi
CUST_03848,37,F,Pune
CUST_03849,18,F,Chennai
CUST_03850,25,M,Bangalore
CUST_03851,72,F,Delhi
CUST_03852,40,M,Mumbai
CUST_03853,20,M,Pune
CUST_03854,21,M,Hyderabad
CUST_03855,42,F,Hyderabad
CUST_03856,64,M,Mumbai
CUST_03857,55,M,Pune
CUST_03858,32,M,Pune
CUST_03859,38,F,Pune
CUST_03860,52,F,Pune
CUST_03861,74,M,Hyderabad
CUST_03862,70,F,Delhi
CUST_03863,70,M,Pune
CUST_03864,63,F,Delhi
CUST_03865,69,M,Pune
CUST_03866,31,F,Bangalore
CUST_03867,53,M,Chennai
CUST_03868,29,F,Bangalore
CUST_03869,34,M,Chennai
CUST_03870,56,M,Bangalore
CUST_03871,26,M,Pune
CUST_03872,52,M,Delhi
CUST_03873,30,M,Chennai
CUST_03874,32,F,Hyderabad
CUST_03875,35,M,Mumbai
CUST_03876,68,F,Chennai
CUST_03877,50,F,Chennai
CUST_03878,23,F,Hyderabad
CUST_03879,44,F,Pune
CUST_03880,40,F,Bangalore
CUST_03881,44,M,Bangalore
CUST_03882,51,F,Delhi
CUST_03883,73,M,Pune
CUST_03884,63,F,Hyderabad
CUST_03885,55,F,Pune
CUST_03886,31,M,Pune
CUST_03887,53,M,Bangalore
CUST_03888,70,M,Hyderabad
CUST_03889,25,F,Mumbai
CUST_03890,52,F,Chennai
CUST_03891,36,M,Bangalore
CUST_03892,47,F,Hyderabad
CUST_03893,31,F,Delhi
CUST_03894,37,M,Chennai
CUST_03895,66,M,Chennai
CUST_03896,42,F,Bangalore
CUST_03897,57,F,Delhi
CUST_03898,41,F,Bangalore
CUST_03899,31,M,Pune
CUST_03900,43,M,Hyderabad
CUST_03901,55,M,Delhi
CUST_03902,40,M,Chennai
CUST_03903,39,M,Bangalore
CUST_03904,65,F,Chennai
CUST_03905,74,M,Delhi
CUST_03906,36,F,Chennai
CUST_03907,63,M,Bangalore
CUST_03908,68,F,Bangalore
CUST_03909,20,M,Mumbai
CUST_03910,59,M,Chennai
CUST_03911,36,M,Mumbai
CUST_03912,26,F,Mumbai
CUST_03913,45,F,Chennai
CUST_03914,37,M,Delhi
CUST_03915,62,M,Pune
CUST_03916,24,F,Bangalore
CUST_03917,31,M,Hyderabad
CUST_03918,26,M,Mumbai
CUST_03919,72,F,Delhi
CUST_03920,74,F,Chennai
CUST_03921,36,M,Delhi
CUST_03922,64,M,Delhi
CUST_03923,69,F,Chennai
CUST_03924,31,M,Hyderabad
CUST_03925,73,M,Chennai
CUST_03926,55,F,Hyderabad
CUST_03927,70,F,Chennai
CUST_03928,53,M,Mumbai
CUST_03929,57,Other,Hyderabad
CUST_03930,34,F,Mumbai
CUST_03931,47,M,Hyderabad
CUST_03932,26,Other,Hyderabad
CUST_03933,50,M,Chennai
CUST_03934,73,M,Hyderabad
CUST_03935,69,F,Mumbai
CUST_03936,42,M,Chennai
CUST_03937,31,M,Bangalore
CUST_03938,28,M,Mumbai
CUST_03939,70,M,Bangalore
CUST_03940,52,F,Delhi
CUST_03941,58,F,Chennai
CUST_03942,31,Other,Delhi
CUST_03943,47,M,Chennai
CUST_03944,58,M,Chennai
CUST_03945,21,M,Mumbai
CUST_03946,21,M,Bangalore
CUST_03947,45,M,Chennai
CUST_03948,25,F,Bangalore
CUST_03949,19,F,Chennai
CUST_03950,58,F,Bangalore
CUST_03951,63,M,Delhi
CUST_03952,39,F,Mumbai
CUST_03953,58,M,Chennai
CUST_03954,73,M,Pune
CUST_03955,72,F,Bangalore
CUST_03956,33,F,Bangalore
CUST_03957,46,M,Pune
CUST_03958,66,M,Mumbai
CUST_03959,65,M,Bangalore
CUST_03960,47,F,Mumbai
CUST_03961,29,M,Bangalore
CUST_03962,52,Other,Hyderabad
CUST_03963,28,M,Bangalore
CUST_03964,63,M,Hyderabad
CUST_03965,67,M,Chennai
CUST_03966,38,M,Mumbai
CUST_03967,38,M,Bangalore
CUST_03968,22,F,Delhi
CUST_03969,65,F,Delhi
CUST_03970,37,F,Pune
CUST_03971,54,F,Delhi
CUST_03972,20,F,Hyderabad
CUST_03973,61,F,Delhi
CUST_03974,50,F,Delhi
CUST_03975,70,M,Delhi
CUST_03976,26,M,Bangalore
CUST_03977,26,M,Pune
CUST_03978,21,M,Mumbai
CUST_03979,52,M,Pune
CUST_03980,34,F,Hyderabad
CUST_03981,51,M,Bangalore
CUST_03982,41,M,Chennai
CUST_03983,49,M,Bangalore
CUST_03984,18,M,Delhi
CUST_03985,25,M,Delhi
CUST_03986,62,M,Hyderabad
CUST_03987,40,M,Chennai
CUST_03988,64,M,Bangalore
CUST_03989,57,F,Chennai
CUST_03990,29,F,Mumbai
CUST_03991,71,M,Pune
CUST_03992,29,M,Bangalore
CUST_03993,63,M,Chennai
CUST_03994,64,F,Mumbai
CUST_03995,32,M,Mumbai
CUST_03996,58,M,Pune
CUST_03997,36,F,Mumbai
CUST_03998,43,M,Hyderabad
CUST_03999,69,M,Mumbai
CUST_04000,46,M,Chennai
CUST_04001,39,F,Hyderabad
CUST_04002,57,F,Mumbai
CUST_04003,38,F,Delhi
CUST_04004,68,M,Mumbai
CUST_04005,55,M,Hyderabad
CUST_04006,37,F,Mumbai
CUST_04007,74,F,Mumbai
CUST_04008,46,M,Mumbai
CUST_04009,68,F,Hyderabad
CUST_04010,21,M,Mumbai
CUST_04011,72,M,Pune
CUST_04012,24,F,Chennai
CUST_04013,45,M,Pune
CUST_04014,45,F,Hyderabad
CUST_04015,21,M,Delhi
CUST_04016,39,M,Pune
CUST_04017,29,F,Chennai
CUST_04018,62,F,Bangalore
CUST_04019,20,M,Chennai
CUST_04020,39,M,Pune
CUST_04021,61,F,Bangalore
CUST_04022,19,M,Hyderabad
CUST_04023,41,F,Chennai
CUST_04024,51,F,Delhi
CUST_04025,44,M,Bangalore
CUST_04026,72,M,Bangalore
CUST_04027,58,M,Chennai
CUST_04028,18,F,Pune
CUST_04029,25,M,Bangalore
CUST_04030,40,M,Hyderabad
CUST_04031,55,M,Chennai
CUST_04032,23,F,Hyderabad
CUST_04033,39,M,Chennai
CUST_04034,42,M,Hyderabad
CUST_04035,35,F,Pune
CUST_04036,34,F,Chennai
CUST_04037,29,F,Delhi
CUST_04038,23,M,Pune
CUST_04039,43,M,Hyderabad
CUST_04040,44,F,Chennai
CUST_04041,25,M,Pune
CUST_04042,36,F,Hyderabad
CUST_04043,59,F,Mumbai
CUST_04044,18,M,Mumbai
CUST_04045,74,F,Bangalore
CUST_04046,46,F,Delhi
CUST_04047,62,M,Mumbai
CUST_04048,66,M,Hyderabad
CUST_04049,52,M,Pune
CUST_04050,57,M,Chennai
CUST_04051,31,M,Pune
CUST_04052,52,F,Bangalore
CUST_04053,65,F,Pune
CUST_04054,62,M,Mumbai
CUST_04055,37,M,Pune
CUST_04056,73,F,Mumbai
CUST_04057,66,M,Mumbai
CUST_04058,30,F,Delhi
CUST_04059,55,M,Bangalore
CUST_04060,66,M,Hyderabad
CUST_04061,63,M,Mumbai
CUST_04062,66,F,Chennai
CUST_04063,25,M,Bangalore
CUST_04064,60,F,Hyderabad
CUST_04065,37,M,Chennai
CUST_04066,50,M,Pune
CUST_04067,43,M,Bangalore
CUST_04068,56,F,Chennai
CUST_04069,38,F,Bangalore
CUST_04070,70,M,Bangalore
CUST_04071,66,M,Pune
CUST_04072,59,M,Pune
CUST_04073,60,M,Bangalore
CUST_04074,71,M,Chennai
CUST_04075,58,F,Delhi
CUST_04076,26,F,Mumbai
CUST_04077,41,M,Pune
CUST_04078,54,M,Delhi
CUST_04079,66,F,Pune
CUST_04080,58,F,Bangalore
CUST_04081,34,M,Delhi
CUST_04082,41,M,Chennai
CUST_04083,38,M,Chennai
CUST_04084,68,M,Hyderabad
CUST_04085,56,M,Mumbai
CUST_04086,72,M,Mumbai
CUST_04087,58,F,Pune
CUST_04088,56,M,Mumbai
CUST_04089,30,M,Hyderabad
CUST_04090,28,M,Chennai
CUST_04091,63,F,Delhi
CUST_04092,36,F,Delhi
CUST_04093,28,M,Chennai
CUST_04094,30,M,Bangalore
CUST_04095,63,F,Chennai
CUST_04096,62,M,Delhi
CUST_04097,18,M,Pune
CUST_04098,57,M,Hyderabad
CUST_04099,61,M,Chennai
CUST_04100,36,M,Bangalore
CUST_04101,29,F,Pune
CUST_04102,25,F,Chennai
CUST_04103,25,M,Pune
CUST_04104,70,F,Chennai
CUST_04105,62,M,Pune
CUST_04106,29,M,Mumbai
CUST_04107,65,F,Pune
CUST_04108,50,F,Mumbai
CUST_04109,62,M,Delhi
CUST_04110,43,M,Mumbai
CUST_04111,56,F,Pune
CUST_04112,45,F,Hyderabad
CUST_04113,22,F,Hyderabad
CUST_04114,25,M,Delhi
CUST_04115,42,M,Pune
CUST_04116,44,M,Mumbai
CUST_04117,63,M,Hyderabad
CUST_04118,40,F,Chennai
CUST_04119,47,M,Bangalore
CUST_04120,62,M,Pune
CUST_04121,64,F,Chennai
CUST_04122,40,M,Chennai
CUST_04123,66,M,Pune
CUST_04124,64,F,Bangalore
CUST_04125,37,F,Hyderabad
CUST_04126,35,F,Bangalore
CUST_04127,35,M,Delhi
CUST_04128,19,F,Mumbai
CUST_04129,21,F,Mumbai
CUST_04130,47,M,Chennai
CUST_04131,50,M,Hyderabad
CUST_04132,53,F,Bangalore
CUST_04133,35,M,Chennai
CUST_04134,54,F,Pune
CUST_04135,36,M,Chennai
CUST_04136,64,M,Pune
CUST_04137,45,M,Pune
CUST_04138,57,F,Delhi
CUST_04139,37,M,Delhi
CUST_04140,66,M,Pune
CUST_04141,50,F,Hyderabad
CUST_04142,29,F,Delhi
CUST_04143,68,F,Delhi
CUST_04144,32,M,Mumbai
CUST_04145,58,M,Chennai
CUST_04146,56,F,Mumbai
CUST_04147,19,F,Hyderabad
CUST_04148,46,M,Delhi
CUST_04149,58,M,Delhi
CUST_04150,27,F,Bangalore
CUST_04151,19,M,Hyderabad
CUST_04152,68,F,Chennai
CUST_04153,28,M,Chennai
CUST_04154,30,M,Chennai
CUST_04155,27,F,Hyderabad
CUST_04156,31,M,Bangalore
CUST_04157,35,M,Bangalore
CUST_04158,68,M,Mumbai
CUST_04159,71,M,Hyderabad
CUST_04160,26,F,Hyderabad
CUST_04161,74,F,Bangalore
CUST_04162,56,F,Pune
CUST_04163,45,M,Pune
CUST_04164,20,M,Mumbai
CUST_04165,37,M,Pune
CUST_04166,23,F,Pune
CUST_04167,44,F,Pune
CUST_04168,70,F,Delhi
CUST_04169,19,M,Mumbai
CUST_04170,46,M,Bangalore
CUST_04171,55,M,Pune
CUST_04172,20,M,Chennai
CUST_04173,33,M,Delhi
CUST_04174,47,F,Pune
CUST_04175,57,M,Delhi
CUST_04176,19,M,Mumbai
CUST_04177,34,M,Chennai
CUST_04178,58,F,Chennai
CUST_04179,29,F,Chennai
CUST_04180,52,F,Pune
CUST_04181,60,F,Delhi
CUST_04182,18,M,Chennai
CUST_04183,72,F,Hyderabad
CUST_04184,62,M,Hyderabad
CUST_04185,32,M,Delhi
CUST_04186,43,F,Pune
CUST_04187,54,F,Pune
CUST_04188,38,M,Mumbai
CUST_04189,66,M,Mumbai
CUST_04190,48,M,Chennai
CUST_04191,42,M,Bangalore
CUST_04192,40,M,Mumbai
CUST_04193,41,M,Pune
CUST_04194,74,M,Bangalore
CUST_04195,55,F,Mumbai
CUST_04196,45,M,Delhi
CUST_04197,38,M,Hyderabad
CUST_04198,71,M,Mumbai
CUST_04199,60,F,Mumbai
CUST_04200,35,M,Delhi
CUST_04201,53,M,Pune
CUST_04202,52,M,Chennai
CUST_04203,62,F,Delhi
CUST_04204,72,F,Chennai
CUST_04205,26,F,Mumbai
CUST_04206,70,F,Pune
CUST_04207,55,F,Bangalore
CUST_04208,47,F,Mumbai
CUST_04209,61,M,Delhi
CUST_04210,51,M,Bangalore
CUST_04211,49,Other,Hyderabad
CUST_04212,20,M,Bangalore
CUST_04213,20,M,Delhi
CUST_04214,45,F,Bangalore
CUST_04215,61,M,Delhi
CUST_04216,32,F,Mumbai
CUST_04217,58,F,Pune
CUST_04218,40,M,Hyderabad
CUST_04219,57,F,Pune
CUST_04220,28,M,Pune
CUST_04221,65,M,Pune
CUST_04222,49,M,Delhi
CUST_04223,74,F,Delhi
CUST_04224,71,F,Hyderabad
CUST_04225,53,M,Delhi
CUST_04226,50,F,Chennai
CUST_04227,41,M,Delhi
CUST_04228,56,F,Delhi
CUST_04229,51,M,Delhi
CUST_04230,73,F,Mumbai
CUST_04231,45,M,Hyderabad
CUST_04232,54,M,Chennai
CUST_04233,24,M,Delhi
CUST_04234,21,F,Hyderabad
CUST_04235,54,M,Bangalore
CUST_04236,73,F,Mumbai
CUST_04237,18,M,Delhi
CUST_04238,18,M,Chennai
CUST_04239,64,M,Mumbai
CUST_04240,37,F,Chennai
CUST_04241,36,M,Mumbai
CUST_04242,46,F,Bangalore
CUST_04243,27,F,Hyderabad
CUST_04244,35,F,Mumbai
CUST_04245,45,M,Pune
CUST_04246,52,F,Bangalore
CUST_04247,60,F,Pune
CUST_04248,64,M,Bangalore
CUST_04249,48,F,Pune
CUST_04250,44,M,Pune
CUST_04251,28,M,Chennai
CUST_04252,66,M,Mumbai
CUST_04253,66,M,Mumbai
CUST_04254,55,M,Bangalore
CUST_04255,22,M,Hyderabad
CUST_04256,25,F,Chennai
CUST_04257,51,M,Mumbai
CUST_04258,65,M,Mumbai
CUST_04259,69,M,Chennai
CUST_04260,73,F,Delhi
CUST_04261,29,F,Chennai
CUST_04262,55,F,Mumbai
CUST_04263,18,F,Hyderabad
CUST_04264,48,M,Delhi
CUST_04265,21,F,Pune
CUST_04266,66,M,Chennai
CUST_04267,62,M,Pune
CUST_04268,67,F,Delhi
CUST_04269,22,M,Delhi
CUST_04270,47,F,Delhi
CUST_04271,73,F,Bangalore
CUST_04272,41,M,Chennai
CUST_04273,20,M,Hyderabad
CUST_04274,28,M,Hyderabad
CUST_04275,62,F,Pune
CUST_04276,21,F,Pune
CUST_04277,43,M,Pune
CUST_04278,44,M,Chennai
CUST_04279,63,F,Mumbai
CUST_04280,71,F,Pune
CUST_04281,60,M,Delhi
CUST_04282,44,M,Pune
CUST_04283,59,F,Delhi
CUST_04284,68,M,Bangalore
CUST_04285,67,M,Mumbai
CUST_04286,23,F,Mumbai
CUST_04287,32,F,Chennai
CUST_04288,70,M,Chennai
CUST_04289,47,M,Hyderabad
CUST_04290,59,M,Bangalore
CUST_04291,54,M,Chennai
CUST_04292,54,F,Delhi
CUST_04293,59,M,Bangalore
CUST_04294,54,F,Mumbai
CUST_04295,52,F,Delhi
CUST_04296,40,M,Bangalore
CUST_04297,23,M,Mumbai
CUST_04298,21,M,Chennai
CUST_04299,35,F,Delhi
CUST_04300,26,F,Delhi
CUST_04301,66,M,Mumbai
CUST_04302,46,F,Delhi
CUST_04303,30,F,Chennai
CUST_04304,64,F,Chennai
CUST_04305,69,M,Chennai
CUST_04306,34,M,Mumbai
CUST_04307,62,F,Pune
CUST_04308,49,M,Pune
CUST_04309,65,M,Delhi
CUST_04310,39,M,Chennai
CUST_04311,21,M,Delhi
CUST_04312,22,M,Mumbai
CUST_04313,54,F,Delhi
CUST_04314,58,M,Hyderabad
CUST_04315,66,M,Pune
CUST_04316,30,F,Delhi
CUST_04317,51,M,Delhi
CUST_04318,62,M,Bangalore
CUST_04319,39,F,Delhi
CUST_04320,70,F,Hyderabad
CUST_04321,40,F,Pune
CUST_04322,68,F,Bangalore
CUST_04323,20,M,Mumbai
CUST_04324,59,F,Mumbai
CUST_04325,51,M,Pune
CUST_04326,49,F,Mumbai
CUST_04327,62,M,Hyderabad
CUST_04328,68,F,Delhi
CUST_04329,66,F,Pune
CUST_04330,38,F,Bangalore
CUST_04331,63,M,Delhi
CUST_04332,61,M,Mumbai
CUST_04333,38,F,Mumbai
CUST_04334,61,F,Bangalore
CUST_04335,28,M,Hyderabad
CUST_04336,56,F,Bangalore
CUST_04337,21,F,Pune
CUST_04338,68,M,Bangalore
CUST_04339,18,F,Mumbai
CUST_04340,45,M,Hyderabad
CUST_04341,41,M,Hyderabad
CUST_04342,52,M,Chennai
CUST_04343,30,F,Bangalore
CUST_04344,64,F,Pune
CUST_04345,51,M,Mumbai
CUST_04346,28,F,Delhi
CUST_04347,53,F,Hyderabad
CUST_04348,68,F,Bangalore
CUST_04349,34,M,Chennai
CUST_04350,52,F,Pune
CUST_04351,35,M,Pune
CUST_04352,57,M,Mumbai
CUST_04353,39,M,Hyderabad
CUST_04354,74,M,Mumbai
CUST_04355,41,F,Chennai
CUST_04356,36,M,Delhi
CUST_04357,54,F,Delhi
CUST_04358,56,M,Delhi
CUST_04359,38,M,Pune
CUST_04360,25,Other,Hyderabad
CUST_04361,45,F,Mumbai
CUST_04362,22,M,Mumbai
CUST_04363,34,M,Chennai
CUST_04364,54,M,Delhi
CUST_04365,53,M,Hyderabad
CUST_04366,71,F,Hyderabad
CUST_04367,36,F,Chennai
CUST_04368,44,M,Bangalore
CUST_04369,70,F,Hyderabad
CUST_04370,51,F,Hyderabad
CUST_04371,28,M,Mumbai
CUST_04372,71,M,Chennai
CUST_04373,62,F,Hyderabad
CUST_04374,64,F,Hyderabad
CUST_04375,29,M,Mumbai
CUST_04376,71,M,Hyderabad
CUST_04377,38,M,Mumbai
CUST_04378,71,F,Bangalore
CUST_04379,28,M,Pune
CUST_04380,56,M,Mumbai
CUST_04381,45,F,Mumbai
CUST_04382,22,F,Hyderabad
CUST_04383,34,F,Mumbai
CUST_04384,73,M,Chennai
CUST_04385,37,M,Delhi
CUST_04386,58,M,Delhi
CUST_04387,63,M,Bangalore
CUST_04388,29,F,Mumbai
CUST_04389,23,M,Chennai
CUST_04390,34,M,Hyderabad
CUST_04391,68,M,Hyderabad
CUST_04392,36,M,Pune
CUST_04393,43,F,Bangalore
CUST_04394,65,M,Chennai
CUST_04395,61,M,Chennai
CUST_04396,61,M,Hyderabad
CUST_04397,69,M,Pune
CUST_04398,49,M,Hyderabad
CUST_04399,23,F,Pune
CUST_04400,72,F,Delhi
CUST_04401,53,F,Chennai
CUST_04402,55,F,Delhi
CUST_04403,28,F,Hyderabad
CUST_04404,50,F,Bangalore
CUST_04405,41,M,Mumbai
CUST_04406,40,M,Bangalore
CUST_04407,32,M,Bangalore
CUST_04408,44,F,Mumbai
CUST_04409,28,F,Chennai
CUST_04410,74,F,Delhi
CUST_04411,68,M,Delhi
CUST_04412,67,F,Chennai
CUST_04413,34,M,Mumbai
CUST_04414,68,M,Pune
CUST_04415,70,M,Bangalore
CUST_04416,31,M,Hyderabad
CUST_04417,44,M,Delhi
CUST_04418,35,M,Chennai
CUST_04419,45,M,Hyderabad
CUST_04420,68,F,Mumbai
CUST_04421,64,F,Hyderabad
CUST_04422,64,F,Hyderabad
CUST_04423,21,M,Bangalore
CUST_04424,24,F,Mumbai
CUST_04425,62,F,Hyderabad
CUST_04426,52,M,Delhi
CUST_04427,65,M,Mumbai
CUST_04428,26,M,Delhi
CUST_04429,25,M,Chennai
CUST_04430,69,F,Chennai
CUST_04431,62,F,Pune
CUST_04432,34,M,Chennai
CUST_04433,34,F,Hyderabad
CUST_04434,66,F,Mumbai
CUST_04435,50,F,Chennai
CUST_04436,49,M,Delhi
CUST_04437,25,F,Hyderabad
CUST_04438,36,M,Chennai
CUST_04439,55,F,Bangalore
CUST_04440,20,M,Delhi
CUST_04441,22,M,Delhi
CUST_04442,30,F,Pune
CUST_04443,64,M,Bangalore
CUST_04444,63,M,Pune
CUST_04445,48,M,Chennai
CUST_04446,72,F,Bangalore
CUST_04447,33,M,Delhi
CUST_04448,67,F,Pune
CUST_04449,49,M,Hyderabad
CUST_04450,39,M,Bangalore
CUST_04451,46,M,Delhi
CUST_04452,39,M,Mumbai
CUST_04453,60,M,Bangalore
CUST_04454,20,M,Bangalore
CUST_04455,71,F,Chennai
CUST_04456,27,F,Hyderabad
CUST_04457,59,M,Chennai
CUST_04458,38,M,Bangalore
CUST_04459,33,F,Bangalore
CUST_04460,29,M,Hyderabad
CUST_04461,19,M,Hyderabad
CUST_04462,58,F,Pune
CUST_04463,41,F,Delhi
CUST_04464,52,F,Delhi
CUST_04465,73,M,Pune
CUST_04466,47,M,Delhi
CUST_04467,74,F,Bangalore
CUST_04468,47,M,Pune
CUST_04469,64,M,Pune
CUST_04470,52,M,Delhi
CUST_04471,36,M,Mumbai
CUST_04472,67,F,Delhi
CUST_04473,25,F,Chennai
CUST_04474,43,F,Mumbai
CUST_04475,66,M,Pune
CUST_04476,57,M,Mumbai
CUST_04477,24,M,Bangalore
CUST_04478,47,M,Hyderabad
CUST_04479,24,F,Mumbai
CUST_04480,20,M,Chennai
CUST_04481,18,M,Hyderabad
CUST_04482,53,M,Bangalore
CUST_04483,42,F,Chennai
CUST_04484,54,M,Hyderabad
CUST_04485,18,M,Bangalore
CUST_04486,32,M,Hyderabad
CUST_04487,54,F,Hyderabad
CUST_04488,30,M,Delhi
CUST_04489,57,F,Chennai
CUST_04490,25,F,Chennai
CUST_04491,22,M,Mumbai
CUST_04492,26,F,Chennai
CUST_04493,18,M,Chennai
CUST_04494,53,F,Hyderabad
CUST_04495,52,M,Pune
CUST_04496,19,M,Delhi
CUST_04497,57,M,Mumbai
CUST_04498,40,M,Delhi
CUST_04499,26,Other,Mumbai
CUST_04500,51,M,Bangalore
CUST_04501,63,F,Hyderabad
CUST_04502,31,M,Chennai
CUST_04503,21,F,Chennai
CUST_04504,47,M,Pune
CUST_04505,48,M,Delhi
CUST_04506,55,M,Delhi
CUST_04507,28,F,Delhi
CUST_04508,52,M,Chennai
CUST_04509,25,M,Delhi
CUST_04510,20,M,Hyderabad
CUST_04511,31,F,Mumbai
CUST_04512,30,M,Chennai
CUST_04513,62,F,Hyderabad
CUST_04514,49,M,Bangalore
CUST_04515,51,F,Hyderabad
CUST_04516,62,F,Hyderabad
CUST_04517,36,M,Bangalore
CUST_04518,55,M,Hyderabad
CUST_04519,33,M,Mumbai
CUST_04520,19,M,Chennai
CUST_04521,57,M,Pune
CUST_04522,34,F,Bangalore
CUST_04523,72,M,Chennai
CUST_04524,51,F,Delhi
CUST_04525,59,M,Mumbai
CUST_04526,33,F,Pune
CUST_04527,55,M,Mumbai
CUST_04528,19,M,Mumbai
CUST_04529,19,M,Delhi
CUST_04530,43,M,Pune
CUST_04531,30,M,Mumbai
CUST_04532,73,F,Delhi
CUST_04533,64,F,Bangalore
CUST_04534,48,M,Delhi
CUST_04535,51,M,Hyderabad
CUST_04536,56,M,Chennai
CUST_04537,20,M,Delhi
CUST_04538,25,M,Delhi
CUST_04539,40,F,Delhi
CUST_04540,31,Other,Mumbai
CUST_04541,73,F,Pune
CUST_04542,72,M,Delhi
CUST_04543,44,F,Delhi
CUST_04544,71,F,Hyderabad
CUST_04545,46,M,Hyderabad
CUST_04546,56,M,Bangalore
CUST_04547,70,F,Bangalore
CUST_04548,56,M,Hyderabad
CUST_04549,18,M,Pune
CUST_04550,34,M,Bangalore
CUST_04551,58,F,Chennai
CUST_04552,47,M,Chennai
CUST_04553,70,F,Pune
CUST_04554,30,F,Hyderabad
CUST_04555,38,F,Bangalore
CUST_04556,36,M,Delhi
CUST_04557,70,F,Hyderabad
CUST_04558,36,M,Bangalore
CUST_04559,74,M,Pune
CUST_04560,42,M,Chennai
CUST_04561,39,M,Pune
CUST_04562,48,F,Bangalore
CUST_04563,34,M,Pune
CUST_04564,72,M,Bangalore
CUST_04565,40,M,Bangalore
CUST_04566,49,Other,Pune
CUST_04567,27,F,Mumbai
CUST_04568,27,F,Delhi
CUST_04569,53,M,Hyderabad
CUST_04570,25,M,Chennai
CUST_04571,71,F,Delhi
CUST_04572,69,M,Hyderabad
CUST_04573,37,M,Hyderabad
CUST_04574,49,F,Chennai
CUST_04575,67,M,Delhi
CUST_04576,31,F,Chennai
CUST_04577,67,M,Bangalore
CUST_04578,45,M,Chennai
CUST_04579,63,M,Pune
CUST_04580,69,M,Mumbai
CUST_04581,70,F,Mumbai
CUST_04582,41,F,Mumbai
CUST_04583,32,M,Delhi
CUST_04584,39,M,Delhi
CUST_04585,47,F,Bangalore
CUST_04586,21,F,Mumbai
CUST_04587,30,M,Bangalore
CUST_04588,40,M,Mumbai
CUST_04589,25,M,Delhi
CUST_04590,35,F,Pune
CUST_04591,29,F,Pune
CUST_04592,72,M,Pune
CUST_04593,48,F,Chennai
CUST_04594,31,M,Pune
CUST_04595,51,M,Hyderabad
CUST_04596,35,M,Mumbai
CUST_04597,73,F,Pune
CUST_04598,51,M,Hyderabad
CUST_04599,28,M,Hyderabad
CUST_04600,58,M,Hyderabad
CUST_04601,29,M,Bangalore
CUST_04602,66,M,Bangalore
CUST_04603,32,F,Hyderabad
CUST_04604,74,M,Chennai
CUST_04605,48,F,Pune
CUST_04606,66,M,Mumbai
CUST_04607,46,M,Chennai
CUST_04608,43,M,Delhi
CUST_04609,35,M,Bangalore
CUST_04610,49,M,Pune
CUST_04611,39,M,Pune
CUST_04612,55,F,Delhi
CUST_04613,34,F,Delhi
CUST_04614,40,M,Pune
CUST_04615,41,M,Delhi
CUST_04616,67,M,Pune
CUST_04617,25,M,Chennai
CUST_04618,58,M,Delhi
CUST_04619,23,F,Chennai
CUST_04620,22,M,Chennai
CUST_04621,61,M,Delhi
CUST_04622,74,M,Pune
CUST_04623,46,M,Hyderabad
CUST_04624,45,F,Pune
CUST_04625,28,M,Mumbai
CUST_04626,74,M,Delhi
CUST_04627,18,F,Bangalore
CUST_04628,60,M,Delhi
CUST_04629,36,F,Mumbai
CUST_04630,26,F,Chennai
CUST_04631,44,M,Bangalore
CUST_04632,51,F,Bangalore
CUST_04633,61,M,Pune
CUST_04634,21,M,Hyderabad
CUST_04635,53,M,Pune
CUST_04636,35,M,Bangalore
CUST_04637,32,F,Bangalore
CUST_04638,68,F,Hyderabad
CUST_04639,30,Other,Delhi
CUST_04640,36,F,Hyderabad
CUST_04641,66,M,Chennai
CUST_04642,23,M,Pune
CUST_04643,65,M,Delhi
CUST_04644,73,M,Pune
CUST_04645,29,M,Hyderabad
CUST_04646,68,F,Delhi
CUST_04647,54,M,Hyderabad
CUST_04648,34,M,Chennai
CUST_04649,40,M,Mumbai
CUST_04650,43,F,Bangalore
CUST_04651,46,F,Delhi
CUST_04652,50,F,Bangalore
CUST_04653,44,M,Mumbai
CUST_04654,42,F,Delhi
CUST_04655,73,M,Bangalore
CUST_04656,72,F,Bangalore
CUST_04657,27,M,Delhi
CUST_04658,64,M,Bangalore
CUST_04659,40,M,Bangalore
CUST_04660,38,F,Delhi
CUST_04661,38,M,Bangalore
CUST_04662,60,F,Bangalore
CUST_04663,30,M,Pune
CUST_04664,54,M,Chennai
CUST_04665,50,M,Pune
CUST_04666,41,M,Mumbai
CUST_04667,61,M,Pune
CUST_04668,28,M,Pune
CUST_04669,34,F,Mumbai
CUST_04670,21,M,Bangalore
CUST_04671,64,F,Bangalore
CUST_04672,42,F,Pune
CUST_04673,47,F,Mumbai
CUST_04674,26,M,Bangalore
CUST_04675,38,M,Hyderabad
CUST_04676,37,M,Delhi
CUST_04677,36,F,Delhi
CUST_04678,36,F,Chennai
CUST_04679,29,M,Delhi
CUST_04680,54,M,Pune
CUST_04681,59,F,Delhi
CUST_04682,34,M,Delhi
CUST_04683,54,F,Hyderabad
CUST_04684,71,M,Bangalore
CUST_04685,65,F,Hyderabad
CUST_04686,56,M,Pune
CUST_04687,45,M,Delhi
CUST_04688,58,F,Bangalore
CUST_04689,52,F,Chennai
CUST_04690,64,M,Chennai
CUST_04691,65,M,Delhi
CUST_04692,35,F,Delhi
CUST_04693,31,F,Chennai
CUST_04694,52,F,Chennai
CUST_04695,61,Other,Pune
CUST_04696,58,M,Delhi
CUST_04697,24,M,Chennai
CUST_04698,58,F,Mumbai
CUST_04699,30,F,Chennai
CUST_04700,35,M,Bangalore
CUST_04701,54,M,Bangalore
CUST_04702,30,F,Mumbai
CUST_04703,53,M,Pune
CUST_04704,48,M,Delhi
CUST_04705,19,M,Delhi
CUST_04706,33,F,Chennai
CUST_04707,26,F,Bangalore
CUST_04708,26,M,Pune
CUST_04709,55,F,Pune
CUST_04710,28,F,Pune
CUST_04711,71,M,Chennai
CUST_04712,73,F,Delhi
CUST_04713,39,M,Pune
CUST_04714,50,M,Chennai
CUST_04715,53,M,Chennai
CUST_04716,62,M,Mumbai
CUST_04717,40,M,Hyderabad
CUST_04718,62,F,Pune
CUST_04719,62,F,Hyderabad
CUST_04720,51,F,Delhi
CUST_04721,26,M,Chennai
CUST_04722,41,M,Pune
CUST_04723,25,M,Bangalore
CUST_04724,24,M,Delhi
CUST_04725,53,M,Mumbai
CUST_04726,35,F,Mumbai
CUST_04727,20,Other,Hyderabad
CUST_04728,45,M,Chennai
CUST_04729,23,M,Hyderabad
CUST_04730,61,F,Bangalore
CUST_04731,61,M,Bangalore
CUST_04732,38,F,Mumbai
CUST_04733,45,F,Pune
CUST_04734,57,F,Mumbai
CUST_04735,71,M,Mumbai
CUST_04736,71,F,Bangalore
CUST_04737,18,M,Hyderabad
CUST_04738,53,F,Bangalore
CUST_04739,38,M,Chennai
CUST_04740,60,M,Bangalore
CUST_04741,52,M,Bangalore
CUST_04742,30,M,Mumbai
CUST_04743,74,F,Pune
CUST_04744,66,F,Mumbai
CUST_04745,71,F,Delhi
CUST_04746,71,M,Bangalore
CUST_04747,27,F,Bangalore
CUST_04748,70,M,Delhi
CUST_04749,61,F,Bangalore
CUST_04750,64,F,Bangalore
CUST_04751,70,M,Chennai
CUST_04752,27,F,Bangalore
CUST_04753,63,M,Delhi
CUST_04754,30,M,Mumbai
CUST_04755,54,M,Bangalore
CUST_04756,55,M,Pune
CUST_04757,41,F,Delhi
CUST_04758,19,M,Hyderabad
CUST_04759,39,M,Chennai
CUST_04760,34,F,Delhi
CUST_04761,53,F,Mumbai
CUST_04762,31,F,Delhi
CUST_04763,27,F,Hyderabad
CUST_04764,52,F,Chennai
CUST_04765,42,M,Pune
CUST_04766,20,M,Hyderabad
CUST_04767,64,M,Delhi
CUST_04768,55,M,Hyderabad
CUST_04769,34,F,Delhi
CUST_04770,29,M,Pune
CUST_04771,71,F,Pune
CUST_04772,69,M,Mumbai
CUST_04773,41,M,Pune
CUST_04774,46,M,Bangalore
CUST_04775,60,F,Hyderabad
CUST_04776,42,F,Hyderabad
CUST_04777,53,F,Delhi
CUST_04778,43,M,Pune
CUST_04779,55,Other,Mumbai
CUST_04780,18,M,Mumbai
CUST_04781,37,M,Mumbai
CUST_04782,72,Other,Chennai
CUST_04783,45,M,Bangalore
CUST_04784,33,F,Pune
CUST_04785,64,M,Mumbai
CUST_04786,34,F,Bangalore
CUST_04787,57,F,Hyderabad
CUST_04788,45,M,Delhi
CUST_04789,29,F,Pune
CUST_04790,44,M,Pune
CUST_04791,71,F,Chennai
CUST_04792,70,M,Hyderabad
CUST_04793,59,M,Pune
CUST_04794,64,M,Chennai
CUST_04795,47,M,Chennai
CUST_04796,58,F,Chennai
CUST_04797,51,M,Pune
CUST_04798,54,M,Pune
CUST_04799,23,M,Pune
CUST_04800,24,M,Bangalore
CUST_04801,49,F,Chennai
CUST_04802,49,F,Bangalore
CUST_04803,70,M,Delhi
CUST_04804,42,F,Pune
CUST_04805,50,F,Hyderabad
CUST_04806,72,M,Mumbai
CUST_04807,24,F,Delhi
CUST_04808,69,M,Mumbai
CUST_04809,74,F,Mumbai
CUST_04810,29,F,Pune
CUST_04811,33,M,Hyderabad
CUST_04812,33,F,Mumbai
CUST_04813,60,F,Chennai
CUST_04814,70,M,Mumbai
CUST_04815,53,F,Delhi
CUST_04816,30,M,Hyderabad
CUST_04817,24,Other,Hyderabad
CUST_04818,53,F,Mumbai
CUST_04819,64,M,Hyderabad
CUST_04820,68,M,Delhi
CUST_04821,26,F,Delhi
CUST_04822,49,M,Delhi
CUST_04823,28,M,Chennai
CUST_04824,25,M,Pune
CUST_04825,50,M,Mumbai
CUST_04826,40,M,Hyderabad
CUST_04827,42,M,Delhi
CUST_04828,73,M,Mumbai
CUST_04829,25,F,Mumbai
CUST_04830,62,M,Pune
CUST_04831,39,M,Chennai
CUST_04832,21,M,Hyderabad
CUST_04833,57,F,Chennai
CUST_04834,20,M,Hyderabad
CUST_04835,46,M,Delhi
CUST_04836,58,M,Delhi
CUST_04837,46,F,Mumbai
CUST_04838,51,F,Hyderabad
CUST_04839,51,F,Hyderabad
CUST_04840,45,F,Chennai
CUST_04841,30,F,Delhi
CUST_04842,32,M,Bangalore
CUST_04843,40,F,Mumbai
CUST_04844,61,M,Hyderabad
CUST_04845,43,F,Pune
CUST_04846,21,F,Pune
CUST_04847,43,M,Bangalore
CUST_04848,57,M,Delhi
CUST_04849,26,M,Delhi
CUST_04850,72,F,Delhi
CUST_04851,22,F,Chennai
CUST_04852,73,F,Pune
CUST_04853,49,M,Delhi
CUST_04854,37,F,Pune
CUST_04855,67,F,Bangalore
CUST_04856,28,F,Mumbai
CUST_04857,32,M,Chennai
CUST_04858,49,M,Hyderabad
CUST_04859,45,F,Bangalore
CUST_04860,39,F,Pune
CUST_04861,58,F,Bangalore
CUST_04862,34,M,Hyderabad
CUST_04863,43,M,Chennai
CUST_04864,61,F,Mumbai
CUST_04865,24,M,Hyderabad
CUST_04866,59,F,Chennai
CUST_04867,74,M,Pune
CUST_04868,43,M,Hyderabad
CUST_04869,42,F,Bangalore
CUST_04870,27,F,Delhi
CUST_04871,62,M,Bangalore
CUST_04872,36,M,Pune
CUST_04873,28,F,Mumbai
CUST_04874,30,M,Hyderabad
CUST_04875,70,F,Mumbai
CUST_04876,25,M,Pune
CUST_04877,57,F,Hyderabad
CUST_04878,21,F,Chennai
CUST_04879,64,F,Chennai
CUST_04880,48,M,Bangalore
CUST_04881,45,F,Bangalore
CUST_04882,28,M,Pune
CUST_04883,60,M,Chennai
CUST_04884,18,Other,Hyderabad
CUST_04885,66,F,Chennai
CUST_04886,64,F,Bangalore
CUST_04887,69,M,Pune
CUST_04888,55,M,Chennai
CUST_04889,41,M,Pune
CUST_04890,71,F,Chennai
CUST_04891,74,F,Mumbai
CUST_04892,64,M,Chennai
CUST_04893,48,F,Bangalore
CUST_04894,58,M,Hyderabad
CUST_04895,63,M,Bangalore
CUST_04896,67,M,Bangalore
CUST_04897,43,M,Bangalore
CUST_04898,66,M,Pune
CUST_04899,67,F,Delhi
CUST_04900,22,M,Delhi
CUST_04901,37,F,Mumbai
CUST_04902,69,M,Bangalore
CUST_04903,58,Other,Delhi
CUST_04904,28,F,Mumbai
CUST_04905,73,F,Pune
CUST_04906,71,M,Bangalore
CUST_04907,50,F,Hyderabad
CUST_04908,67,F,Pune
CUST_04909,55,M,Mumbai
CUST_04910,44,M,Pune
CUST_04911,51,M,Hyderabad
CUST_04912,32,F,Pune
CUST_04913,49,M,Mumbai
CUST_04914,38,M,Hyderabad
CUST_04915,63,M,Hyderabad
CUST_04916,22,M,Pune
CUST_04917,23,F,Hyderabad
CUST_04918,55,M,Pune
CUST_04919,39,F,Bangalore
CUST_04920,35,F,Hyderabad
CUST_04921,31,M,Pune
CUST_04922,27,F,Bangalore
CUST_04923,63,M,Hyderabad
CUST_04924,30,F,Bangalore
CUST_04925,48,M,Chennai
CUST_04926,47,F,Hyderabad
CUST_04927,20,M,Chennai
CUST_04928,47,M,Mumbai
CUST_04929,23,F,Mumbai
CUST_04930,46,M,Pune
CUST_04931,25,F,Delhi
CUST_04932,61,M,Chennai
CUST_04933,62,F,Chennai
CUST_04934,60,M,Mumbai
CUST_04935,61,F,Chennai
CUST_04936,50,M,Delhi
CUST_04937,34,M,Bangalore
CUST_04938,65,M,Bangalore
CUST_04939,28,F,Delhi
CUST_04940,30,M,Chennai
CUST_04941,67,F,Chennai
CUST_04942,28,F,Chennai
CUST_04943,48,M,Pune
CUST_04944,45,F,Hyderabad
CUST_04945,61,M,Delhi
CUST_04946,23,M,Delhi
CUST_04947,58,F,Delhi
CUST_04948,33,F,Delhi
CUST_04949,21,F,Delhi
CUST_04950,52,M,Chennai
CUST_04951,65,M,Pune
CUST_04952,73,M,Mumbai
CUST_04953,43,F,Chennai
CUST_04954,74,M,Chennai
CUST_04955,29,F,Hyderabad
CUST_04956,28,M,Mumbai
CUST_04957,54,M,Delhi
CUST_04958,42,M,Mumbai
CUST_04959,35,M,Pune
CUST_04960,36,M,Bangalore
CUST_04961,40,F,Chennai
CUST_04962,72,F,Mumbai
CUST_04963,55,M,Hyderabad
CUST_04964,71,M,Pune
CUST_04965,35,M,Bangalore
CUST_04966,43,F,Pune
CUST_04967,23,M,Delhi
CUST_04968,21,F,Bangalore
CUST_04969,61,M,Hyderabad
CUST_04970,68,M,Bangalore
CUST_04971,46,F,Hyderabad
CUST_04972,51,M,Delhi
CUST_04973,34,F,Hyderabad
CUST_04974,60,M,Pune
CUST_04975,60,M,Mumbai
CUST_04976,70,M,Pune
CUST_04977,33,F,Chennai
CUST_04978,19,F,Pune
CUST_04979,51,M,Bangalore
CUST_04980,72,F,Delhi
CUST_04981,25,M,Chennai
CUST_04982,30,M,Chennai
CUST_04983,59,M,Chennai
CUST_04984,25,M,Mumbai
CUST_04985,47,M,Hyderabad
CUST_04986,49,Other,Bangalore
CUST_04987,53,M,Delhi
CUST_04988,64,M,Mumbai
CUST_04989,47,M,Pune
CUST_04990,18,F,Delhi
CUST_04991,60,F,Chennai
CUST_04992,56,M,Delhi
CUST_04993,34,M,Delhi
CUST_04994,37,M,Pune
CUST_04995,41,M,Hyderabad
CUST_04996,67,M,Bangalore
CUST_04997,39,M,Chennai
CUST_04998,46,M,Hyderabad
CUST_04999,39,M,Mumbai
CUST_05000,61,M,Chennai
