CustomerID,Recency,Frequency,Monetary,Cluster,Segment
CUST_00001,9,112,220463.46,1,Champions
CUST_00002,175,47,48261.1,2,At Risk / Churning
CUST_00003,8,101,225860.45,1,Champions
CUST_00004,11,33,15299.61,3,Average / Developing
CUST_00005,28,16,4253.6,0,Average / Developing
CUST_00006,73,23,11599.96,0,Average / Developing
CUST_00007,79,11,3021.69,0,Average / Developing
CUST_00008,121,74,68997.97,2,At Risk / Churning
CUST_00009,70,77,65393.68,2,At Risk / Churning
CUST_00010,47,30,14287.89,0,Average / Developing
CUST_00011,31,54,37639.21,3,Average / Developing
CUST_00012,18,6,1091.1100000000001,0,Average / Developing
CUST_00013,78,54,50212.79,3,Average / Developing
CUST_00014,8,126,208552.03,1,Champions
CUST_00015,14,94,168360.67,1,Champions
CUST_00016,9,26,14837.58,3,Average / Developing
CUST_00017,25,9,2185.77,0,Average / Developing
CUST_00018,43,11,2156.28,0,Average / Developing
CUST_00019,11,46,40128.67,3,Average / Developing
CUST_00020,29,13,2315.2799999999997,0,Average / Developing
CUST_00021,30,11,2412.73,0,Average / Developing
CUST_00022,141,81,95019.73,2,At Risk / Churning
CUST_00023,42,37,20994.15,3,Average / Developing
CUST_00024,36,15,3723.6,0,Average / Developing
CUST_00025,11,72,146733.62,1,Champions
CUST_00026,23,21,16387.89,0,Average / Developing
CUST_00027,54,9,1051.33,0,Average / Developing
CUST_00028,17,37,27945.260000000002,3,Average / Developing
CUST_00029,38,51,41215.17,3,Average / Developing
CUST_00030,38,51,37140.04,3,Average / Developing
CUST_00031,42,26,21049.260000000002,0,Average / Developing
CUST_00032,14,91,177677.58000000002,1,Champions
CUST_00033,137,6,1044.69,2,At Risk / Churning
CUST_00034,19,35,31393.45,3,Average / Developing
CUST_00035,19,17,3416.42,0,Average / Developing
CUST_00036,10,13,1589.81,0,Average / Developing
CUST_00037,17,20,12469.49,0,Average / Developing
CUST_00038,178,59,51296.52,2,At Risk / Churning
CUST_00039,4,140,244873.21,1,Champions
CUST_00040,69,22,11294.64,0,Average / Developing
CUST_00041,43,30,22904.03,3,Average / Developing
CUST_00042,21,31,16758.66,3,Average / Developing
CUST_00043,40,44,25862.9,3,Average / Developing
CUST_00044,41,44,25640.440000000002,3,Average / Developing
CUST_00045,11,53,39962.55,3,Average / Developing
CUST_00046,23,124,258332.02,1,Champions
CUST_00047,29,48,33620.44,3,Average / Developing
CUST_00048,117,46,56542.01,2,At Risk / Churning
CUST_00049,159,46,53249.15,2,At Risk / Churning
CUST_00050,19,16,2904.52,0,Average / Developing
CUST_00051,82,36,31920.47,0,Average / Developing
CUST_00052,70,83,81209.13,2,At Risk / Churning
CUST_00053,123,48,69249.73999999999,2,At Risk / Churning
CUST_00054,84,30,23381.77,0,Average / Developing
CUST_00055,7,93,172686.62,1,Champions
CUST_00056,80,12,1762.03,0,Average / Developing
CUST_00057,45,50,28067.39,3,Average / Developing
CUST_00058,55,45,29655.43,3,Average / Developing
CUST_00059,33,24,7800.25,0,Average / Developing
CUST_00060,47,9,1782.5900000000001,0,Average / Developing
CUST_00061,29,27,17083.06,0,Average / Developing
CUST_00062,84,65,81856.0,2,At Risk / Churning
CUST_00063,1,77,152625.93,1,Champions
CUST_00064,18,25,18712.45,3,Average / Developing
CUST_00065,18,48,33613.32,3,Average / Developing
CUST_00066,51,30,21193.03,0,Average / Developing
CUST_00067,54,32,17559.0,0,Average / Developing
CUST_00068,159,77,88608.95999999999,2,At Risk / Churning
CUST_00069,28,46,27508.78,3,Average / Developing
CUST_00070,1,39,28947.61,3,Average / Developing
CUST_00071,39,24,14404.14,0,Average / Developing
CUST_00072,22,48,30932.010000000002,3,Average / Developing
CUST_00073,140,46,50955.12,2,At Risk / Churning
CUST_00074,9,74,144342.03,1,Champions
CUST_00075,107,70,76504.53,2,At Risk / Churning
CUST_00076,8,73,136498.16,1,Champions
CUST_00077,183,51,57540.99,2,At Risk / Churning
CUST_00078,19,12,2139.11,0,Average / Developing
CUST_00079,8,41,38566.71,3,Average / Developing
CUST_00080,6,32,19932.33,3,Average / Developing
CUST_00081,49,21,13252.44,0,Average / Developing
CUST_00082,12,99,163198.54,1,Champions
CUST_00083,119,67,55899.7,2,At Risk / Churning
CUST_00084,14,44,45646.29,3,Average / Developing
CUST_00085,6,135,244451.1,1,Champions
CUST_00086,17,28,13469.25,3,Average / Developing
CUST_00087,14,45,39070.03,3,Average / Developing
CUST_00088,42,8,944.04,0,Average / Developing
CUST_00089,49,22,12294.79,0,Average / Developing
CUST_00090,9,147,248765.54,1,Champions
CUST_00091,33,50,41217.9,3,Average / Developing
CUST_00092,7,144,287935.9,1,Champions
CUST_00093,74,31,28405.63,0,Average / Developing
CUST_00094,32,52,27488.42,3,Average / Developing
CUST_00095,17,37,18157.09,3,Average / Developing
CUST_00096,28,29,26053.26,3,Average / Developing
CUST_00097,62,13,1978.8600000000001,0,Average / Developing
CUST_00098,52,54,37249.71,3,Average / Developing
CUST_00099,54,49,34587.6,3,Average / Developing
CUST_00100,17,34,23740.55,3,Average / Developing
CUST_00101,26,32,23789.68,3,Average / Developing
CUST_00102,42,35,31934.36,3,Average / Developing
CUST_00103,14,23,16466.829999999998,0,Average / Developing
CUST_00104,106,9,2256.64,0,Average / Developing
CUST_00105,12,144,258945.93,1,Champions
CUST_00106,160,73,99863.89,2,At Risk / Churning
CUST_00107,32,48,34969.12,3,Average / Developing
CUST_00108,55,24,20361.96,0,Average / Developing
CUST_00109,24,46,25591.87,3,Average / Developing
CUST_00110,35,14,3563.58,0,Average / Developing
CUST_00111,5,84,144561.16,1,Champions
CUST_00112,183,40,40314.04,2,At Risk / Churning
CUST_00113,106,14,4599.97,0,Average / Developing
CUST_00114,37,15,3453.02,0,Average / Developing
CUST_00115,18,42,37782.65,3,Average / Developing
CUST_00116,4,108,222426.06,1,Champions
CUST_00117,106,17,2750.39,0,Average / Developing
CUST_00118,68,6,668.5,0,Average / Developing
CUST_00119,47,25,22657.42,0,Average / Developing
CUST_00120,41,38,33430.29,3,Average / Developing
CUST_00121,65,13,2388.18,0,Average / Developing
CUST_00122,66,29,17351.489999999998,0,Average / Developing
CUST_00123,14,9,1227.34,0,Average / Developing
CUST_00124,136,43,52112.21,2,At Risk / Churning
CUST_00125,47,11,1720.26,0,Average / Developing
CUST_00126,157,31,31375.63,2,At Risk / Churning
CUST_00127,37,26,12659.05,0,Average / Developing
CUST_00128,28,47,28282.329999999998,3,Average / Developing
CUST_00129,57,28,21746.68,0,Average / Developing
CUST_00130,191,51,52222.8,2,At Risk / Churning
CUST_00131,159,58,58779.96,2,At Risk / Churning
CUST_00132,8,127,179035.52,1,Champions
CUST_00133,175,67,62686.9,2,At Risk / Churning
CUST_00134,7,129,223075.38999999998,1,Champions
CUST_00135,54,12,3797.39,0,Average / Developing
CUST_00136,96,20,15087.29,0,Average / Developing
CUST_00137,35,34,25447.0,3,Average / Developing
CUST_00138,4,86,145215.55,1,Champions
CUST_00139,105,77,74793.55,2,At Risk / Churning
CUST_00140,120,40,52554.19,2,At Risk / Churning
CUST_00141,27,105,162336.18,1,Champions
CUST_00142,170,7,818.74,2,At Risk / Churning
CUST_00143,164,81,87084.8,2,At Risk / Churning
CUST_00144,92,20,13087.59,0,Average / Developing
CUST_00145,33,36,28036.69,3,Average / Developing
CUST_00146,20,11,1501.02,0,Average / Developing
CUST_00147,54,31,18882.739999999998,0,Average / Developing
CUST_00148,8,122,215885.15,1,Champions
CUST_00149,23,45,31346.41,3,Average / Developing
CUST_00150,87,63,51154.15,2,At Risk / Churning
CUST_00151,69,82,93936.88,2,At Risk / Churning
CUST_00152,12,84,195901.63,1,Champions
CUST_00153,172,86,93138.77,2,At Risk / Churning
CUST_00154,42,8,1856.22,0,Average / Developing
CUST_00155,53,43,26480.66,3,Average / Developing
CUST_00156,67,39,21015.61,3,Average / Developing
CUST_00157,85,5,1185.14,0,Average / Developing
CUST_00158,63,10,1058.21,0,Average / Developing
CUST_00159,47,25,14047.039999999999,0,Average / Developing
CUST_00160,19,54,46657.5,3,Average / Developing
CUST_00161,35,27,11764.08,0,Average / Developing
CUST_00162,74,7,1153.0,0,Average / Developing
CUST_00163,83,23,11447.02,0,Average / Developing
CUST_00164,40,39,29756.86,3,Average / Developing
CUST_00165,5,131,233052.05,1,Champions
CUST_00166,78,42,50792.28,3,Average / Developing
CUST_00167,34,32,22882.17,3,Average / Developing
CUST_00168,37,37,29132.87,3,Average / Developing
CUST_00169,8,13,4835.0599999999995,0,Average / Developing
CUST_00170,28,23,10018.21,0,Average / Developing
CUST_00171,161,42,43063.83,2,At Risk / Churning
CUST_00172,42,8,1616.94,0,Average / Developing
CUST_00173,37,17,2591.98,0,Average / Developing
CUST_00174,31,52,36447.340000000004,3,Average / Developing
CUST_00175,127,56,63577.63,2,At Risk / Churning
CUST_00176,32,10,1126.07,0,Average / Developing
CUST_00177,152,41,36838.93,2,At Risk / Churning
CUST_00178,28,8,804.68,0,Average / Developing
CUST_00179,33,22,10902.03,0,Average / Developing
CUST_00180,177,89,106574.36,2,At Risk / Churning
CUST_00181,8,40,22136.75,3,Average / Developing
CUST_00182,52,26,13465.52,0,Average / Developing
CUST_00183,10,132,251712.79,1,Champions
CUST_00184,28,45,32231.45,3,Average / Developing
CUST_00185,103,68,100586.77,2,At Risk / Churning
CUST_00186,156,66,61739.48,2,At Risk / Churning
CUST_00187,25,22,13363.039999999999,0,Average / Developing
CUST_00188,38,31,21019.56,3,Average / Developing
CUST_00189,33,5,246.95,0,Average / Developing
CUST_00190,4,85,158257.58,1,Champions
CUST_00191,26,41,19707.72,3,Average / Developing
CUST_00192,38,34,18357.71,3,Average / Developing
CUST_00193,95,82,64086.33,2,At Risk / Churning
CUST_00194,46,11,1721.07,0,Average / Developing
CUST_00195,12,74,115279.15,3,Average / Developing
CUST_00196,129,52,40049.11,2,At Risk / Churning
CUST_00197,76,16,3023.06,0,Average / Developing
CUST_00198,29,8,1779.3600000000001,0,Average / Developing
CUST_00199,123,52,69411.88,2,At Risk / Churning
CUST_00200,83,30,21569.57,0,Average / Developing
CUST_00201,171,81,89833.25,2,At Risk / Churning
CUST_00202,54,15,2357.8,0,Average / Developing
CUST_00203,129,72,73294.63,2,At Risk / Churning
CUST_00204,102,9,1229.25,0,Average / Developing
CUST_00205,68,75,73895.83,3,Average / Developing
CUST_00206,47,29,29461.84,0,Average / Developing
CUST_00207,37,16,3268.26,0,Average / Developing
CUST_00208,13,142,268319.7,1,Champions
CUST_00209,13,84,179366.63999999998,1,Champions
CUST_00210,33,17,3798.63,0,Average / Developing
CUST_00211,136,57,58765.84,2,At Risk / Churning
CUST_00212,32,14,2198.1099999999997,0,Average / Developing
CUST_00213,56,9,1518.1200000000001,0,Average / Developing
CUST_00214,31,41,31229.28,3,Average / Developing
CUST_00215,47,45,32107.02,3,Average / Developing
CUST_00216,20,16,3216.91,0,Average / Developing
CUST_00217,60,30,22635.12,0,Average / Developing
CUST_00218,47,20,12727.710000000001,0,Average / Developing
CUST_00219,13,38,40575.72,3,Average / Developing
CUST_00220,183,65,59523.18,2,At Risk / Churning
CUST_00221,15,50,39855.54,3,Average / Developing
CUST_00222,48,42,22638.989999999998,3,Average / Developing
CUST_00223,47,16,2467.95,0,Average / Developing
CUST_00224,167,47,54387.85,2,At Risk / Churning
CUST_00225,7,50,40315.61,3,Average / Developing
CUST_00226,11,46,36731.6,3,Average / Developing
CUST_00227,36,14,2597.92,0,Average / Developing
CUST_00228,45,25,31756.41,0,Average / Developing
CUST_00229,80,78,93759.08,2,At Risk / Churning
CUST_00230,96,72,79619.38,2,At Risk / Churning
CUST_00231,28,10,1371.4,0,Average / Developing
CUST_00232,60,10,1313.03,0,Average / Developing
CUST_00233,27,45,34413.93,3,Average / Developing
CUST_00234,46,16,2807.46,0,Average / Developing
CUST_00235,7,43,42870.4,3,Average / Developing
CUST_00236,123,35,28441.73,2,At Risk / Churning
CUST_00237,46,17,3048.49,0,Average / Developing
CUST_00238,124,89,73942.34,2,At Risk / Churning
CUST_00239,53,9,1266.32,0,Average / Developing
CUST_00240,37,23,12372.66,0,Average / Developing
CUST_00241,126,58,62823.68,2,At Risk / Churning
CUST_00242,39,46,35063.33,3,Average / Developing
CUST_00243,132,66,78965.64,2,At Risk / Churning
CUST_00244,5,121,242568.83000000002,1,Champions
CUST_00245,8,95,178331.92,1,Champions
CUST_00246,13,24,12784.14,0,Average / Developing
CUST_00247,129,67,74608.22,2,At Risk / Churning
CUST_00248,17,33,17952.67,3,Average / Developing
CUST_00249,36,25,15532.29,0,Average / Developing
CUST_00250,146,65,71751.92,2,At Risk / Churning
CUST_00251,34,8,1229.72,0,Average / Developing
CUST_00252,31,7,964.19,0,Average / Developing
CUST_00253,35,26,13169.23,0,Average / Developing
CUST_00254,156,31,21132.62,2,At Risk / Churning
CUST_00255,142,41,45160.84,2,At Risk / Churning
CUST_00256,53,17,3998.21,0,Average / Developing
CUST_00257,39,35,22586.82,3,Average / Developing
CUST_00258,35,22,12868.43,0,Average / Developing
CUST_00259,27,35,28305.45,3,Average / Developing
CUST_00260,38,20,13774.96,0,Average / Developing
CUST_00261,120,61,70682.15,2,At Risk / Churning
CUST_00262,18,6,1139.84,0,Average / Developing
CUST_00263,53,21,13115.93,0,Average / Developing
CUST_00264,49,31,25420.56,3,Average / Developing
CUST_00265,67,81,102933.99,2,At Risk / Churning
CUST_00266,38,8,1428.16,0,Average / Developing
CUST_00267,34,48,33519.74,3,Average / Developing
CUST_00268,56,8,1212.65,0,Average / Developing
CUST_00269,49,8,1690.93,0,Average / Developing
CUST_00270,48,27,18953.28,0,Average / Developing
CUST_00271,44,37,43365.25,3,Average / Developing
CUST_00272,126,74,74849.12,2,At Risk / Churning
CUST_00273,151,88,81228.74,2,At Risk / Churning
CUST_00274,40,6,1305.29,0,Average / Developing
CUST_00275,69,30,22099.260000000002,0,Average / Developing
CUST_00276,22,35,23814.14,3,Average / Developing
CUST_00277,31,43,40416.71,3,Average / Developing
CUST_00278,34,14,3518.15,0,Average / Developing
CUST_00279,4,74,153672.39,1,Champions
CUST_00280,19,49,29573.72,3,Average / Developing
CUST_00281,88,5,618.59,0,Average / Developing
CUST_00282,21,45,27925.5,3,Average / Developing
CUST_00283,31,43,31003.38,3,Average / Developing
CUST_00284,50,8,1320.1499999999999,0,Average / Developing
CUST_00285,43,22,14636.61,0,Average / Developing
CUST_00286,9,124,188224.17,1,Champions
CUST_00287,48,44,46337.22,3,Average / Developing
CUST_00288,42,13,1791.69,0,Average / Developing
CUST_00289,37,32,16061.87,3,Average / Developing
CUST_00290,54,30,18539.17,0,Average / Developing
CUST_00291,6,127,268573.41,1,Champions
CUST_00292,78,42,68679.83,3,Average / Developing
CUST_00293,177,78,87267.01,2,At Risk / Churning
CUST_00294,92,40,30260.649999999998,2,At Risk / Churning
CUST_00295,19,38,26756.67,3,Average / Developing
CUST_00296,89,70,81266.74,2,At Risk / Churning
CUST_00297,24,6,1329.06,0,Average / Developing
CUST_00298,85,63,70641.35,2,At Risk / Churning
CUST_00299,12,16,2321.96,0,Average / Developing
CUST_00300,35,40,40294.69,3,Average / Developing
CUST_00301,130,70,67141.21,2,At Risk / Churning
CUST_00302,33,26,16562.44,0,Average / Developing
CUST_00303,32,51,49215.72,3,Average / Developing
CUST_00304,4,112,212821.36,1,Champions
CUST_00305,65,24,15959.689999999999,0,Average / Developing
CUST_00306,111,61,54956.24,2,At Risk / Churning
CUST_00307,6,139,280469.15,1,Champions
CUST_00308,14,16,2241.7999999999997,0,Average / Developing
CUST_00309,130,37,39304.51,2,At Risk / Churning
CUST_00310,66,31,27549.03,0,Average / Developing
CUST_00311,9,79,108454.06999999999,3,Average / Developing
CUST_00312,13,140,266140.71,1,Champions
CUST_00313,46,10,2637.6000000000004,0,Average / Developing
CUST_00314,18,10,1105.01,0,Average / Developing
CUST_00315,26,20,28826.14,0,Average / Developing
CUST_00316,125,70,67318.39,2,At Risk / Churning
CUST_00317,24,44,26204.61,3,Average / Developing
CUST_00318,22,53,36248.3,3,Average / Developing
CUST_00319,41,5,958.0799999999999,0,Average / Developing
CUST_00320,8,37,28323.82,3,Average / Developing
CUST_00321,23,14,3092.7599999999998,0,Average / Developing
CUST_00322,9,87,172605.74,1,Champions
CUST_00323,162,46,63467.7,2,At Risk / Churning
CUST_00324,17,137,292864.9,1,Champions
CUST_00325,60,20,12423.23,0,Average / Developing
CUST_00326,153,46,49060.59,2,At Risk / Churning
CUST_00327,41,32,33946.7,3,Average / Developing
CUST_00328,163,60,58503.87,2,At Risk / Churning
CUST_00329,27,54,45543.11,3,Average / Developing
CUST_00330,102,31,30495.43,2,At Risk / Churning
CUST_00331,36,52,40031.28,3,Average / Developing
CUST_00332,19,68,148542.71,1,Champions
CUST_00333,24,49,35110.36,3,Average / Developing
CUST_00334,16,35,17945.92,3,Average / Developing
CUST_00335,20,21,16261.82,0,Average / Developing
CUST_00336,4,104,223069.31,1,Champions
CUST_00337,111,60,58900.2,2,At Risk / Churning
CUST_00338,44,35,23419.95,3,Average / Developing
CUST_00339,7,130,271628.29,1,Champions
CUST_00340,155,37,35896.06,2,At Risk / Churning
CUST_00341,51,10,1359.06,0,Average / Developing
CUST_00342,133,42,41413.25,2,At Risk / Churning
CUST_00343,170,49,86842.26,2,At Risk / Churning
CUST_00344,57,17,2801.41,0,Average / Developing
CUST_00345,83,14,2671.11,0,Average / Developing
CUST_00346,9,120,246664.9,1,Champions
CUST_00347,23,9,1527.99,0,Average / Developing
CUST_00348,26,17,2309.3199999999997,0,Average / Developing
CUST_00349,9,30,28452.95,3,Average / Developing
CUST_00350,10,77,142289.41,1,Champions
CUST_00351,27,41,37976.08,3,Average / Developing
CUST_00352,27,10,1416.05,0,Average / Developing
CUST_00353,29,17,2617.64,0,Average / Developing
CUST_00354,198,32,42606.72,2,At Risk / Churning
CUST_00355,2,106,166002.28,1,Champions
CUST_00356,19,44,32475.94,3,Average / Developing
CUST_00357,72,77,72507.58,2,At Risk / Churning
CUST_00358,35,46,26607.25,3,Average / Developing
CUST_00359,43,38,27733.23,3,Average / Developing
CUST_00360,20,16,2991.28,0,Average / Developing
CUST_00361,41,14,2609.01,0,Average / Developing
CUST_00362,177,60,67226.98,2,At Risk / Churning
CUST_00363,27,27,16671.43,0,Average / Developing
CUST_00364,36,53,45567.41,3,Average / Developing
CUST_00365,24,54,41968.84,3,Average / Developing
CUST_00366,38,17,3920.5899999999997,0,Average / Developing
CUST_00367,32,39,25021.61,3,Average / Developing
CUST_00368,17,48,33090.61,3,Average / Developing
CUST_00369,126,40,45351.62,2,At Risk / Churning
CUST_00370,37,8,3138.92,0,Average / Developing
CUST_00371,15,17,3919.15,0,Average / Developing
CUST_00372,12,63,102251.29,3,Average / Developing
CUST_00373,54,27,17782.36,0,Average / Developing
CUST_00374,6,85,169208.93,1,Champions
CUST_00375,24,9,1783.95,0,Average / Developing
CUST_00376,172,51,41498.55,2,At Risk / Churning
CUST_00377,131,44,64550.020000000004,2,At Risk / Churning
CUST_00378,22,16,2682.94,0,Average / Developing
CUST_00379,24,28,16105.43,3,Average / Developing
CUST_00380,31,15,4179.36,0,Average / Developing
CUST_00381,115,77,81433.24,2,At Risk / Churning
CUST_00382,14,52,40285.21,3,Average / Developing
CUST_00383,155,57,100098.97,2,At Risk / Churning
CUST_00384,6,86,189199.94999999998,1,Champions
CUST_00385,7,130,242570.38,1,Champions
CUST_00386,7,104,209972.5,1,Champions
CUST_00387,68,12,2663.07,0,Average / Developing
CUST_00388,19,10,1154.89,0,Average / Developing
CUST_00389,172,66,86053.58,2,At Risk / Churning
CUST_00390,52,28,15543.6,0,Average / Developing
CUST_00391,10,134,260990.57,1,Champions
CUST_00392,30,54,28376.4,3,Average / Developing
CUST_00393,67,6,1340.51,0,Average / Developing
CUST_00394,14,109,194286.63,1,Champions
CUST_00395,15,30,19460.13,3,Average / Developing
CUST_00396,94,71,77951.05,2,At Risk / Churning
CUST_00397,17,16,2925.37,0,Average / Developing
CUST_00398,101,68,79524.49,2,At Risk / Churning
CUST_00399,66,22,14754.380000000001,0,Average / Developing
CUST_00400,87,6,1284.91,0,Average / Developing
CUST_00401,19,67,149215.73,1,Champions
CUST_00402,3,103,213362.87,1,Champions
CUST_00403,40,51,34416.64,3,Average / Developing
CUST_00404,93,78,84410.64,2,At Risk / Churning
CUST_00405,7,143,262326.57,1,Champions
CUST_00406,16,11,2393.62,0,Average / Developing
CUST_00407,27,32,22567.98,3,Average / Developing
CUST_00408,99,36,32590.57,2,At Risk / Churning
CUST_00409,157,31,29222.54,2,At Risk / Churning
CUST_00410,6,40,22610.02,3,Average / Developing
CUST_00411,4,88,149879.12,1,Champions
CUST_00412,137,20,16023.74,2,At Risk / Churning
CUST_00413,42,28,18728.11,0,Average / Developing
CUST_00414,19,26,13496.83,3,Average / Developing
CUST_00415,10,133,233887.33000000002,1,Champions
CUST_00416,143,75,75042.65,2,At Risk / Churning
CUST_00417,5,144,259247.62,1,Champions
CUST_00418,9,48,34300.66,3,Average / Developing
CUST_00419,40,52,30714.64,3,Average / Developing
CUST_00420,171,32,26843.13,2,At Risk / Churning
CUST_00421,41,47,29100.57,3,Average / Developing
CUST_00422,40,47,32236.65,3,Average / Developing
CUST_00423,99,85,76853.57,2,At Risk / Churning
CUST_00424,179,68,57898.81,2,At Risk / Churning
CUST_00425,2,112,220308.95,1,Champions
CUST_00426,30,10,1980.74,0,Average / Developing
CUST_00427,31,46,38595.81,3,Average / Developing
CUST_00428,60,37,23617.94,3,Average / Developing
CUST_00429,7,134,273626.4,1,Champions
CUST_00430,170,59,42653.64,2,At Risk / Churning
CUST_00431,35,13,2913.1,0,Average / Developing
CUST_00432,19,31,17606.44,3,Average / Developing
CUST_00433,36,48,28996.58,3,Average / Developing
CUST_00434,71,14,3956.07,0,Average / Developing
CUST_00435,80,10,1031.87,0,Average / Developing
CUST_00436,8,112,219373.27,1,Champions
CUST_00437,25,14,1445.6000000000001,0,Average / Developing
CUST_00438,22,46,39992.18,3,Average / Developing
CUST_00439,4,106,195902.36000000002,1,Champions
CUST_00440,41,8,1345.67,0,Average / Developing
CUST_00441,200,36,20915.21,2,At Risk / Churning
CUST_00442,34,12,2582.22,0,Average / Developing
CUST_00443,39,11,2453.16,0,Average / Developing
CUST_00444,25,16,2969.81,0,Average / Developing
CUST_00445,39,20,17399.079999999998,0,Average / Developing
CUST_00446,83,15,3058.98,0,Average / Developing
CUST_00447,28,9,1449.8600000000001,0,Average / Developing
CUST_00448,15,77,177997.27,1,Champions
CUST_00449,42,33,25730.489999999998,3,Average / Developing
CUST_00450,112,75,79473.77,2,At Risk / Churning
CUST_00451,28,42,52861.38,3,Average / Developing
CUST_00452,168,75,74587.51,2,At Risk / Churning
CUST_00453,2,107,216815.6,1,Champions
CUST_00454,161,84,74079.94,2,At Risk / Churning
CUST_00455,26,25,16435.1,0,Average / Developing
CUST_00456,172,78,80887.11,2,At Risk / Churning
CUST_00457,9,95,200465.25,1,Champions
CUST_00458,9,126,284601.34,1,Champions
CUST_00459,129,85,84532.47,2,At Risk / Churning
CUST_00460,10,134,282413.83,1,Champions
CUST_00461,46,15,4542.75,0,Average / Developing
CUST_00462,145,34,41915.18,2,At Risk / Churning
CUST_00463,66,13,2603.43,0,Average / Developing
CUST_00464,13,148,230032.27,1,Champions
CUST_00465,18,15,3271.2,0,Average / Developing
CUST_00466,35,9,1451.82,0,Average / Developing
CUST_00467,7,90,162997.82,1,Champions
CUST_00468,22,13,2353.95,0,Average / Developing
CUST_00469,175,63,72112.25,2,At Risk / Churning
CUST_00470,173,50,49133.57,2,At Risk / Churning
CUST_00471,18,40,19907.29,3,Average / Developing
CUST_00472,33,17,2191.14,0,Average / Developing
CUST_00473,30,22,12616.99,0,Average / Developing
CUST_00474,159,50,75760.14,2,At Risk / Churning
CUST_00475,73,51,43148.93,3,Average / Developing
CUST_00476,166,67,74132.64,2,At Risk / Churning
CUST_00477,54,10,2364.12,0,Average / Developing
CUST_00478,23,8,1858.9099999999999,0,Average / Developing
CUST_00479,138,35,44278.7,2,At Risk / Churning
CUST_00480,15,43,26204.23,3,Average / Developing
CUST_00481,10,63,114066.4,3,Average / Developing
CUST_00482,8,48,27019.04,3,Average / Developing
CUST_00483,6,111,208572.18,1,Champions
CUST_00484,35,28,16383.06,0,Average / Developing
CUST_00485,82,11,2250.38,0,Average / Developing
CUST_00486,24,39,26488.329999999998,3,Average / Developing
CUST_00487,5,125,268847.38,1,Champions
CUST_00488,41,16,3793.1800000000003,0,Average / Developing
CUST_00489,82,67,66147.34,2,At Risk / Churning
CUST_00490,44,26,17895.73,0,Average / Developing
CUST_00491,49,22,15132.41,0,Average / Developing
CUST_00492,84,33,42304.3,0,Average / Developing
CUST_00493,33,20,11914.21,0,Average / Developing
CUST_00494,47,15,3100.17,0,Average / Developing
CUST_00495,142,84,84276.24,2,At Risk / Churning
CUST_00496,90,56,63996.92,2,At Risk / Churning
CUST_00497,5,33,24633.38,3,Average / Developing
CUST_00498,33,17,2966.71,0,Average / Developing
CUST_00499,7,84,185102.51,1,Champions
CUST_00500,74,78,71249.56,2,At Risk / Churning
CUST_00501,103,37,30965.2,2,At Risk / Churning
CUST_00502,32,17,4747.45,0,Average / Developing
CUST_00503,167,54,57356.34,2,At Risk / Churning
CUST_00504,28,16,3969.44,0,Average / Developing
CUST_00505,180,83,117626.53,2,At Risk / Churning
CUST_00506,101,35,39102.82,2,At Risk / Churning
CUST_00507,9,93,169672.62,1,Champions
CUST_00508,42,27,11986.85,0,Average / Developing
CUST_00509,127,31,37398.0,2,At Risk / Churning
CUST_00510,26,27,13626.6,0,Average / Developing
CUST_00511,122,80,106182.76,2,At Risk / Churning
CUST_00512,48,15,4807.16,0,Average / Developing
CUST_00513,130,36,50854.58,2,At Risk / Churning
CUST_00514,62,26,17604.07,0,Average / Developing
CUST_00515,20,29,18900.37,3,Average / Developing
CUST_00516,148,87,92815.27,2,At Risk / Churning
CUST_00517,78,62,59152.04,2,At Risk / Churning
CUST_00518,39,52,38899.86,3,Average / Developing
CUST_00519,90,61,63980.13,2,At Risk / Churning
CUST_00520,61,21,17893.92,0,Average / Developing
CUST_00521,7,99,204533.53,1,Champions
CUST_00522,29,43,29497.85,3,Average / Developing
CUST_00523,65,15,2034.17,0,Average / Developing
CUST_00524,5,117,212882.55,1,Champions
CUST_00525,43,32,23283.79,3,Average / Developing
CUST_00526,33,8,1505.54,0,Average / Developing
CUST_00527,86,89,114429.0,2,At Risk / Churning
CUST_00528,105,8,923.52,0,Average / Developing
CUST_00529,29,7,2500.1,0,Average / Developing
CUST_00530,6,60,131717.49,3,Average / Developing
CUST_00531,17,45,29982.1,3,Average / Developing
CUST_00532,60,43,24407.510000000002,3,Average / Developing
CUST_00533,8,82,183342.29,1,Champions
CUST_00534,42,52,22683.37,3,Average / Developing
CUST_00535,177,58,66095.32,2,At Risk / Churning
CUST_00536,166,5,1971.02,2,At Risk / Churning
CUST_00537,138,55,41071.21,2,At Risk / Churning
CUST_00538,36,34,20788.41,3,Average / Developing
CUST_00539,12,33,24229.22,3,Average / Developing
CUST_00540,23,12,3481.68,0,Average / Developing
CUST_00541,105,53,48575.52,2,At Risk / Churning
CUST_00542,83,72,69913.57,2,At Risk / Churning
CUST_00543,43,9,2249.13,0,Average / Developing
CUST_00544,9,117,177228.52,1,Champions
CUST_00545,71,82,80372.77,2,At Risk / Churning
CUST_00546,26,25,14122.78,0,Average / Developing
CUST_00547,9,45,28119.489999999998,3,Average / Developing
CUST_00548,157,76,92733.54,2,At Risk / Churning
CUST_00549,151,73,63729.44,2,At Risk / Churning
CUST_00550,29,22,20809.97,0,Average / Developing
CUST_00551,35,43,29957.64,3,Average / Developing
CUST_00552,68,10,1454.87,0,Average / Developing
CUST_00553,9,78,145836.22,1,Champions
CUST_00554,9,32,29274.38,3,Average / Developing
CUST_00555,48,46,30474.33,3,Average / Developing
CUST_00556,7,145,305501.21,1,Champions
CUST_00557,53,5,1049.04,0,Average / Developing
CUST_00558,66,9,946.21,0,Average / Developing
CUST_00559,14,17,3880.75,0,Average / Developing
CUST_00560,39,34,26337.2,3,Average / Developing
CUST_00561,41,5,1061.17,0,Average / Developing
CUST_00562,66,33,18077.14,0,Average / Developing
CUST_00563,27,16,2671.75,0,Average / Developing
CUST_00564,170,68,86726.1,2,At Risk / Churning
CUST_00565,26,36,24252.83,3,Average / Developing
CUST_00566,47,46,27933.71,3,Average / Developing
CUST_00567,47,45,29303.8,3,Average / Developing
CUST_00568,36,11,2673.2,0,Average / Developing
CUST_00569,6,133,226195.15,1,Champions
CUST_00570,31,31,23137.1,3,Average / Developing
CUST_00571,19,23,18602.7,0,Average / Developing
CUST_00572,36,28,17219.56,0,Average / Developing
CUST_00573,4,90,182359.8,1,Champions
CUST_00574,189,60,79001.2,2,At Risk / Churning
CUST_00575,5,107,210687.74,1,Champions
CUST_00576,19,46,32391.47,3,Average / Developing
CUST_00577,24,22,21127.04,0,Average / Developing
CUST_00578,14,7,869.1500000000001,0,Average / Developing
CUST_00579,122,57,68668.45,2,At Risk / Churning
CUST_00580,6,126,262037.29,1,Champions
CUST_00581,26,8,1331.02,0,Average / Developing
CUST_00582,58,13,2055.54,0,Average / Developing
CUST_00583,27,32,23973.39,3,Average / Developing
CUST_00584,176,37,32517.81,2,At Risk / Churning
CUST_00585,14,13,1783.49,0,Average / Developing
CUST_00586,7,126,207934.24,1,Champions
CUST_00587,55,38,23764.63,3,Average / Developing
CUST_00588,85,12,2203.56,0,Average / Developing
CUST_00589,30,38,25033.489999999998,3,Average / Developing
CUST_00590,15,48,32313.7,3,Average / Developing
CUST_00591,22,16,3045.72,0,Average / Developing
CUST_00592,133,89,89739.29,2,At Risk / Churning
CUST_00593,20,48,28886.37,3,Average / Developing
CUST_00594,8,128,218936.33,1,Champions
CUST_00595,72,84,88368.73,2,At Risk / Churning
CUST_00596,9,49,30431.3,3,Average / Developing
CUST_00597,24,46,30101.84,3,Average / Developing
CUST_00598,32,8,1492.63,0,Average / Developing
CUST_00599,139,48,46368.6,2,At Risk / Churning
CUST_00600,42,50,32708.4,3,Average / Developing
CUST_00601,97,66,58667.74,2,At Risk / Churning
CUST_00602,104,42,50904.69,2,At Risk / Churning
CUST_00603,113,87,89786.34,2,At Risk / Churning
CUST_00604,93,30,23621.649999999998,0,Average / Developing
CUST_00605,13,42,25048.42,3,Average / Developing
CUST_00606,55,27,12141.91,0,Average / Developing
CUST_00607,47,40,36745.2,3,Average / Developing
CUST_00608,43,25,13632.19,0,Average / Developing
CUST_00609,143,70,100891.39,2,At Risk / Churning
CUST_00610,7,111,217163.37,1,Champions
CUST_00611,46,14,3634.29,0,Average / Developing
CUST_00612,16,15,4103.35,0,Average / Developing
CUST_00613,44,9,2610.25,0,Average / Developing
CUST_00614,13,66,146954.48,1,Champions
CUST_00615,37,6,1659.68,0,Average / Developing
CUST_00616,143,46,53906.76,2,At Risk / Churning
CUST_00617,169,51,55405.36,2,At Risk / Churning
CUST_00618,163,56,61665.96,2,At Risk / Churning
CUST_00619,135,77,73869.21,2,At Risk / Churning
CUST_00620,103,5,508.46999999999997,0,Average / Developing
CUST_00621,151,37,46104.69,2,At Risk / Churning
CUST_00622,29,42,22046.67,3,Average / Developing
CUST_00623,33,37,29305.15,3,Average / Developing
CUST_00624,26,12,1785.67,0,Average / Developing
CUST_00625,32,42,46568.02,3,Average / Developing
CUST_00626,8,38,22740.23,3,Average / Developing
CUST_00627,19,15,2572.84,0,Average / Developing
CUST_00628,25,11,2173.29,0,Average / Developing
CUST_00629,44,50,35061.19,3,Average / Developing
CUST_00630,47,23,13603.68,0,Average / Developing
CUST_00631,144,72,79048.92,2,At Risk / Churning
CUST_00632,52,29,24622.52,0,Average / Developing
CUST_00633,105,66,82458.86,2,At Risk / Churning
CUST_00634,113,68,97181.31,2,At Risk / Churning
CUST_00635,163,65,68205.85,2,At Risk / Churning
CUST_00636,131,50,52358.54,2,At Risk / Churning
CUST_00637,8,94,179147.66,1,Champions
CUST_00638,32,46,33881.06,3,Average / Developing
CUST_00639,134,73,74231.11,2,At Risk / Churning
CUST_00640,8,65,115152.92,3,Average / Developing
CUST_00641,13,146,296069.15,1,Champions
CUST_00642,54,6,1195.74,0,Average / Developing
CUST_00643,25,52,33632.2,3,Average / Developing
CUST_00644,7,127,292236.14,1,Champions
CUST_00645,4,91,159488.9,1,Champions
CUST_00646,50,14,2941.69,0,Average / Developing
CUST_00647,78,5,1254.15,0,Average / Developing
CUST_00648,130,57,58493.68,2,At Risk / Churning
CUST_00649,106,36,44957.51,2,At Risk / Churning
CUST_00650,45,16,2867.31,0,Average / Developing
CUST_00651,144,86,91365.99,2,At Risk / Churning
CUST_00652,25,21,10160.24,0,Average / Developing
CUST_00653,10,85,159914.36,1,Champions
CUST_00654,87,85,102668.56,2,At Risk / Churning
CUST_00655,55,33,17306.24,0,Average / Developing
CUST_00656,17,30,16290.02,3,Average / Developing
CUST_00657,8,120,221309.3,1,Champions
CUST_00658,55,27,19329.83,0,Average / Developing
CUST_00659,14,26,15573.210000000001,3,Average / Developing
CUST_00660,100,33,34143.83,2,At Risk / Churning
CUST_00661,34,7,741.79,0,Average / Developing
CUST_00662,177,66,63085.51,2,At Risk / Churning
CUST_00663,97,73,72726.73,2,At Risk / Churning
CUST_00664,153,62,64225.31,2,At Risk / Churning
CUST_00665,46,10,2407.31,0,Average / Developing
CUST_00666,26,33,20663.86,3,Average / Developing
CUST_00667,21,8,1457.28,0,Average / Developing
CUST_00668,111,72,149899.48,2,At Risk / Churning
CUST_00669,26,10,1712.15,0,Average / Developing
CUST_00670,20,28,30343.38,3,Average / Developing
CUST_00671,14,35,32566.04,3,Average / Developing
CUST_00672,91,40,42441.95,2,At Risk / Churning
CUST_00673,38,9,1742.8899999999999,0,Average / Developing
CUST_00674,21,17,3880.52,0,Average / Developing
CUST_00675,44,43,35589.34,3,Average / Developing
CUST_00676,121,57,44036.94,2,At Risk / Churning
CUST_00677,156,66,48494.82,2,At Risk / Churning
CUST_00678,30,6,1725.28,0,Average / Developing
CUST_00679,23,24,11957.85,0,Average / Developing
CUST_00680,30,7,1289.95,0,Average / Developing
CUST_00681,47,37,19677.78,3,Average / Developing
CUST_00682,7,100,186391.45,1,Champions
CUST_00683,79,11,2733.9,0,Average / Developing
CUST_00684,80,10,1895.08,0,Average / Developing
CUST_00685,44,49,26633.49,3,Average / Developing
CUST_00686,34,31,18487.63,3,Average / Developing
CUST_00687,27,41,39065.56,3,Average / Developing
CUST_00688,13,37,27455.08,3,Average / Developing
CUST_00689,57,37,25231.32,3,Average / Developing
CUST_00690,27,26,16462.87,0,Average / Developing
CUST_00691,87,11,1083.82,0,Average / Developing
CUST_00692,27,32,24489.04,3,Average / Developing
CUST_00693,39,43,25993.22,3,Average / Developing
CUST_00694,33,7,650.0699999999999,0,Average / Developing
CUST_00695,14,43,22105.99,3,Average / Developing
CUST_00696,60,8,1041.74,0,Average / Developing
CUST_00697,175,37,38471.31,2,At Risk / Churning
CUST_00698,62,10,2382.38,0,Average / Developing
CUST_00699,80,37,33092.97,0,Average / Developing
CUST_00700,112,5,804.36,0,Average / Developing
CUST_00701,18,29,17736.58,3,Average / Developing
CUST_00702,8,111,218484.22,1,Champions
CUST_00703,7,77,149579.97,1,Champions
CUST_00704,46,21,31115.39,0,Average / Developing
CUST_00705,190,69,65277.04,2,At Risk / Churning
CUST_00706,28,7,1812.04,0,Average / Developing
CUST_00707,70,8,1202.17,0,Average / Developing
CUST_00708,7,65,210324.01,1,Champions
CUST_00709,12,86,197449.69,1,Champions
CUST_00710,32,54,34999.83,3,Average / Developing
CUST_00711,103,71,99002.01,2,At Risk / Churning
CUST_00712,48,12,2614.71,0,Average / Developing
CUST_00713,5,34,16332.48,3,Average / Developing
CUST_00714,11,45,35134.76,3,Average / Developing
CUST_00715,11,147,295497.2,1,Champions
CUST_00716,15,9,2948.77,0,Average / Developing
CUST_00717,50,54,38188.61,3,Average / Developing
CUST_00718,50,28,21011.38,0,Average / Developing
CUST_00719,44,25,22472.72,0,Average / Developing
CUST_00720,137,5,504.46,2,At Risk / Churning
CUST_00721,170,35,55619.63,2,At Risk / Churning
CUST_00722,23,11,1676.27,0,Average / Developing
CUST_00723,20,27,21462.43,3,Average / Developing
CUST_00724,35,26,16446.3,0,Average / Developing
CUST_00725,8,145,318296.63,1,Champions
CUST_00726,14,92,153495.21,1,Champions
CUST_00727,8,29,19311.24,3,Average / Developing
CUST_00728,101,76,83291.74,2,At Risk / Churning
CUST_00729,161,44,41462.97,2,At Risk / Churning
CUST_00730,55,51,36763.88,3,Average / Developing
CUST_00731,14,17,2801.39,0,Average / Developing
CUST_00732,130,84,64247.17,2,At Risk / Churning
CUST_00733,24,16,2647.54,0,Average / Developing
CUST_00734,11,16,2956.96,0,Average / Developing
CUST_00735,73,15,3082.81,0,Average / Developing
CUST_00736,42,32,26409.22,3,Average / Developing
CUST_00737,126,85,106875.83,2,At Risk / Churning
CUST_00738,36,40,24124.74,3,Average / Developing
CUST_00739,5,92,190113.93,1,Champions
CUST_00740,91,6,442.81,0,Average / Developing
CUST_00741,53,22,25469.75,0,Average / Developing
CUST_00742,145,86,109810.18000000001,2,At Risk / Churning
CUST_00743,43,15,2183.83,0,Average / Developing
CUST_00744,168,48,47816.07,2,At Risk / Churning
CUST_00745,8,137,302554.97,1,Champions
CUST_00746,29,14,2395.02,0,Average / Developing
CUST_00747,34,36,23931.97,3,Average / Developing
CUST_00748,3,103,174876.17,1,Champions
CUST_00749,54,36,26699.57,3,Average / Developing
CUST_00750,119,54,49843.44,2,At Risk / Churning
CUST_00751,13,142,247717.46,1,Champions
CUST_00752,129,53,60675.83,2,At Risk / Churning
CUST_00753,79,75,69209.29,2,At Risk / Churning
CUST_00754,7,146,303161.31,1,Champions
CUST_00755,42,24,13390.19,0,Average / Developing
CUST_00756,14,14,2778.12,0,Average / Developing
CUST_00757,121,8,1260.9,0,Average / Developing
CUST_00758,18,26,20071.23,3,Average / Developing
CUST_00759,63,7,981.57,0,Average / Developing
CUST_00760,123,74,76678.09,2,At Risk / Churning
CUST_00761,187,40,73848.6,2,At Risk / Churning
CUST_00762,148,60,58062.96,2,At Risk / Churning
CUST_00763,183,8,1378.07,2,At Risk / Churning
CUST_00764,73,39,34977.03,3,Average / Developing
CUST_00765,87,9,2302.7,0,Average / Developing
CUST_00766,47,52,36725.65,3,Average / Developing
CUST_00767,41,41,21970.09,3,Average / Developing
CUST_00768,27,45,26035.52,3,Average / Developing
CUST_00769,84,44,38789.71,3,Average / Developing
CUST_00770,2,121,204470.14,1,Champions
CUST_00771,11,9,1286.51,0,Average / Developing
CUST_00772,150,40,55371.04,2,At Risk / Churning
CUST_00773,9,91,162679.35,1,Champions
CUST_00774,119,12,1785.15,0,Average / Developing
CUST_00775,144,61,62255.11,2,At Risk / Churning
CUST_00776,27,33,25677.7,3,Average / Developing
CUST_00777,130,56,69585.32,2,At Risk / Churning
CUST_00778,33,51,36511.51,3,Average / Developing
CUST_00779,40,36,29371.66,3,Average / Developing
CUST_00780,8,115,216115.15,1,Champions
CUST_00781,19,8,1544.2200000000003,0,Average / Developing
CUST_00782,47,6,752.41,0,Average / Developing
CUST_00783,3,42,33197.5,3,Average / Developing
CUST_00784,42,11,1992.03,0,Average / Developing
CUST_00785,44,7,1910.2,0,Average / Developing
CUST_00786,139,5,563.5,2,At Risk / Churning
CUST_00787,141,34,51376.33,2,At Risk / Churning
CUST_00788,43,46,31260.02,3,Average / Developing
CUST_00789,171,32,27308.12,2,At Risk / Churning
CUST_00790,5,71,114372.94,3,Average / Developing
CUST_00791,113,78,68672.8,2,At Risk / Churning
CUST_00792,28,41,25253.6,3,Average / Developing
CUST_00793,71,8,1574.21,0,Average / Developing
CUST_00794,26,34,20559.42,3,Average / Developing
CUST_00795,29,29,22523.55,3,Average / Developing
CUST_00796,35,47,41757.75,3,Average / Developing
CUST_00797,28,11,1587.55,0,Average / Developing
CUST_00798,126,65,43513.62,2,At Risk / Churning
CUST_00799,6,76,116580.25,1,Champions
CUST_00800,96,15,2799.13,0,Average / Developing
CUST_00801,21,13,2788.3,0,Average / Developing
CUST_00802,89,8,1045.1100000000001,0,Average / Developing
CUST_00803,91,10,1412.56,0,Average / Developing
CUST_00804,11,49,28222.5,3,Average / Developing
CUST_00805,13,70,153123.8,1,Champions
CUST_00806,7,112,275372.38,1,Champions
CUST_00807,20,20,26299.69,0,Average / Developing
CUST_00808,110,33,30298.41,2,At Risk / Churning
CUST_00809,46,46,48010.14,3,Average / Developing
CUST_00810,25,12,1790.73,0,Average / Developing
CUST_00811,29,43,29138.51,3,Average / Developing
CUST_00812,60,26,18314.11,0,Average / Developing
CUST_00813,34,11,1402.75,0,Average / Developing
CUST_00814,37,48,34060.31,3,Average / Developing
CUST_00815,7,90,150371.65,1,Champions
CUST_00816,12,8,972.94,0,Average / Developing
CUST_00817,53,21,11024.85,0,Average / Developing
CUST_00818,42,46,17048.91,3,Average / Developing
CUST_00819,34,15,2182.86,0,Average / Developing
CUST_00820,125,48,54119.62,2,At Risk / Churning
CUST_00821,34,43,34731.23,3,Average / Developing
CUST_00822,177,44,45891.73,2,At Risk / Churning
CUST_00823,79,26,15489.189999999999,0,Average / Developing
CUST_00824,34,49,28590.19,3,Average / Developing
CUST_00825,42,7,1069.32,0,Average / Developing
CUST_00826,10,67,146762.64,1,Champions
CUST_00827,149,84,79982.69,2,At Risk / Churning
CUST_00828,28,35,23272.03,3,Average / Developing
CUST_00829,43,53,47757.7,3,Average / Developing
CUST_00830,44,17,2398.9700000000003,0,Average / Developing
CUST_00831,56,9,2166.82,0,Average / Developing
CUST_00832,28,21,19804.809999999998,0,Average / Developing
CUST_00833,49,11,2495.7799999999997,0,Average / Developing
CUST_00834,25,34,31816.15,3,Average / Developing
CUST_00835,128,79,103598.77,2,At Risk / Churning
CUST_00836,11,29,24356.85,3,Average / Developing
CUST_00837,33,30,24247.09,3,Average / Developing
CUST_00838,104,43,42099.17,2,At Risk / Churning
CUST_00839,30,20,8522.53,0,Average / Developing
CUST_00840,22,15,3209.88,0,Average / Developing
CUST_00841,172,83,94135.7,2,At Risk / Churning
CUST_00842,3,110,265032.03,1,Champions
CUST_00843,40,45,28923.03,3,Average / Developing
CUST_00844,20,46,25476.82,3,Average / Developing
CUST_00845,6,44,28509.11,3,Average / Developing
CUST_00846,23,49,39013.13,3,Average / Developing
CUST_00847,5,92,202538.41,1,Champions
CUST_00848,12,81,150638.19,1,Champions
CUST_00849,119,54,50811.94,2,At Risk / Churning
CUST_00850,52,51,36547.2,3,Average / Developing
CUST_00851,12,43,24355.1,3,Average / Developing
CUST_00852,86,61,70251.37,2,At Risk / Churning
CUST_00853,29,52,39052.2,3,Average / Developing
CUST_00854,69,5,1193.5800000000002,0,Average / Developing
CUST_00855,11,62,115660.68,3,Average / Developing
CUST_00856,50,13,3290.56,0,Average / Developing
CUST_00857,46,42,22010.72,3,Average / Developing
CUST_00858,165,80,90447.68,2,At Risk / Churning
CUST_00859,27,31,24170.92,3,Average / Developing
CUST_00860,72,35,50431.12,3,Average / Developing
CUST_00861,3,84,163424.86,1,Champions
CUST_00862,167,53,54249.94,2,At Risk / Churning
CUST_00863,13,24,10358.6,0,Average / Developing
CUST_00864,99,6,1359.9,0,Average / Developing
CUST_00865,6,54,53123.95,3,Average / Developing
CUST_00866,58,12,2271.39,0,Average / Developing
CUST_00867,29,16,4414.27,0,Average / Developing
CUST_00868,40,21,24487.34,0,Average / Developing
CUST_00869,45,12,2105.16,0,Average / Developing
CUST_00870,32,38,23474.72,3,Average / Developing
CUST_00871,16,80,145664.94,1,Champions
CUST_00872,6,48,30776.06,3,Average / Developing
CUST_00873,23,46,34902.71,3,Average / Developing
CUST_00874,44,53,29171.14,3,Average / Developing
CUST_00875,153,79,81573.7,2,At Risk / Churning
CUST_00876,39,33,18992.829999999998,3,Average / Developing
CUST_00877,66,9,1590.3999999999999,0,Average / Developing
CUST_00878,80,5,360.3,0,Average / Developing
CUST_00879,10,115,243909.32,1,Champions
CUST_00880,8,98,192791.74,1,Champions
CUST_00881,13,42,25890.29,3,Average / Developing
CUST_00882,33,41,30553.83,3,Average / Developing
CUST_00883,16,12,2047.8899999999999,0,Average / Developing
CUST_00884,33,48,41489.54,3,Average / Developing
CUST_00885,15,97,162312.04,1,Champions
CUST_00886,28,42,32601.7,3,Average / Developing
CUST_00887,34,46,38233.79,3,Average / Developing
CUST_00888,37,38,27535.329999999998,3,Average / Developing
CUST_00889,29,12,1411.85,0,Average / Developing
CUST_00890,37,29,13498.49,0,Average / Developing
CUST_00891,141,8,2214.3,2,At Risk / Churning
CUST_00892,26,44,37444.43,3,Average / Developing
CUST_00893,69,15,2555.25,0,Average / Developing
CUST_00894,52,53,32472.690000000002,3,Average / Developing
CUST_00895,9,83,170052.13,1,Champions
CUST_00896,36,17,3071.84,0,Average / Developing
CUST_00897,99,6,840.62,0,Average / Developing
CUST_00898,28,37,27797.0,3,Average / Developing
CUST_00899,47,40,27664.8,3,Average / Developing
CUST_00900,15,47,38175.7,3,Average / Developing
CUST_00901,55,33,27279.329999999998,3,Average / Developing
CUST_00902,134,45,49619.33,2,At Risk / Churning
CUST_00903,43,35,19748.19,3,Average / Developing
CUST_00904,9,77,170910.18,1,Champions
CUST_00905,4,34,29361.0,3,Average / Developing
CUST_00906,29,25,12194.33,0,Average / Developing
CUST_00907,7,80,148972.81,1,Champions
CUST_00908,39,20,15429.24,0,Average / Developing
CUST_00909,18,52,36258.15,3,Average / Developing
CUST_00910,33,12,2729.86,0,Average / Developing
CUST_00911,86,36,40785.86,0,Average / Developing
CUST_00912,80,6,161.78,0,Average / Developing
CUST_00913,61,36,26426.55,3,Average / Developing
CUST_00914,102,84,107692.9,2,At Risk / Churning
CUST_00915,33,11,3943.34,0,Average / Developing
CUST_00916,9,60,99470.14,3,Average / Developing
CUST_00917,113,67,56796.15,2,At Risk / Churning
CUST_00918,29,43,21387.52,3,Average / Developing
CUST_00919,85,42,33885.51,3,Average / Developing
CUST_00920,14,46,29511.81,3,Average / Developing
CUST_00921,30,15,2065.95,0,Average / Developing
CUST_00922,47,16,1815.97,0,Average / Developing
CUST_00923,6,99,152275.4,1,Champions
CUST_00924,44,35,19854.76,3,Average / Developing
CUST_00925,165,80,77792.98,2,At Risk / Churning
CUST_00926,22,17,2278.2,0,Average / Developing
CUST_00927,19,17,2875.88,0,Average / Developing
CUST_00928,103,11,2202.67,0,Average / Developing
CUST_00929,46,53,36152.94,3,Average / Developing
CUST_00930,24,43,21712.98,3,Average / Developing
CUST_00931,117,53,55284.7,2,At Risk / Churning
CUST_00932,30,9,2635.81,0,Average / Developing
CUST_00933,17,32,20639.99,3,Average / Developing
CUST_00934,50,16,3233.21,0,Average / Developing
CUST_00935,134,84,84486.51,2,At Risk / Churning
CUST_00936,165,61,67254.7,2,At Risk / Churning
CUST_00937,130,58,62756.06,2,At Risk / Churning
CUST_00938,9,97,171418.75,1,Champions
CUST_00939,12,14,1716.63,0,Average / Developing
CUST_00940,27,13,2121.97,0,Average / Developing
CUST_00941,8,110,225357.22,1,Champions
CUST_00942,24,30,13158.82,3,Average / Developing
CUST_00943,40,42,22670.63,3,Average / Developing
CUST_00944,26,45,50888.58,3,Average / Developing
CUST_00945,18,44,29022.44,3,Average / Developing
CUST_00946,166,56,89849.57,2,At Risk / Churning
CUST_00947,13,104,186778.21,1,Champions
CUST_00948,29,22,11807.26,0,Average / Developing
CUST_00949,7,91,174504.17,1,Champions
CUST_00950,161,32,48931.55,2,At Risk / Churning
CUST_00951,21,12,1752.8600000000001,0,Average / Developing
CUST_00952,70,85,90847.81999999999,2,At Risk / Churning
CUST_00953,15,36,24603.47,3,Average / Developing
CUST_00954,36,27,16424.04,0,Average / Developing
CUST_00955,47,24,17919.73,0,Average / Developing
CUST_00956,52,28,15379.8,0,Average / Developing
CUST_00957,87,73,67223.37,2,At Risk / Churning
CUST_00958,56,43,34219.229999999996,3,Average / Developing
CUST_00959,83,12,1738.4299999999998,0,Average / Developing
CUST_00960,11,49,32245.94,3,Average / Developing
CUST_00961,11,112,192357.17,1,Champions
CUST_00962,45,23,13038.52,0,Average / Developing
CUST_00963,15,50,30379.14,3,Average / Developing
CUST_00964,6,85,187903.26,1,Champions
CUST_00965,3,93,189161.13999999998,1,Champions
CUST_00966,12,132,297146.58,1,Champions
CUST_00967,92,5,400.46,0,Average / Developing
CUST_00968,113,73,84007.49,2,At Risk / Churning
CUST_00969,15,33,28568.47,3,Average / Developing
CUST_00970,10,15,2659.0699999999997,0,Average / Developing
CUST_00971,108,10,2120.37,0,Average / Developing
CUST_00972,64,23,18346.72,0,Average / Developing
CUST_00973,97,8,1668.3,0,Average / Developing
CUST_00974,42,6,543.48,0,Average / Developing
CUST_00975,17,53,30771.29,3,Average / Developing
CUST_00976,25,47,29723.7,3,Average / Developing
CUST_00977,5,72,171243.7,1,Champions
CUST_00978,3,132,215281.16,1,Champions
CUST_00979,142,48,44457.38,2,At Risk / Churning
CUST_00980,31,12,2248.47,0,Average / Developing
CUST_00981,114,64,56459.6,2,At Risk / Churning
CUST_00982,31,32,20022.33,3,Average / Developing
CUST_00983,46,34,22284.91,3,Average / Developing
CUST_00984,109,56,63589.16,2,At Risk / Churning
CUST_00985,85,7,990.66,0,Average / Developing
CUST_00986,11,15,2890.19,0,Average / Developing
CUST_00987,35,13,4523.29,0,Average / Developing
CUST_00988,4,53,42470.62,3,Average / Developing
CUST_00989,32,21,12100.81,0,Average / Developing
CUST_00990,175,38,41683.78,2,At Risk / Churning
CUST_00991,8,109,222492.5,1,Champions
CUST_00992,25,21,19338.19,0,Average / Developing
CUST_00993,17,10,2056.57,0,Average / Developing
CUST_00994,80,50,52185.09,3,Average / Developing
CUST_00995,9,112,211378.93,1,Champions
CUST_00996,19,8,1481.73,0,Average / Developing
CUST_00997,131,64,61063.28,2,At Risk / Churning
CUST_00998,32,28,34096.92,3,Average / Developing
CUST_00999,77,7,1036.15,0,Average / Developing
CUST_01000,93,36,33198.79,2,At Risk / Churning
CUST_01001,53,21,8400.18,0,Average / Developing
CUST_01002,169,40,31237.84,2,At Risk / Churning
CUST_01003,16,13,2591.5299999999997,0,Average / Developing
CUST_01004,111,10,2217.91,0,Average / Developing
CUST_01005,15,14,3289.4100000000003,0,Average / Developing
CUST_01006,11,37,23558.43,3,Average / Developing
CUST_01007,104,37,41236.38,2,At Risk / Churning
CUST_01008,55,23,13980.75,0,Average / Developing
CUST_01009,28,54,31384.670000000002,3,Average / Developing
CUST_01010,139,75,77656.13,2,At Risk / Churning
CUST_01011,86,78,71494.14,2,At Risk / Churning
CUST_01012,134,83,69331.5,2,At Risk / Churning
CUST_01013,78,38,31840.79,3,Average / Developing
CUST_01014,38,5,846.24,0,Average / Developing
CUST_01015,7,103,173344.43,1,Champions
CUST_01016,6,51,32523.420000000002,3,Average / Developing
CUST_01017,11,102,176198.13,1,Champions
CUST_01018,73,76,70731.34999999999,2,At Risk / Churning
CUST_01019,10,138,259782.9,1,Champions
CUST_01020,68,87,117297.43,2,At Risk / Churning
CUST_01021,27,46,32466.2,3,Average / Developing
CUST_01022,6,31,24062.12,3,Average / Developing
CUST_01023,177,47,51014.1,2,At Risk / Churning
CUST_01024,12,51,35298.33,3,Average / Developing
CUST_01025,20,28,25529.170000000002,3,Average / Developing
CUST_01026,39,46,37611.21,3,Average / Developing
CUST_01027,75,22,13983.28,0,Average / Developing
CUST_01028,39,41,29083.45,3,Average / Developing
CUST_01029,12,17,3756.15,0,Average / Developing
CUST_01030,51,9,1261.88,0,Average / Developing
CUST_01031,84,84,97482.25,2,At Risk / Churning
CUST_01032,91,17,3491.64,0,Average / Developing
CUST_01033,64,24,14105.460000000001,0,Average / Developing
CUST_01034,44,14,2372.85,0,Average / Developing
CUST_01035,21,27,13856.44,3,Average / Developing
CUST_01036,36,8,595.47,0,Average / Developing
CUST_01037,8,45,47815.47,3,Average / Developing
CUST_01038,51,24,10613.33,0,Average / Developing
CUST_01039,69,38,39121.04,3,Average / Developing
CUST_01040,27,48,25540.25,3,Average / Developing
CUST_01041,102,52,59253.88,2,At Risk / Churning
CUST_01042,4,135,274068.3,1,Champions
CUST_01043,31,32,21655.17,3,Average / Developing
CUST_01044,18,95,164276.66,1,Champions
CUST_01045,35,8,2312.64,0,Average / Developing
CUST_01046,35,14,3329.7,0,Average / Developing
CUST_01047,62,11,1620.39,0,Average / Developing
CUST_01048,35,54,49327.22,3,Average / Developing
CUST_01049,51,23,15407.34,0,Average / Developing
CUST_01050,43,41,31643.04,3,Average / Developing
CUST_01051,98,7,2249.71,0,Average / Developing
CUST_01052,23,13,1763.5700000000002,0,Average / Developing
CUST_01053,36,27,23134.82,0,Average / Developing
CUST_01054,62,34,17687.01,0,Average / Developing
CUST_01055,46,30,22574.09,0,Average / Developing
CUST_01056,13,23,22456.329999999998,3,Average / Developing
CUST_01057,19,106,193680.97,1,Champions
CUST_01058,14,131,231288.96,1,Champions
CUST_01059,24,40,16817.64,3,Average / Developing
CUST_01060,29,54,28344.72,3,Average / Developing
CUST_01061,31,50,32313.56,3,Average / Developing
CUST_01062,133,81,106587.13,2,At Risk / Churning
CUST_01063,68,26,14802.0,0,Average / Developing
CUST_01064,85,77,83293.63,2,At Risk / Churning
CUST_01065,47,17,3320.27,0,Average / Developing
CUST_01066,17,15,3006.52,0,Average / Developing
CUST_01067,28,31,13116.18,3,Average / Developing
CUST_01068,184,50,53949.07,2,At Risk / Churning
CUST_01069,20,10,2369.34,0,Average / Developing
CUST_01070,29,15,3000.73,0,Average / Developing
CUST_01071,88,27,21353.55,0,Average / Developing
CUST_01072,7,17,4239.58,0,Average / Developing
CUST_01073,33,33,35315.61,3,Average / Developing
CUST_01074,13,62,134582.05,3,Average / Developing
CUST_01075,177,65,78502.93000000001,2,At Risk / Churning
CUST_01076,26,24,12956.82,0,Average / Developing
CUST_01077,38,17,2414.54,0,Average / Developing
CUST_01078,124,34,30209.25,2,At Risk / Churning
CUST_01079,85,9,1418.3700000000001,0,Average / Developing
CUST_01080,14,50,26021.38,3,Average / Developing
CUST_01081,13,102,223400.95,1,Champions
CUST_01082,154,41,46802.73,2,At Risk / Churning
CUST_01083,40,49,28150.75,3,Average / Developing
CUST_01084,9,17,3838.34,0,Average / Developing
CUST_01085,7,111,239070.37,1,Champions
CUST_01086,100,87,75397.84,2,At Risk / Churning
CUST_01087,12,36,35262.93,3,Average / Developing
CUST_01088,172,55,48887.22,2,At Risk / Churning
CUST_01089,4,20,15465.46,0,Average / Developing
CUST_01090,10,44,23346.02,3,Average / Developing
CUST_01091,63,17,3398.24,0,Average / Developing
CUST_01092,33,46,33117.18,3,Average / Developing
CUST_01093,40,9,1803.67,0,Average / Developing
CUST_01094,135,32,34882.76,2,At Risk / Churning
CUST_01095,6,20,11671.7,0,Average / Developing
CUST_01096,61,17,3749.68,0,Average / Developing
CUST_01097,155,34,41874.18,2,At Risk / Churning
CUST_01098,83,45,51840.47,2,At Risk / Churning
CUST_01099,49,7,677.53,0,Average / Developing
CUST_01100,122,43,38965.38,2,At Risk / Churning
CUST_01101,24,36,29002.89,3,Average / Developing
CUST_01102,23,53,33194.38,3,Average / Developing
CUST_01103,33,8,1881.35,0,Average / Developing
CUST_01104,83,9,319.93999999999994,0,Average / Developing
CUST_01105,15,17,4817.83,0,Average / Developing
CUST_01106,84,65,72094.42,2,At Risk / Churning
CUST_01107,13,97,130838.54000000001,1,Champions
CUST_01108,150,59,63111.43,2,At Risk / Churning
CUST_01109,124,88,108188.36,2,At Risk / Churning
CUST_01110,26,15,2811.63,0,Average / Developing
CUST_01111,33,28,17431.87,0,Average / Developing
CUST_01112,30,14,3445.86,0,Average / Developing
CUST_01113,36,24,11107.45,0,Average / Developing
CUST_01114,17,40,25915.44,3,Average / Developing
CUST_01115,25,32,22515.5,3,Average / Developing
CUST_01116,47,33,21667.79,3,Average / Developing
CUST_01117,40,27,16473.83,0,Average / Developing
CUST_01118,37,8,1861.95,0,Average / Developing
CUST_01119,8,86,169283.41,1,Champions
CUST_01120,42,47,28260.46,3,Average / Developing
CUST_01121,20,39,18212.4,3,Average / Developing
CUST_01122,139,5,1400.48,2,At Risk / Churning
CUST_01123,35,54,37688.86,3,Average / Developing
CUST_01124,35,14,3386.12,0,Average / Developing
CUST_01125,30,15,2535.31,0,Average / Developing
CUST_01126,64,5,595.23,0,Average / Developing
CUST_01127,39,28,21462.19,0,Average / Developing
CUST_01128,8,25,15582.45,3,Average / Developing
CUST_01129,23,37,23547.87,3,Average / Developing
CUST_01130,28,34,20169.91,3,Average / Developing
CUST_01131,8,109,231378.48,1,Champions
CUST_01132,46,44,21210.63,3,Average / Developing
CUST_01133,133,46,36186.52,2,At Risk / Churning
CUST_01134,30,47,27168.15,3,Average / Developing
CUST_01135,78,80,87834.74,2,At Risk / Churning
CUST_01136,42,6,1213.1299999999999,0,Average / Developing
CUST_01137,13,52,35813.19,3,Average / Developing
CUST_01138,11,52,44191.28,3,Average / Developing
CUST_01139,36,12,2175.68,0,Average / Developing
CUST_01140,40,41,29025.17,3,Average / Developing
CUST_01141,135,5,962.5,2,At Risk / Churning
CUST_01142,139,74,83903.32,2,At Risk / Churning
CUST_01143,14,31,24290.45,3,Average / Developing
CUST_01144,186,36,45233.5,2,At Risk / Churning
CUST_01145,18,50,32096.59,3,Average / Developing
CUST_01146,1,84,176039.08,1,Champions
CUST_01147,38,8,1038.93,0,Average / Developing
CUST_01148,33,15,4396.27,0,Average / Developing
CUST_01149,101,72,51009.42,2,At Risk / Churning
CUST_01150,29,16,2990.6,0,Average / Developing
CUST_01151,40,26,11929.92,0,Average / Developing
CUST_01152,45,47,32695.989999999998,3,Average / Developing
CUST_01153,52,35,24755.88,3,Average / Developing
CUST_01154,66,24,16188.94,0,Average / Developing
CUST_01155,67,8,1342.45,0,Average / Developing
CUST_01156,44,13,2535.73,0,Average / Developing
CUST_01157,8,93,184610.5,1,Champions
CUST_01158,30,9,1742.3000000000002,0,Average / Developing
CUST_01159,36,45,24507.42,3,Average / Developing
CUST_01160,50,5,619.06,0,Average / Developing
CUST_01161,70,8,1179.8400000000001,0,Average / Developing
CUST_01162,118,82,68244.46,2,At Risk / Churning
CUST_01163,191,34,45201.63,2,At Risk / Churning
CUST_01164,7,101,146403.37,1,Champions
CUST_01165,42,25,25481.03,0,Average / Developing
CUST_01166,11,17,2443.8,0,Average / Developing
CUST_01167,49,42,40972.09,3,Average / Developing
CUST_01168,22,16,3247.86,0,Average / Developing
CUST_01169,42,27,23549.24,0,Average / Developing
CUST_01170,41,35,31191.93,3,Average / Developing
CUST_01171,45,51,47250.37,3,Average / Developing
CUST_01172,35,14,3642.57,0,Average / Developing
CUST_01173,17,12,2636.49,0,Average / Developing
CUST_01174,52,41,28885.4,3,Average / Developing
CUST_01175,4,85,147410.4,1,Champions
CUST_01176,129,31,39951.11,2,At Risk / Churning
CUST_01177,28,7,606.4599999999999,0,Average / Developing
CUST_01178,17,48,30775.95,3,Average / Developing
CUST_01179,8,77,142852.15,1,Champions
CUST_01180,19,43,26940.84,3,Average / Developing
CUST_01181,27,17,2832.0699999999997,0,Average / Developing
CUST_01182,65,10,3036.41,0,Average / Developing
CUST_01183,47,6,699.05,0,Average / Developing
CUST_01184,72,16,2858.94,0,Average / Developing
CUST_01185,78,49,44198.55,3,Average / Developing
CUST_01186,12,96,177212.29,1,Champions
CUST_01187,103,41,55722.94,2,At Risk / Churning
CUST_01188,72,21,16831.66,0,Average / Developing
CUST_01189,9,15,2016.26,0,Average / Developing
CUST_01190,18,14,3082.19,0,Average / Developing
CUST_01191,68,12,2261.59,0,Average / Developing
CUST_01192,20,17,4456.31,0,Average / Developing
CUST_01193,110,77,92224.19,2,At Risk / Churning
CUST_01194,15,73,135181.97,1,Champions
CUST_01195,6,46,24320.96,3,Average / Developing
CUST_01196,107,5,2117.89,0,Average / Developing
CUST_01197,15,23,19923.33,0,Average / Developing
CUST_01198,30,14,2851.0,0,Average / Developing
CUST_01199,70,40,26734.41,3,Average / Developing
CUST_01200,36,8,1812.63,0,Average / Developing
CUST_01201,9,107,217286.28,1,Champions
CUST_01202,7,48,43359.33,3,Average / Developing
CUST_01203,177,65,57810.729999999996,2,At Risk / Churning
CUST_01204,8,75,129817.24,1,Champions
CUST_01205,7,60,116931.85,3,Average / Developing
CUST_01206,17,22,23038.65,0,Average / Developing
CUST_01207,16,24,15661.060000000001,0,Average / Developing
CUST_01208,34,34,22956.36,3,Average / Developing
CUST_01209,35,50,40777.94,3,Average / Developing
CUST_01210,104,46,36311.9,2,At Risk / Churning
CUST_01211,66,9,2414.85,0,Average / Developing
CUST_01212,28,31,19976.83,3,Average / Developing
CUST_01213,35,26,14076.66,0,Average / Developing
CUST_01214,76,53,60832.09,3,Average / Developing
CUST_01215,7,50,32724.81,3,Average / Developing
CUST_01216,11,100,174963.91999999998,1,Champions
CUST_01217,48,37,23140.4,3,Average / Developing
CUST_01218,52,22,10184.06,0,Average / Developing
CUST_01219,44,23,15354.279999999999,0,Average / Developing
CUST_01220,11,91,153440.41,1,Champions
CUST_01221,11,99,175455.88,1,Champions
CUST_01222,18,77,164146.95,1,Champions
CUST_01223,82,12,2494.55,0,Average / Developing
CUST_01224,55,28,19126.72,0,Average / Developing
CUST_01225,42,44,32431.7,3,Average / Developing
CUST_01226,89,7,2978.43,0,Average / Developing
CUST_01227,12,94,146276.95,1,Champions
CUST_01228,176,64,66395.98,2,At Risk / Churning
CUST_01229,6,88,172251.4,1,Champions
CUST_01230,31,52,33067.03,3,Average / Developing
CUST_01231,37,38,21072.829999999998,3,Average / Developing
CUST_01232,6,48,38305.99,3,Average / Developing
CUST_01233,77,7,987.0,0,Average / Developing
CUST_01234,7,81,193780.51,1,Champions
CUST_01235,117,85,78822.55,2,At Risk / Churning
CUST_01236,15,8,1449.9,0,Average / Developing
CUST_01237,16,37,30312.27,3,Average / Developing
CUST_01238,13,128,207844.99,1,Champions
CUST_01239,13,139,271766.69,1,Champions
CUST_01240,49,45,29871.34,3,Average / Developing
CUST_01241,55,33,30934.17,3,Average / Developing
CUST_01242,67,74,72790.72,3,Average / Developing
CUST_01243,40,31,19804.75,3,Average / Developing
CUST_01244,6,97,209179.58,1,Champions
CUST_01245,40,29,22873.23,0,Average / Developing
CUST_01246,92,66,68323.39,2,At Risk / Churning
CUST_01247,2,128,251188.34,1,Champions
CUST_01248,101,55,51167.24,2,At Risk / Churning
CUST_01249,90,64,61692.61,2,At Risk / Churning
CUST_01250,56,17,3026.64,0,Average / Developing
CUST_01251,9,33,26768.579999999998,3,Average / Developing
CUST_01252,52,9,3280.02,0,Average / Developing
CUST_01253,29,23,17164.73,0,Average / Developing
CUST_01254,28,15,3682.76,0,Average / Developing
CUST_01255,5,136,258528.7,1,Champions
CUST_01256,21,46,29956.149999999998,3,Average / Developing
CUST_01257,38,44,29501.39,3,Average / Developing
CUST_01258,11,78,157111.74,1,Champions
CUST_01259,157,5,945.18,2,At Risk / Churning
CUST_01260,41,31,19058.39,3,Average / Developing
CUST_01261,73,82,107227.89,2,At Risk / Churning
CUST_01262,51,16,4385.37,0,Average / Developing
CUST_01263,13,12,2039.42,0,Average / Developing
CUST_01264,133,78,76676.54,2,At Risk / Churning
CUST_01265,7,63,110772.58,3,Average / Developing
CUST_01266,31,25,16681.46,0,Average / Developing
CUST_01267,90,50,46394.58,2,At Risk / Churning
CUST_01268,147,39,65487.18,2,At Risk / Churning
CUST_01269,27,43,31925.600000000002,3,Average / Developing
CUST_01270,29,35,16903.77,3,Average / Developing
CUST_01271,111,66,61330.9,2,At Risk / Churning
CUST_01272,17,33,18959.28,3,Average / Developing
CUST_01273,14,39,30275.54,3,Average / Developing
CUST_01274,84,54,62026.42,2,At Risk / Churning
CUST_01275,105,5,564.71,0,Average / Developing
CUST_01276,27,23,26080.91,0,Average / Developing
CUST_01277,105,67,74597.32,2,At Risk / Churning
CUST_01278,19,12,4182.84,0,Average / Developing
CUST_01279,13,46,31406.46,3,Average / Developing
CUST_01280,25,12,1820.84,0,Average / Developing
CUST_01281,34,37,25211.59,3,Average / Developing
CUST_01282,110,5,753.88,0,Average / Developing
CUST_01283,137,75,73508.59,2,At Risk / Churning
CUST_01284,39,16,3489.46,0,Average / Developing
CUST_01285,17,10,1664.05,0,Average / Developing
CUST_01286,48,53,31782.19,3,Average / Developing
CUST_01287,49,42,24635.72,3,Average / Developing
CUST_01288,11,16,3307.1,0,Average / Developing
CUST_01289,47,45,31584.22,3,Average / Developing
CUST_01290,4,110,250738.71,1,Champions
CUST_01291,138,62,64723.840000000004,2,At Risk / Churning
CUST_01292,152,78,68712.06,2,At Risk / Churning
CUST_01293,123,84,97194.06,2,At Risk / Churning
CUST_01294,57,26,31088.69,0,Average / Developing
CUST_01295,11,88,146954.43,1,Champions
CUST_01296,104,65,68266.84,2,At Risk / Churning
CUST_01297,80,71,73798.63,2,At Risk / Churning
CUST_01298,15,46,39490.82,3,Average / Developing
CUST_01299,40,41,25178.280000000002,3,Average / Developing
CUST_01300,17,49,43632.57,3,Average / Developing
CUST_01301,130,51,41104.33,2,At Risk / Churning
CUST_01302,33,17,428.39,0,Average / Developing
CUST_01303,13,80,123215.79000000001,1,Champions
CUST_01304,72,74,78570.85,2,At Risk / Churning
CUST_01305,41,47,39267.85,3,Average / Developing
CUST_01306,22,11,2089.73,0,Average / Developing
CUST_01307,14,140,259335.17,1,Champions
CUST_01308,94,6,1306.52,0,Average / Developing
CUST_01309,151,50,48623.909999999996,2,At Risk / Churning
CUST_01310,38,13,3855.1,0,Average / Developing
CUST_01311,12,11,1525.01,0,Average / Developing
CUST_01312,134,67,71082.32,2,At Risk / Churning
CUST_01313,76,22,15227.42,0,Average / Developing
CUST_01314,57,6,895.57,0,Average / Developing
CUST_01315,22,26,14929.57,0,Average / Developing
CUST_01316,26,26,24479.87,3,Average / Developing
CUST_01317,38,44,29419.78,3,Average / Developing
CUST_01318,67,13,2495.41,0,Average / Developing
CUST_01319,7,142,325090.52,1,Champions
CUST_01320,7,35,14916.59,3,Average / Developing
CUST_01321,49,15,2138.3,0,Average / Developing
CUST_01322,10,149,241442.09,1,Champions
CUST_01323,9,17,2978.53,0,Average / Developing
CUST_01324,44,24,16863.260000000002,0,Average / Developing
CUST_01325,7,20,15632.55,0,Average / Developing
CUST_01326,8,16,3270.4,0,Average / Developing
CUST_01327,48,13,1735.72,0,Average / Developing
CUST_01328,21,31,41134.78,3,Average / Developing
CUST_01329,147,34,26613.85,2,At Risk / Churning
CUST_01330,16,76,124901.48,1,Champions
CUST_01331,147,31,27051.6,2,At Risk / Churning
CUST_01332,24,26,17698.39,0,Average / Developing
CUST_01333,83,89,85778.41,2,At Risk / Churning
CUST_01334,77,66,66715.31,2,At Risk / Churning
CUST_01335,34,13,3414.87,0,Average / Developing
CUST_01336,19,36,29199.06,3,Average / Developing
CUST_01337,33,47,39220.53,3,Average / Developing
CUST_01338,35,15,2284.4,0,Average / Developing
CUST_01339,55,36,14432.8,3,Average / Developing
CUST_01340,120,43,41403.62,2,At Risk / Churning
CUST_01341,123,73,81147.48,2,At Risk / Churning
CUST_01342,34,46,25989.08,3,Average / Developing
CUST_01343,26,13,2293.47,0,Average / Developing
CUST_01344,114,43,62794.13,2,At Risk / Churning
CUST_01345,23,15,2426.52,0,Average / Developing
CUST_01346,40,52,36265.4,3,Average / Developing
CUST_01347,14,44,33246.89,3,Average / Developing
CUST_01348,34,26,19525.98,0,Average / Developing
CUST_01349,56,10,2348.16,0,Average / Developing
CUST_01350,21,52,33906.4,3,Average / Developing
CUST_01351,37,11,1881.27,0,Average / Developing
CUST_01352,29,43,33733.57,3,Average / Developing
CUST_01353,49,41,24970.7,3,Average / Developing
CUST_01354,35,14,3087.2999999999997,0,Average / Developing
CUST_01355,7,82,198171.92,1,Champions
CUST_01356,39,14,2822.88,0,Average / Developing
CUST_01357,46,30,15167.470000000001,0,Average / Developing
CUST_01358,113,89,94986.01,2,At Risk / Churning
CUST_01359,14,78,160461.53,1,Champions
CUST_01360,76,65,60562.81,2,At Risk / Churning
CUST_01361,4,76,152027.75,1,Champions
CUST_01362,46,26,19707.54,0,Average / Developing
CUST_01363,113,83,71004.97,2,At Risk / Churning
CUST_01364,5,116,211814.57,1,Champions
CUST_01365,36,36,21969.97,3,Average / Developing
CUST_01366,9,40,27882.61,3,Average / Developing
CUST_01367,10,78,153992.0,1,Champions
CUST_01368,98,70,80389.44,2,At Risk / Churning
CUST_01369,22,25,15751.44,0,Average / Developing
CUST_01370,37,10,2073.67,0,Average / Developing
CUST_01371,30,49,42963.9,3,Average / Developing
CUST_01372,157,82,80988.78,2,At Risk / Churning
CUST_01373,163,36,43554.99,2,At Risk / Churning
CUST_01374,104,80,71972.21,2,At Risk / Churning
CUST_01375,11,81,192417.7,1,Champions
CUST_01376,39,48,29386.37,3,Average / Developing
CUST_01377,18,51,35192.32,3,Average / Developing
CUST_01378,51,39,24628.35,3,Average / Developing
CUST_01379,38,48,36024.66,3,Average / Developing
CUST_01380,27,26,16125.36,0,Average / Developing
CUST_01381,25,29,20935.65,3,Average / Developing
CUST_01382,43,34,26701.52,3,Average / Developing
CUST_01383,108,73,69176.63,2,At Risk / Churning
CUST_01384,37,14,2233.37,0,Average / Developing
CUST_01385,7,20,13366.81,0,Average / Developing
CUST_01386,15,28,16306.98,3,Average / Developing
CUST_01387,27,47,29122.37,3,Average / Developing
CUST_01388,39,27,19763.94,0,Average / Developing
CUST_01389,49,17,3053.1800000000003,0,Average / Developing
CUST_01390,27,29,19051.78,3,Average / Developing
CUST_01391,37,51,30624.92,3,Average / Developing
CUST_01392,81,58,58161.47,2,At Risk / Churning
CUST_01393,7,53,30540.71,3,Average / Developing
CUST_01394,16,9,1165.76,0,Average / Developing
CUST_01395,29,49,29836.82,3,Average / Developing
CUST_01396,72,21,15331.23,0,Average / Developing
CUST_01397,36,10,2095.83,0,Average / Developing
CUST_01398,35,14,3973.1400000000003,0,Average / Developing
CUST_01399,152,12,1794.2,2,At Risk / Churning
CUST_01400,6,76,146096.83,1,Champions
CUST_01401,65,7,1771.1499999999999,0,Average / Developing
CUST_01402,133,61,58475.909999999996,2,At Risk / Churning
CUST_01403,23,27,16997.760000000002,3,Average / Developing
CUST_01404,1,141,283821.68,1,Champions
CUST_01405,80,7,1461.65,0,Average / Developing
CUST_01406,7,53,32075.35,3,Average / Developing
CUST_01407,13,52,49114.88,3,Average / Developing
CUST_01408,29,37,22256.62,3,Average / Developing
CUST_01409,112,8,848.0699999999999,0,Average / Developing
CUST_01410,156,47,47721.35,2,At Risk / Churning
CUST_01411,37,11,2007.03,0,Average / Developing
CUST_01412,11,96,205743.3,1,Champions
CUST_01413,37,23,17359.08,0,Average / Developing
CUST_01414,137,67,59881.89,2,At Risk / Churning
CUST_01415,30,24,12096.57,0,Average / Developing
CUST_01416,41,16,2490.98,0,Average / Developing
CUST_01417,67,7,2081.37,0,Average / Developing
CUST_01418,71,5,628.48,0,Average / Developing
CUST_01419,22,54,41756.46,3,Average / Developing
CUST_01420,73,60,60070.67,3,Average / Developing
CUST_01421,4,11,1922.43,0,Average / Developing
CUST_01422,13,67,161110.16999999998,1,Champions
CUST_01423,1,120,239062.05,1,Champions
CUST_01424,40,21,10710.8,0,Average / Developing
CUST_01425,171,44,37294.29,2,At Risk / Churning
CUST_01426,4,65,164944.1,1,Champions
CUST_01427,4,54,37292.86,3,Average / Developing
CUST_01428,39,12,1300.6200000000001,0,Average / Developing
CUST_01429,15,101,242731.18,1,Champions
CUST_01430,13,109,265162.49,1,Champions
CUST_01431,3,91,163035.62,1,Champions
CUST_01432,15,11,2359.52,0,Average / Developing
CUST_01433,27,40,25757.46,3,Average / Developing
CUST_01434,21,54,53468.14,3,Average / Developing
CUST_01435,3,90,179045.8,1,Champions
CUST_01436,38,40,28355.27,3,Average / Developing
CUST_01437,66,8,784.84,0,Average / Developing
CUST_01438,29,16,2224.79,0,Average / Developing
CUST_01439,40,49,30813.29,3,Average / Developing
CUST_01440,167,79,73143.09,2,At Risk / Churning
CUST_01441,11,146,250841.97,1,Champions
CUST_01442,4,43,25582.25,3,Average / Developing
CUST_01443,77,72,64218.75,2,At Risk / Churning
CUST_01444,93,39,40735.19,2,At Risk / Churning
CUST_01445,48,26,16483.46,0,Average / Developing
CUST_01446,34,35,25258.29,3,Average / Developing
CUST_01447,31,25,16297.87,0,Average / Developing
CUST_01448,97,66,65668.1,2,At Risk / Churning
CUST_01449,42,16,2418.65,0,Average / Developing
CUST_01450,9,67,120151.19,3,Average / Developing
CUST_01451,31,8,719.82,0,Average / Developing
CUST_01452,151,80,70543.42,2,At Risk / Churning
CUST_01453,9,34,27832.16,3,Average / Developing
CUST_01454,11,116,259078.3,1,Champions
CUST_01455,5,80,174561.55,1,Champions
CUST_01456,27,5,1126.2,0,Average / Developing
CUST_01457,30,42,28656.05,3,Average / Developing
CUST_01458,26,34,20574.64,3,Average / Developing
CUST_01459,42,52,37585.62,3,Average / Developing
CUST_01460,51,6,1161.68,0,Average / Developing
CUST_01461,10,126,247736.16,1,Champions
CUST_01462,134,30,28408.48,2,At Risk / Churning
CUST_01463,19,28,13644.130000000001,3,Average / Developing
CUST_01464,8,128,232301.87,1,Champions
CUST_01465,77,54,60476.229999999996,3,Average / Developing
CUST_01466,9,95,187087.16,1,Champions
CUST_01467,26,14,3049.8,0,Average / Developing
CUST_01468,81,70,75320.37,2,At Risk / Churning
CUST_01469,6,82,132691.04,1,Champions
CUST_01470,25,5,1971.31,0,Average / Developing
CUST_01471,47,13,2324.2000000000003,0,Average / Developing
CUST_01472,82,12,2175.16,0,Average / Developing
CUST_01473,3,38,25476.38,3,Average / Developing
CUST_01474,5,140,316927.34,1,Champions
CUST_01475,43,54,34999.38,3,Average / Developing
CUST_01476,14,81,136934.97,1,Champions
CUST_01477,62,8,1614.28,0,Average / Developing
CUST_01478,68,14,2376.52,0,Average / Developing
CUST_01479,17,33,22079.44,3,Average / Developing
CUST_01480,43,6,531.76,0,Average / Developing
CUST_01481,92,69,64170.86,2,At Risk / Churning
CUST_01482,39,8,676.0699999999999,0,Average / Developing
CUST_01483,102,15,2626.1,0,Average / Developing
CUST_01484,42,14,3060.13,0,Average / Developing
CUST_01485,104,80,95993.18,2,At Risk / Churning
CUST_01486,21,13,2897.2,0,Average / Developing
CUST_01487,176,67,57097.86,2,At Risk / Churning
CUST_01488,66,22,17236.1,0,Average / Developing
CUST_01489,75,15,2652.65,0,Average / Developing
CUST_01490,18,73,128157.33,1,Champions
CUST_01491,26,34,28251.719999999998,3,Average / Developing
CUST_01492,19,32,28207.66,3,Average / Developing
CUST_01493,85,73,68195.37,2,At Risk / Churning
CUST_01494,6,138,241265.55,1,Champions
CUST_01495,26,34,33686.3,3,Average / Developing
CUST_01496,29,16,1632.47,0,Average / Developing
CUST_01497,25,27,15981.64,3,Average / Developing
CUST_01498,13,102,224267.11,1,Champions
CUST_01499,11,142,275118.58,1,Champions
CUST_01500,69,41,35723.03,3,Average / Developing
CUST_01501,68,22,11391.86,0,Average / Developing
CUST_01502,9,137,243325.53,1,Champions
CUST_01503,19,23,14646.57,0,Average / Developing
CUST_01504,187,62,56060.33,2,At Risk / Churning
CUST_01505,22,36,22591.04,3,Average / Developing
CUST_01506,36,42,35853.88,3,Average / Developing
CUST_01507,5,90,162157.49,1,Champions
CUST_01508,144,58,45455.81,2,At Risk / Churning
CUST_01509,10,66,230112.48,1,Champions
CUST_01510,5,114,195524.64,1,Champions
CUST_01511,13,113,227230.89,1,Champions
CUST_01512,45,31,19718.62,0,Average / Developing
CUST_01513,91,74,81778.26,2,At Risk / Churning
CUST_01514,56,5,703.23,0,Average / Developing
CUST_01515,22,31,19752.38,3,Average / Developing
CUST_01516,33,9,1585.1499999999999,0,Average / Developing
CUST_01517,14,10,2363.58,0,Average / Developing
CUST_01518,11,110,211930.54,1,Champions
CUST_01519,48,13,2789.42,0,Average / Developing
CUST_01520,17,75,166252.58,1,Champions
CUST_01521,17,49,33576.06,3,Average / Developing
CUST_01522,144,69,47779.52,2,At Risk / Churning
CUST_01523,44,48,29423.09,3,Average / Developing
CUST_01524,33,40,22894.66,3,Average / Developing
CUST_01525,53,30,24613.48,0,Average / Developing
CUST_01526,144,81,103242.94,2,At Risk / Churning
CUST_01527,91,57,52438.55,2,At Risk / Churning
CUST_01528,16,42,35697.16,3,Average / Developing
CUST_01529,5,128,285725.08,1,Champions
CUST_01530,129,66,41664.76,2,At Risk / Churning
CUST_01531,18,54,38765.95,3,Average / Developing
CUST_01532,44,21,21261.28,0,Average / Developing
CUST_01533,109,5,237.29,0,Average / Developing
CUST_01534,40,42,30916.68,3,Average / Developing
CUST_01535,25,13,2695.85,0,Average / Developing
CUST_01536,13,88,228092.28,1,Champions
CUST_01537,49,30,20236.6,0,Average / Developing
CUST_01538,11,52,44166.7,3,Average / Developing
CUST_01539,37,47,44397.19,3,Average / Developing
CUST_01540,6,146,286717.73,1,Champions
CUST_01541,29,36,20344.66,3,Average / Developing
CUST_01542,38,15,3119.31,0,Average / Developing
CUST_01543,21,116,210609.36000000002,1,Champions
CUST_01544,53,39,29897.58,3,Average / Developing
CUST_01545,1,114,204529.59,1,Champions
CUST_01546,44,17,2597.45,0,Average / Developing
CUST_01547,131,54,57759.79,2,At Risk / Churning
CUST_01548,28,11,2112.68,0,Average / Developing
CUST_01549,7,14,2571.88,0,Average / Developing
CUST_01550,55,10,817.43,0,Average / Developing
CUST_01551,95,7,819.9399999999999,0,Average / Developing
CUST_01552,180,83,91476.73,2,At Risk / Churning
CUST_01553,15,21,6830.29,0,Average / Developing
CUST_01554,78,34,17214.08,0,Average / Developing
CUST_01555,128,61,59352.61,2,At Risk / Churning
CUST_01556,49,12,2553.35,0,Average / Developing
CUST_01557,51,23,15807.15,0,Average / Developing
CUST_01558,37,17,2380.0,0,Average / Developing
CUST_01559,104,7,505.64,0,Average / Developing
CUST_01560,17,50,37799.74,3,Average / Developing
CUST_01561,9,145,268522.21,1,Champions
CUST_01562,44,9,1450.1599999999999,0,Average / Developing
CUST_01563,40,16,1994.3,0,Average / Developing
CUST_01564,12,111,233912.36,1,Champions
CUST_01565,66,15,2978.39,0,Average / Developing
CUST_01566,53,35,26208.78,3,Average / Developing
CUST_01567,40,23,9668.5,0,Average / Developing
CUST_01568,10,108,207656.32,1,Champions
CUST_01569,35,29,14096.62,0,Average / Developing
CUST_01570,15,48,35134.93,3,Average / Developing
CUST_01571,41,17,3143.7999999999997,0,Average / Developing
CUST_01572,82,88,102911.11,2,At Risk / Churning
CUST_01573,27,15,2696.36,0,Average / Developing
CUST_01574,49,51,26890.41,3,Average / Developing
CUST_01575,64,17,3313.62,0,Average / Developing
CUST_01576,43,35,23618.48,3,Average / Developing
CUST_01577,93,5,643.45,0,Average / Developing
CUST_01578,23,6,629.53,0,Average / Developing
CUST_01579,141,69,56528.98,2,At Risk / Churning
CUST_01580,70,34,30969.989999999998,0,Average / Developing
CUST_01581,30,16,1999.97,0,Average / Developing
CUST_01582,168,74,74375.51,2,At Risk / Churning
CUST_01583,7,17,3629.74,0,Average / Developing
CUST_01584,3,29,16655.0,3,Average / Developing
CUST_01585,34,48,28037.79,3,Average / Developing
CUST_01586,183,72,63161.21,2,At Risk / Churning
CUST_01587,34,50,25602.46,3,Average / Developing
CUST_01588,3,84,192179.43,1,Champions
CUST_01589,2,90,179107.72,1,Champions
CUST_01590,9,64,129140.83,3,Average / Developing
CUST_01591,2,90,156881.11000000002,1,Champions
CUST_01592,29,60,105044.65,3,Average / Developing
CUST_01593,27,49,27319.33,3,Average / Developing
CUST_01594,41,49,38952.39,3,Average / Developing
CUST_01595,29,40,17352.7,3,Average / Developing
CUST_01596,41,47,28766.24,3,Average / Developing
CUST_01597,39,49,33760.85,3,Average / Developing
CUST_01598,172,54,44567.840000000004,2,At Risk / Churning
CUST_01599,40,42,28370.23,3,Average / Developing
CUST_01600,27,7,1912.0900000000001,0,Average / Developing
CUST_01601,61,41,36497.25,3,Average / Developing
CUST_01602,157,31,29147.3,2,At Risk / Churning
CUST_01603,11,127,240663.63999999998,1,Champions
CUST_01604,52,43,38314.99,3,Average / Developing
CUST_01605,50,40,33069.36,3,Average / Developing
CUST_01606,80,45,48914.87,3,Average / Developing
CUST_01607,23,13,3371.77,0,Average / Developing
CUST_01608,10,107,224995.13,1,Champions
CUST_01609,40,32,16898.07,3,Average / Developing
CUST_01610,5,146,302313.38,1,Champions
CUST_01611,5,64,124245.47,3,Average / Developing
CUST_01612,4,109,220235.11000000002,1,Champions
CUST_01613,101,8,1923.0600000000002,0,Average / Developing
CUST_01614,13,118,261599.69,1,Champions
CUST_01615,18,23,13005.32,0,Average / Developing
CUST_01616,52,35,29446.0,3,Average / Developing
CUST_01617,115,46,53041.05,2,At Risk / Churning
CUST_01618,21,43,29480.06,3,Average / Developing
CUST_01619,5,112,219994.12,1,Champions
CUST_01620,12,12,2176.09,0,Average / Developing
CUST_01621,154,68,54826.76,2,At Risk / Churning
CUST_01622,82,41,38734.61,3,Average / Developing
CUST_01623,40,23,13423.6,0,Average / Developing
CUST_01624,1,129,266332.89,1,Champions
CUST_01625,42,41,19224.079999999998,3,Average / Developing
CUST_01626,40,32,21691.0,3,Average / Developing
CUST_01627,23,37,25596.37,3,Average / Developing
CUST_01628,11,22,16835.76,0,Average / Developing
CUST_01629,17,38,29843.24,3,Average / Developing
CUST_01630,8,16,2520.36,0,Average / Developing
CUST_01631,33,14,2599.21,0,Average / Developing
CUST_01632,76,76,89538.37,2,At Risk / Churning
CUST_01633,34,34,39969.99,3,Average / Developing
CUST_01634,17,13,2481.01,0,Average / Developing
CUST_01635,58,23,9554.94,0,Average / Developing
CUST_01636,157,80,82597.06999999999,2,At Risk / Churning
CUST_01637,180,69,67462.35,2,At Risk / Churning
CUST_01638,117,37,38970.59,2,At Risk / Churning
CUST_01639,65,28,26490.44,0,Average / Developing
CUST_01640,6,105,192040.18,1,Champions
CUST_01641,44,17,3445.18,0,Average / Developing
CUST_01642,27,17,4193.86,0,Average / Developing
CUST_01643,4,126,244258.43,1,Champions
CUST_01644,61,17,4233.0599999999995,0,Average / Developing
CUST_01645,19,17,2304.86,0,Average / Developing
CUST_01646,10,108,216383.51,1,Champions
CUST_01647,102,8,4389.71,0,Average / Developing
CUST_01648,20,35,24453.04,3,Average / Developing
CUST_01649,28,45,30670.35,3,Average / Developing
CUST_01650,48,12,1653.6100000000001,0,Average / Developing
CUST_01651,16,16,2560.67,0,Average / Developing
CUST_01652,134,75,80620.48,2,At Risk / Churning
CUST_01653,46,24,14994.79,0,Average / Developing
CUST_01654,113,34,40457.47,2,At Risk / Churning
CUST_01655,48,11,2619.6099999999997,0,Average / Developing
CUST_01656,13,134,225307.51,1,Champions
CUST_01657,143,71,78049.02,2,At Risk / Churning
CUST_01658,15,124,253634.52,1,Champions
CUST_01659,18,31,20522.7,3,Average / Developing
CUST_01660,93,7,806.8199999999999,0,Average / Developing
CUST_01661,38,17,2074.63,0,Average / Developing
CUST_01662,150,53,52004.71,2,At Risk / Churning
CUST_01663,33,49,39595.61,3,Average / Developing
CUST_01664,6,93,209454.94,1,Champions
CUST_01665,160,76,53981.08,2,At Risk / Churning
CUST_01666,4,54,30432.78,3,Average / Developing
CUST_01667,23,36,25855.4,3,Average / Developing
CUST_01668,101,79,103972.15,2,At Risk / Churning
CUST_01669,43,11,1999.05,0,Average / Developing
CUST_01670,9,9,2096.54,0,Average / Developing
CUST_01671,40,50,30366.12,3,Average / Developing
CUST_01672,4,145,335849.52,1,Champions
CUST_01673,29,10,1897.7,0,Average / Developing
CUST_01674,125,49,33369.38,2,At Risk / Churning
CUST_01675,12,123,255843.11,1,Champions
CUST_01676,1,118,210657.08,1,Champions
CUST_01677,10,46,22260.79,3,Average / Developing
CUST_01678,95,78,80677.86,2,At Risk / Churning
CUST_01679,49,27,17688.11,0,Average / Developing
CUST_01680,141,78,77101.16,2,At Risk / Churning
CUST_01681,43,36,23969.280000000002,3,Average / Developing
CUST_01682,48,35,21546.08,3,Average / Developing
CUST_01683,10,91,164144.3,1,Champions
CUST_01684,57,8,1608.87,0,Average / Developing
CUST_01685,74,70,81056.13,2,At Risk / Churning
CUST_01686,27,6,897.25,0,Average / Developing
CUST_01687,59,8,946.33,0,Average / Developing
CUST_01688,24,17,3032.96,0,Average / Developing
CUST_01689,7,45,32429.07,3,Average / Developing
CUST_01690,25,50,42280.38,3,Average / Developing
CUST_01691,107,51,58911.93,2,At Risk / Churning
CUST_01692,32,28,17939.17,0,Average / Developing
CUST_01693,14,30,25037.26,3,Average / Developing
CUST_01694,12,79,156925.71,1,Champions
CUST_01695,10,121,221878.0,1,Champions
CUST_01696,34,12,2010.2400000000002,0,Average / Developing
CUST_01697,13,8,1068.26,0,Average / Developing
CUST_01698,132,57,62125.72,2,At Risk / Churning
CUST_01699,176,76,75015.66,2,At Risk / Churning
CUST_01700,39,45,27040.59,3,Average / Developing
CUST_01701,52,20,10250.71,0,Average / Developing
CUST_01702,170,53,73587.14,2,At Risk / Churning
CUST_01703,44,28,15719.039999999999,0,Average / Developing
CUST_01704,41,22,17593.8,0,Average / Developing
CUST_01705,23,12,2100.87,0,Average / Developing
CUST_01706,61,25,15480.07,0,Average / Developing
CUST_01707,5,76,147167.07,1,Champions
CUST_01708,54,7,1166.41,0,Average / Developing
CUST_01709,122,77,83812.23,2,At Risk / Churning
CUST_01710,13,137,276105.46,1,Champions
CUST_01711,151,44,59605.58,2,At Risk / Churning
CUST_01712,138,70,77705.47,2,At Risk / Churning
CUST_01713,16,50,32042.7,3,Average / Developing
CUST_01714,30,48,28995.68,3,Average / Developing
CUST_01715,5,137,240577.4,1,Champions
CUST_01716,4,96,172108.95,1,Champions
CUST_01717,45,31,23788.07,3,Average / Developing
CUST_01718,2,145,281253.08,1,Champions
CUST_01719,156,82,108372.31,2,At Risk / Churning
CUST_01720,14,8,2006.48,0,Average / Developing
CUST_01721,21,50,39517.95,3,Average / Developing
CUST_01722,18,39,19599.78,3,Average / Developing
CUST_01723,28,42,34053.89,3,Average / Developing
CUST_01724,113,88,72799.62,2,At Risk / Churning
CUST_01725,48,33,12228.13,0,Average / Developing
CUST_01726,98,83,82302.87,2,At Risk / Churning
CUST_01727,166,39,38090.44,2,At Risk / Churning
CUST_01728,57,9,1517.56,0,Average / Developing
CUST_01729,28,21,19478.68,0,Average / Developing
CUST_01730,4,127,306356.98,1,Champions
CUST_01731,10,63,153201.13999999998,1,Champions
CUST_01732,27,53,33085.47,3,Average / Developing
CUST_01733,39,26,16318.49,0,Average / Developing
CUST_01734,41,24,23875.4,0,Average / Developing
CUST_01735,33,13,2402.97,0,Average / Developing
CUST_01736,13,29,24339.03,3,Average / Developing
CUST_01737,28,31,32810.77,3,Average / Developing
CUST_01738,20,9,1850.28,0,Average / Developing
CUST_01739,171,63,60557.4,2,At Risk / Churning
CUST_01740,174,78,72872.13,2,At Risk / Churning
CUST_01741,78,7,1153.13,0,Average / Developing
CUST_01742,120,77,81620.76,2,At Risk / Churning
CUST_01743,107,74,91591.18000000001,2,At Risk / Churning
CUST_01744,27,15,2344.36,0,Average / Developing
CUST_01745,106,44,43636.869999999995,2,At Risk / Churning
CUST_01746,27,36,26503.25,3,Average / Developing
CUST_01747,5,82,174207.05,1,Champions
CUST_01748,14,16,3937.15,0,Average / Developing
CUST_01749,39,32,22441.56,3,Average / Developing
CUST_01750,19,15,2104.32,0,Average / Developing
CUST_01751,61,6,1180.85,0,Average / Developing
CUST_01752,16,17,4400.27,0,Average / Developing
CUST_01753,14,30,13919.11,3,Average / Developing
CUST_01754,51,35,25645.99,3,Average / Developing
CUST_01755,29,21,11307.32,0,Average / Developing
CUST_01756,6,32,21768.01,3,Average / Developing
CUST_01757,6,123,232579.4,1,Champions
CUST_01758,55,45,31436.5,3,Average / Developing
CUST_01759,44,37,26367.03,3,Average / Developing
CUST_01760,42,11,1572.73,0,Average / Developing
CUST_01761,48,47,51907.04,3,Average / Developing
CUST_01762,59,5,605.54,0,Average / Developing
CUST_01763,82,36,44993.86,3,Average / Developing
CUST_01764,23,47,29398.36,3,Average / Developing
CUST_01765,9,14,2874.93,0,Average / Developing
CUST_01766,28,14,2646.31,0,Average / Developing
CUST_01767,16,34,22538.61,3,Average / Developing
CUST_01768,48,32,24503.39,3,Average / Developing
CUST_01769,40,47,25512.65,3,Average / Developing
CUST_01770,168,31,29296.7,2,At Risk / Churning
CUST_01771,54,13,1990.47,0,Average / Developing
CUST_01772,36,23,19966.989999999998,0,Average / Developing
CUST_01773,30,12,1995.89,0,Average / Developing
CUST_01774,49,51,41455.82,3,Average / Developing
CUST_01775,50,53,41245.28,3,Average / Developing
CUST_01776,37,52,29957.96,3,Average / Developing
CUST_01777,110,58,70510.46,2,At Risk / Churning
CUST_01778,143,30,23169.75,2,At Risk / Churning
CUST_01779,12,49,24056.44,3,Average / Developing
CUST_01780,40,10,1537.15,0,Average / Developing
CUST_01781,41,22,14030.33,0,Average / Developing
CUST_01782,38,33,25734.25,3,Average / Developing
CUST_01783,136,46,51545.72,2,At Risk / Churning
CUST_01784,51,37,26666.96,3,Average / Developing
CUST_01785,11,6,1511.8,0,Average / Developing
CUST_01786,117,72,60965.83,2,At Risk / Churning
CUST_01787,66,11,1261.21,0,Average / Developing
CUST_01788,12,37,26206.67,3,Average / Developing
CUST_01789,27,10,1466.21,0,Average / Developing
CUST_01790,135,72,67027.43,2,At Risk / Churning
CUST_01791,30,9,1137.02,0,Average / Developing
CUST_01792,92,33,44461.4,2,At Risk / Churning
CUST_01793,23,14,3534.7,0,Average / Developing
CUST_01794,11,99,184959.87,1,Champions
CUST_01795,10,48,44501.22,3,Average / Developing
CUST_01796,172,55,56989.979999999996,2,At Risk / Churning
CUST_01797,21,14,2744.54,0,Average / Developing
CUST_01798,5,124,242280.1,1,Champions
CUST_01799,5,29,19694.91,3,Average / Developing
CUST_01800,51,9,2394.34,0,Average / Developing
CUST_01801,50,28,18895.0,0,Average / Developing
CUST_01802,11,38,23899.22,3,Average / Developing
CUST_01803,48,38,28947.74,3,Average / Developing
CUST_01804,51,46,38773.71,3,Average / Developing
CUST_01805,6,125,250525.91,1,Champions
CUST_01806,60,50,44167.56,3,Average / Developing
CUST_01807,144,43,54160.76,2,At Risk / Churning
CUST_01808,62,51,27166.33,3,Average / Developing
CUST_01809,24,34,30605.69,3,Average / Developing
CUST_01810,12,47,28595.55,3,Average / Developing
CUST_01811,1,90,174474.89,1,Champions
CUST_01812,109,6,663.87,0,Average / Developing
CUST_01813,34,9,2620.32,0,Average / Developing
CUST_01814,11,68,119465.85,3,Average / Developing
CUST_01815,11,68,149134.04,1,Champions
CUST_01816,33,7,1511.5900000000001,0,Average / Developing
CUST_01817,11,38,23320.74,3,Average / Developing
CUST_01818,18,7,1728.65,0,Average / Developing
CUST_01819,32,34,25149.7,3,Average / Developing
CUST_01820,17,17,4523.58,0,Average / Developing
CUST_01821,12,52,26059.37,3,Average / Developing
CUST_01822,44,50,24810.47,3,Average / Developing
CUST_01823,26,7,1620.76,0,Average / Developing
CUST_01824,10,125,195460.16,1,Champions
CUST_01825,103,5,841.56,0,Average / Developing
CUST_01826,30,41,20185.06,3,Average / Developing
CUST_01827,21,5,937.9699999999999,0,Average / Developing
CUST_01828,56,12,2666.2599999999998,0,Average / Developing
CUST_01829,7,124,225092.6,1,Champions
CUST_01830,9,102,225662.74,1,Champions
CUST_01831,54,47,30616.9,3,Average / Developing
CUST_01832,155,33,38559.33,2,At Risk / Churning
CUST_01833,135,32,44565.58,2,At Risk / Churning
CUST_01834,52,11,2503.3500000000004,0,Average / Developing
CUST_01835,16,43,36375.55,3,Average / Developing
CUST_01836,11,114,235921.73,1,Champions
CUST_01837,9,26,14265.7,3,Average / Developing
CUST_01838,151,54,53731.35,2,At Risk / Churning
CUST_01839,29,39,24050.41,3,Average / Developing
CUST_01840,34,39,21953.07,3,Average / Developing
CUST_01841,133,42,36668.09,2,At Risk / Churning
CUST_01842,5,132,232548.76,1,Champions
CUST_01843,6,127,281134.93,1,Champions
CUST_01844,31,24,14439.52,0,Average / Developing
CUST_01845,8,149,287246.19,1,Champions
CUST_01846,169,60,67181.97,2,At Risk / Churning
CUST_01847,125,62,59177.16,2,At Risk / Churning
CUST_01848,27,11,2019.9399999999998,0,Average / Developing
CUST_01849,7,132,242613.28,1,Champions
CUST_01850,5,48,30268.38,3,Average / Developing
CUST_01851,39,42,37963.01,3,Average / Developing
CUST_01852,97,11,1643.15,0,Average / Developing
CUST_01853,62,51,43944.36,3,Average / Developing
CUST_01854,22,47,25867.37,3,Average / Developing
CUST_01855,67,23,13953.12,0,Average / Developing
CUST_01856,29,12,2189.21,0,Average / Developing
CUST_01857,55,12,2749.79,0,Average / Developing
CUST_01858,29,42,30647.27,3,Average / Developing
CUST_01859,33,28,14782.37,0,Average / Developing
CUST_01860,161,88,102235.8,2,At Risk / Churning
CUST_01861,70,55,52475.94,3,Average / Developing
CUST_01862,95,35,36005.61,2,At Risk / Churning
CUST_01863,93,12,2499.2200000000003,0,Average / Developing
CUST_01864,24,7,1084.6299999999999,0,Average / Developing
CUST_01865,48,7,1750.79,0,Average / Developing
CUST_01866,8,16,2874.36,0,Average / Developing
CUST_01867,29,29,29443.59,3,Average / Developing
CUST_01868,10,146,325123.92,1,Champions
CUST_01869,32,12,1702.53,0,Average / Developing
CUST_01870,35,12,1825.22,0,Average / Developing
CUST_01871,31,6,874.8100000000001,0,Average / Developing
CUST_01872,54,11,2149.42,0,Average / Developing
CUST_01873,29,35,31741.54,3,Average / Developing
CUST_01874,119,63,68830.86,2,At Risk / Churning
CUST_01875,46,43,24702.71,3,Average / Developing
CUST_01876,13,40,39362.66,3,Average / Developing
CUST_01877,16,25,19053.57,3,Average / Developing
CUST_01878,11,31,23135.39,3,Average / Developing
CUST_01879,40,21,21345.600000000002,0,Average / Developing
CUST_01880,46,9,1638.75,0,Average / Developing
CUST_01881,42,46,42359.0,3,Average / Developing
CUST_01882,84,55,54644.31,2,At Risk / Churning
CUST_01883,94,41,35633.68,2,At Risk / Churning
CUST_01884,142,52,51809.25,2,At Risk / Churning
CUST_01885,50,23,13316.38,0,Average / Developing
CUST_01886,127,89,96079.15,2,At Risk / Churning
CUST_01887,18,53,33424.09,3,Average / Developing
CUST_01888,61,11,3104.36,0,Average / Developing
CUST_01889,48,38,21486.36,3,Average / Developing
CUST_01890,130,85,82851.77,2,At Risk / Churning
CUST_01891,72,38,35799.08,3,Average / Developing
CUST_01892,12,115,228199.37,1,Champions
CUST_01893,122,59,43966.44,2,At Risk / Churning
CUST_01894,30,14,2015.32,0,Average / Developing
CUST_01895,29,31,21733.8,3,Average / Developing
CUST_01896,19,7,2309.68,0,Average / Developing
CUST_01897,14,41,25323.03,3,Average / Developing
CUST_01898,55,12,1849.02,0,Average / Developing
CUST_01899,18,128,268348.78,1,Champions
CUST_01900,36,13,2588.42,0,Average / Developing
CUST_01901,9,102,213383.88999999998,1,Champions
CUST_01902,10,48,42231.98,3,Average / Developing
CUST_01903,32,36,23818.1,3,Average / Developing
CUST_01904,3,7,893.17,0,Average / Developing
CUST_01905,36,25,12895.95,0,Average / Developing
CUST_01906,8,144,300711.92,1,Champions
CUST_01907,27,36,27237.98,3,Average / Developing
CUST_01908,47,50,35368.56,3,Average / Developing
CUST_01909,11,46,38420.07,3,Average / Developing
CUST_01910,84,36,33213.95,0,Average / Developing
CUST_01911,124,77,102549.5,2,At Risk / Churning
CUST_01912,11,16,4010.0,0,Average / Developing
CUST_01913,44,46,29718.62,3,Average / Developing
CUST_01914,12,44,35281.63,3,Average / Developing
CUST_01915,34,6,1025.32,0,Average / Developing
CUST_01916,15,38,30845.01,3,Average / Developing
CUST_01917,38,30,19776.9,3,Average / Developing
CUST_01918,178,87,129377.25,2,At Risk / Churning
CUST_01919,27,46,31727.69,3,Average / Developing
CUST_01920,175,77,78132.69,2,At Risk / Churning
CUST_01921,172,83,113593.5,2,At Risk / Churning
CUST_01922,139,44,45576.4,2,At Risk / Churning
CUST_01923,82,15,2540.09,0,Average / Developing
CUST_01924,11,40,50959.619999999995,3,Average / Developing
CUST_01925,91,17,2257.56,0,Average / Developing
CUST_01926,13,133,257191.05,1,Champions
CUST_01927,103,77,86733.43,2,At Risk / Churning
CUST_01928,41,15,1813.6499999999999,0,Average / Developing
CUST_01929,58,5,771.95,0,Average / Developing
CUST_01930,64,11,1619.14,0,Average / Developing
CUST_01931,6,133,261181.79,1,Champions
CUST_01932,18,46,30115.5,3,Average / Developing
CUST_01933,35,26,12255.47,0,Average / Developing
CUST_01934,42,9,1646.93,0,Average / Developing
CUST_01935,22,45,32595.99,3,Average / Developing
CUST_01936,32,48,36232.58,3,Average / Developing
CUST_01937,19,34,21915.14,3,Average / Developing
CUST_01938,26,29,14282.89,3,Average / Developing
CUST_01939,26,24,10853.78,0,Average / Developing
CUST_01940,105,89,92117.58,2,At Risk / Churning
CUST_01941,41,10,2106.0299999999997,0,Average / Developing
CUST_01942,22,21,19968.71,0,Average / Developing
CUST_01943,147,46,58065.29,2,At Risk / Churning
CUST_01944,50,32,21066.57,0,Average / Developing
CUST_01945,49,43,30769.11,3,Average / Developing
CUST_01946,131,11,2336.62,2,At Risk / Churning
CUST_01947,31,27,18618.91,0,Average / Developing
CUST_01948,33,8,863.56,0,Average / Developing
CUST_01949,45,26,10950.51,0,Average / Developing
CUST_01950,25,14,2470.77,0,Average / Developing
CUST_01951,3,39,24612.86,3,Average / Developing
CUST_01952,45,11,4618.4400000000005,0,Average / Developing
CUST_01953,36,51,29517.260000000002,3,Average / Developing
CUST_01954,48,42,18833.57,3,Average / Developing
CUST_01955,13,73,135129.01,1,Champions
CUST_01956,25,38,23958.56,3,Average / Developing
CUST_01957,14,99,185903.07,1,Champions
CUST_01958,28,50,41973.73,3,Average / Developing
CUST_01959,50,7,1147.97,0,Average / Developing
CUST_01960,38,34,17653.95,3,Average / Developing
CUST_01961,22,48,30231.37,3,Average / Developing
CUST_01962,8,120,275972.22,1,Champions
CUST_01963,5,127,250034.17,1,Champions
CUST_01964,12,21,15272.56,0,Average / Developing
CUST_01965,32,17,4226.26,0,Average / Developing
CUST_01966,88,69,57202.85,2,At Risk / Churning
CUST_01967,3,86,148701.77,1,Champions
CUST_01968,15,10,1372.89,0,Average / Developing
CUST_01969,9,93,185235.41,1,Champions
CUST_01970,8,39,23726.49,3,Average / Developing
CUST_01971,8,38,19944.59,3,Average / Developing
CUST_01972,30,34,27891.17,3,Average / Developing
CUST_01973,4,87,190103.82,1,Champions
CUST_01974,8,147,274957.57,1,Champions
CUST_01975,57,14,3124.78,0,Average / Developing
CUST_01976,45,50,33585.72,3,Average / Developing
CUST_01977,117,34,26332.79,2,At Risk / Churning
CUST_01978,164,59,49081.63,2,At Risk / Churning
CUST_01979,3,73,158773.68,1,Champions
CUST_01980,36,52,37710.92,3,Average / Developing
CUST_01981,35,48,37151.41,3,Average / Developing
CUST_01982,20,93,192120.79,1,Champions
CUST_01983,48,5,2009.15,0,Average / Developing
CUST_01984,48,21,22539.2,0,Average / Developing
CUST_01985,10,16,2612.72,0,Average / Developing
CUST_01986,27,42,28965.54,3,Average / Developing
CUST_01987,45,48,45519.48,3,Average / Developing
CUST_01988,24,54,36124.06,3,Average / Developing
CUST_01989,41,27,17293.22,0,Average / Developing
CUST_01990,42,25,22167.81,0,Average / Developing
CUST_01991,45,46,33040.46,3,Average / Developing
CUST_01992,69,6,1234.05,0,Average / Developing
CUST_01993,180,78,90461.9,2,At Risk / Churning
CUST_01994,14,49,32252.3,3,Average / Developing
CUST_01995,183,73,94620.22,2,At Risk / Churning
CUST_01996,31,34,35973.200000000004,3,Average / Developing
CUST_01997,13,145,293239.35,1,Champions
CUST_01998,64,23,15973.43,0,Average / Developing
CUST_01999,41,11,2885.57,0,Average / Developing
CUST_02000,2,33,19644.48,3,Average / Developing
CUST_02001,48,10,2092.07,0,Average / Developing
CUST_02002,26,30,29393.09,3,Average / Developing
CUST_02003,179,38,54952.68,2,At Risk / Churning
CUST_02004,93,62,81110.12,2,At Risk / Churning
CUST_02005,7,109,184110.79,1,Champions
CUST_02006,57,50,29097.71,3,Average / Developing
CUST_02007,25,15,4382.49,0,Average / Developing
CUST_02008,56,20,10556.359999999999,0,Average / Developing
CUST_02009,21,24,17612.89,0,Average / Developing
CUST_02010,19,28,26461.83,3,Average / Developing
CUST_02011,47,35,22186.510000000002,3,Average / Developing
CUST_02012,50,14,2468.76,0,Average / Developing
CUST_02013,33,27,16288.49,0,Average / Developing
CUST_02014,12,37,33707.91,3,Average / Developing
CUST_02015,167,89,97545.41,2,At Risk / Churning
CUST_02016,13,71,174620.91,1,Champions
CUST_02017,11,76,147693.47,1,Champions
CUST_02018,26,11,3204.21,0,Average / Developing
CUST_02019,12,12,1798.85,0,Average / Developing
CUST_02020,37,25,15172.82,0,Average / Developing
CUST_02021,21,31,15547.83,3,Average / Developing
CUST_02022,146,54,91321.45,2,At Risk / Churning
CUST_02023,19,34,34093.24,3,Average / Developing
CUST_02024,60,15,3130.1,0,Average / Developing
CUST_02025,113,38,40784.3,2,At Risk / Churning
CUST_02026,20,35,17200.45,3,Average / Developing
CUST_02027,34,36,25954.69,3,Average / Developing
CUST_02028,3,113,261971.63,1,Champions
CUST_02029,30,14,2122.71,0,Average / Developing
CUST_02030,9,132,269504.79,1,Champions
CUST_02031,183,41,40101.26,2,At Risk / Churning
CUST_02032,20,45,35255.85,3,Average / Developing
CUST_02033,25,35,16720.16,3,Average / Developing
CUST_02034,48,54,44096.79,3,Average / Developing
CUST_02035,106,9,1742.3200000000002,0,Average / Developing
CUST_02036,22,51,33163.61,3,Average / Developing
CUST_02037,155,47,60187.85,2,At Risk / Churning
CUST_02038,48,46,35314.97,3,Average / Developing
CUST_02039,69,14,3252.64,0,Average / Developing
CUST_02040,26,24,18639.11,0,Average / Developing
CUST_02041,6,46,35169.26,3,Average / Developing
CUST_02042,47,53,41310.67,3,Average / Developing
CUST_02043,138,37,41800.26,2,At Risk / Churning
CUST_02044,25,53,44828.25,3,Average / Developing
CUST_02045,61,49,46441.67,3,Average / Developing
CUST_02046,30,45,27110.08,3,Average / Developing
CUST_02047,118,6,946.11,0,Average / Developing
CUST_02048,12,133,250474.93,1,Champions
CUST_02049,94,72,65614.15,2,At Risk / Churning
CUST_02050,112,77,77158.07,2,At Risk / Churning
CUST_02051,7,50,24558.13,3,Average / Developing
CUST_02052,34,50,30889.94,3,Average / Developing
CUST_02053,5,97,181437.74,1,Champions
CUST_02054,49,46,27822.89,3,Average / Developing
CUST_02055,188,74,77991.86,2,At Risk / Churning
CUST_02056,60,10,2726.05,0,Average / Developing
CUST_02057,173,43,47161.36,2,At Risk / Churning
CUST_02058,59,41,26194.47,3,Average / Developing
CUST_02059,20,43,31864.32,3,Average / Developing
CUST_02060,70,5,1302.24,0,Average / Developing
CUST_02061,24,36,26015.1,3,Average / Developing
CUST_02062,142,75,100011.69,2,At Risk / Churning
CUST_02063,17,14,2075.1800000000003,0,Average / Developing
CUST_02064,58,10,1556.48,0,Average / Developing
CUST_02065,115,66,57367.82,2,At Risk / Churning
CUST_02066,10,53,37277.43,3,Average / Developing
CUST_02067,32,33,21699.62,3,Average / Developing
CUST_02068,96,41,40813.71,2,At Risk / Churning
CUST_02069,108,76,79830.64,2,At Risk / Churning
CUST_02070,15,106,185778.23,1,Champions
CUST_02071,121,54,62788.57,2,At Risk / Churning
CUST_02072,54,13,3364.11,0,Average / Developing
CUST_02073,155,77,77626.53,2,At Risk / Churning
CUST_02074,31,33,25984.73,3,Average / Developing
CUST_02075,105,8,1758.5900000000001,0,Average / Developing
CUST_02076,154,35,41424.08,2,At Risk / Churning
CUST_02077,26,54,54919.84,3,Average / Developing
CUST_02078,143,88,73716.85,2,At Risk / Churning
CUST_02079,34,16,2667.69,0,Average / Developing
CUST_02080,83,14,3006.53,0,Average / Developing
CUST_02081,163,37,41773.13,2,At Risk / Churning
CUST_02082,174,41,72879.82,2,At Risk / Churning
CUST_02083,121,42,29637.9,2,At Risk / Churning
CUST_02084,12,43,40417.84,3,Average / Developing
CUST_02085,30,51,33659.02,3,Average / Developing
CUST_02086,5,44,29535.27,3,Average / Developing
CUST_02087,23,16,2982.95,0,Average / Developing
CUST_02088,56,14,2994.45,0,Average / Developing
CUST_02089,176,43,49475.29,2,At Risk / Churning
CUST_02090,8,147,303482.72000000003,1,Champions
CUST_02091,135,64,94601.0,2,At Risk / Churning
CUST_02092,26,5,819.53,0,Average / Developing
CUST_02093,13,127,227343.14,1,Champions
CUST_02094,2,145,279908.87,1,Champions
CUST_02095,167,58,65975.13,2,At Risk / Churning
CUST_02096,57,11,2257.77,0,Average / Developing
CUST_02097,20,16,3034.62,0,Average / Developing
CUST_02098,8,95,199888.59,1,Champions
CUST_02099,104,35,34114.62,2,At Risk / Churning
CUST_02100,131,52,52897.24,2,At Risk / Churning
CUST_02101,10,61,77124.66,3,Average / Developing
CUST_02102,147,54,65159.54,2,At Risk / Churning
CUST_02103,8,89,173122.52,1,Champions
CUST_02104,13,40,28569.38,3,Average / Developing
CUST_02105,89,13,3415.3,0,Average / Developing
CUST_02106,164,37,36088.82,2,At Risk / Churning
CUST_02107,5,83,157974.29,1,Champions
CUST_02108,178,70,76230.89,2,At Risk / Churning
CUST_02109,131,65,59071.16,2,At Risk / Churning
CUST_02110,13,51,30328.56,3,Average / Developing
CUST_02111,48,37,26598.47,3,Average / Developing
CUST_02112,14,92,191691.75,1,Champions
CUST_02113,19,29,22710.48,3,Average / Developing
CUST_02114,164,52,50078.73,2,At Risk / Churning
CUST_02115,16,111,225623.82,1,Champions
CUST_02116,34,51,45739.62,3,Average / Developing
CUST_02117,4,141,299641.14,1,Champions
CUST_02118,215,5,1078.29,2,At Risk / Churning
CUST_02119,9,25,17332.72,3,Average / Developing
CUST_02120,62,6,921.75,0,Average / Developing
CUST_02121,46,36,19075.93,3,Average / Developing
CUST_02122,14,51,36588.13,3,Average / Developing
CUST_02123,5,28,18047.77,3,Average / Developing
CUST_02124,122,6,1528.44,0,Average / Developing
CUST_02125,7,94,179849.66,1,Champions
CUST_02126,29,48,33096.13,3,Average / Developing
CUST_02127,8,45,25947.12,3,Average / Developing
CUST_02128,62,6,1473.28,0,Average / Developing
CUST_02129,42,24,13332.81,0,Average / Developing
CUST_02130,9,71,175373.88,1,Champions
CUST_02131,121,44,41735.49,2,At Risk / Churning
CUST_02132,72,77,78365.92,2,At Risk / Churning
CUST_02133,53,10,2495.12,0,Average / Developing
CUST_02134,15,38,29275.73,3,Average / Developing
CUST_02135,105,59,75124.85,2,At Risk / Churning
CUST_02136,9,27,24033.260000000002,3,Average / Developing
CUST_02137,39,9,1341.23,0,Average / Developing
CUST_02138,74,17,3027.9700000000003,0,Average / Developing
CUST_02139,52,39,20489.17,3,Average / Developing
CUST_02140,11,147,278332.43,1,Champions
CUST_02141,10,24,14567.67,3,Average / Developing
CUST_02142,112,52,61767.21,2,At Risk / Churning
CUST_02143,183,32,25538.47,2,At Risk / Churning
CUST_02144,142,8,1729.0,2,At Risk / Churning
CUST_02145,15,52,42058.96,3,Average / Developing
CUST_02146,7,17,4604.639999999999,0,Average / Developing
CUST_02147,13,38,27513.23,3,Average / Developing
CUST_02148,45,47,32103.08,3,Average / Developing
CUST_02149,167,35,28954.920000000002,2,At Risk / Churning
CUST_02150,13,31,33270.37,3,Average / Developing
CUST_02151,22,12,1177.69,0,Average / Developing
CUST_02152,176,44,45037.38,2,At Risk / Churning
CUST_02153,17,12,2073.67,0,Average / Developing
CUST_02154,108,65,57763.74,2,At Risk / Churning
CUST_02155,145,32,28981.01,2,At Risk / Churning
CUST_02156,125,71,78645.14,2,At Risk / Churning
CUST_02157,88,67,79036.49,2,At Risk / Churning
CUST_02158,8,53,34349.53,3,Average / Developing
CUST_02159,5,14,3856.44,0,Average / Developing
CUST_02160,21,45,24313.99,3,Average / Developing
CUST_02161,100,81,100374.42,2,At Risk / Churning
CUST_02162,22,44,34213.1,3,Average / Developing
CUST_02163,11,94,167873.85,1,Champions
CUST_02164,86,5,1053.87,0,Average / Developing
CUST_02165,79,72,69790.86,2,At Risk / Churning
CUST_02166,33,5,2194.66,0,Average / Developing
CUST_02167,193,46,54118.77,2,At Risk / Churning
CUST_02168,24,45,27345.86,3,Average / Developing
CUST_02169,44,50,34730.77,3,Average / Developing
CUST_02170,40,23,21091.74,0,Average / Developing
CUST_02171,120,80,76539.41,2,At Risk / Churning
CUST_02172,129,64,71148.94,2,At Risk / Churning
CUST_02173,32,48,40203.36,3,Average / Developing
CUST_02174,85,8,2709.86,0,Average / Developing
CUST_02175,78,24,21503.079999999998,0,Average / Developing
CUST_02176,15,8,1512.93,0,Average / Developing
CUST_02177,6,34,27207.15,3,Average / Developing
CUST_02178,28,30,30678.539999999997,3,Average / Developing
CUST_02179,50,42,24733.16,3,Average / Developing
CUST_02180,7,81,128377.13,1,Champions
CUST_02181,28,12,2082.69,0,Average / Developing
CUST_02182,33,47,33516.54,3,Average / Developing
CUST_02183,44,52,46272.88,3,Average / Developing
CUST_02184,104,86,85801.86,2,At Risk / Churning
CUST_02185,21,7,1172.25,0,Average / Developing
CUST_02186,52,49,54887.37,3,Average / Developing
CUST_02187,72,6,641.34,0,Average / Developing
CUST_02188,14,33,24811.960000000003,3,Average / Developing
CUST_02189,21,51,32979.87,3,Average / Developing
CUST_02190,13,42,23122.79,3,Average / Developing
CUST_02191,7,98,216525.87,1,Champions
CUST_02192,5,112,240223.56,1,Champions
CUST_02193,2,145,241432.96,1,Champions
CUST_02194,6,45,22408.63,3,Average / Developing
CUST_02195,27,12,1964.58,0,Average / Developing
CUST_02196,7,120,240386.46,1,Champions
CUST_02197,85,52,39604.42,2,At Risk / Churning
CUST_02198,33,17,3182.15,0,Average / Developing
CUST_02199,65,38,41111.619999999995,3,Average / Developing
CUST_02200,28,43,30759.94,3,Average / Developing
CUST_02201,40,51,42989.93,3,Average / Developing
CUST_02202,15,72,141452.15,1,Champions
CUST_02203,28,48,44313.05,3,Average / Developing
CUST_02204,145,40,45640.84,2,At Risk / Churning
CUST_02205,79,31,23038.3,0,Average / Developing
CUST_02206,9,109,207406.87,1,Champions
CUST_02207,6,147,287488.05,1,Champions
CUST_02208,6,118,242899.76,1,Champions
CUST_02209,31,13,4358.83,0,Average / Developing
CUST_02210,28,24,11139.72,0,Average / Developing
CUST_02211,9,89,162480.88999999998,1,Champions
CUST_02212,76,63,58335.33,2,At Risk / Churning
CUST_02213,39,20,11071.61,0,Average / Developing
CUST_02214,2,71,165619.22,1,Champions
CUST_02215,121,61,64526.45,2,At Risk / Churning
CUST_02216,51,11,1278.73,0,Average / Developing
CUST_02217,39,32,18563.82,3,Average / Developing
CUST_02218,124,60,51039.94,2,At Risk / Churning
CUST_02219,40,50,28565.93,3,Average / Developing
CUST_02220,75,13,3078.36,0,Average / Developing
CUST_02221,41,7,1142.29,0,Average / Developing
CUST_02222,5,126,238212.47,1,Champions
CUST_02223,24,31,18933.47,3,Average / Developing
CUST_02224,132,65,77905.8,2,At Risk / Churning
CUST_02225,38,49,38873.52,3,Average / Developing
CUST_02226,70,76,82062.22,2,At Risk / Churning
CUST_02227,65,17,3576.32,0,Average / Developing
CUST_02228,29,24,14721.43,0,Average / Developing
CUST_02229,46,43,24454.18,3,Average / Developing
CUST_02230,145,36,50353.73,2,At Risk / Churning
CUST_02231,37,48,38340.43,3,Average / Developing
CUST_02232,41,28,16171.43,0,Average / Developing
CUST_02233,7,140,314150.88,1,Champions
CUST_02234,23,15,3447.9300000000003,0,Average / Developing
CUST_02235,132,76,72531.3,2,At Risk / Churning
CUST_02236,57,11,2068.21,0,Average / Developing
CUST_02237,8,39,35247.54,3,Average / Developing
CUST_02238,123,73,58506.83,2,At Risk / Churning
CUST_02239,10,89,195713.2,1,Champions
CUST_02240,145,59,50149.74,2,At Risk / Churning
CUST_02241,22,31,26673.6,3,Average / Developing
CUST_02242,48,40,23268.63,3,Average / Developing
CUST_02243,14,85,179370.71,1,Champions
CUST_02244,28,17,3120.8399999999997,0,Average / Developing
CUST_02245,160,65,60953.94,2,At Risk / Churning
CUST_02246,56,30,18282.62,0,Average / Developing
CUST_02247,23,10,1545.45,0,Average / Developing
CUST_02248,36,52,33037.979999999996,3,Average / Developing
CUST_02249,146,37,24502.76,2,At Risk / Churning
CUST_02250,112,6,1030.19,0,Average / Developing
CUST_02251,38,30,16896.39,3,Average / Developing
CUST_02252,28,53,45452.32,3,Average / Developing
CUST_02253,24,17,3144.31,0,Average / Developing
CUST_02254,10,47,29532.079999999998,3,Average / Developing
CUST_02255,148,46,38588.58,2,At Risk / Churning
CUST_02256,37,17,2600.87,0,Average / Developing
CUST_02257,49,41,30121.46,3,Average / Developing
CUST_02258,28,44,30482.32,3,Average / Developing
CUST_02259,8,39,32635.57,3,Average / Developing
CUST_02260,78,11,2702.3999999999996,0,Average / Developing
CUST_02261,53,41,28449.670000000002,3,Average / Developing
CUST_02262,5,79,178207.14,1,Champions
CUST_02263,4,141,261290.06,1,Champions
CUST_02264,9,54,35151.59,3,Average / Developing
CUST_02265,141,72,84421.68,2,At Risk / Churning
CUST_02266,36,26,18191.95,0,Average / Developing
CUST_02267,15,17,2864.36,0,Average / Developing
CUST_02268,99,9,2838.17,0,Average / Developing
CUST_02269,47,31,14658.51,0,Average / Developing
CUST_02270,36,25,22897.54,0,Average / Developing
CUST_02271,90,10,2677.71,0,Average / Developing
CUST_02272,129,47,50429.01,2,At Risk / Churning
CUST_02273,7,52,36546.27,3,Average / Developing
CUST_02274,116,71,84287.45999999999,2,At Risk / Churning
CUST_02275,155,60,58951.19,2,At Risk / Churning
CUST_02276,10,22,51828.030000000006,3,Average / Developing
CUST_02277,6,118,193658.18,1,Champions
CUST_02278,33,42,33088.9,3,Average / Developing
CUST_02279,34,38,17663.4,3,Average / Developing
CUST_02280,40,24,14623.55,0,Average / Developing
CUST_02281,161,37,31754.690000000002,2,At Risk / Churning
CUST_02282,10,41,25522.64,3,Average / Developing
CUST_02283,5,103,188623.5,1,Champions
CUST_02284,3,113,240880.17,1,Champions
CUST_02285,11,63,112855.34,3,Average / Developing
CUST_02286,96,11,1778.04,0,Average / Developing
CUST_02287,7,77,149296.04,1,Champions
CUST_02288,63,10,1865.63,0,Average / Developing
CUST_02289,82,51,60083.3,2,At Risk / Churning
CUST_02290,78,89,99787.77,2,At Risk / Churning
CUST_02291,62,25,28456.43,0,Average / Developing
CUST_02292,179,88,93227.99,2,At Risk / Churning
CUST_02293,15,50,36940.04,3,Average / Developing
CUST_02294,152,10,2482.54,2,At Risk / Churning
CUST_02295,14,31,24385.37,3,Average / Developing
CUST_02296,12,12,3101.88,0,Average / Developing
CUST_02297,24,39,22901.27,3,Average / Developing
CUST_02298,55,7,1909.4,0,Average / Developing
CUST_02299,30,24,14916.93,0,Average / Developing
CUST_02300,5,76,140404.65,1,Champions
CUST_02301,55,20,11289.22,0,Average / Developing
CUST_02302,48,33,26714.010000000002,3,Average / Developing
CUST_02303,1,147,291421.56,1,Champions
CUST_02304,152,5,1731.83,2,At Risk / Churning
CUST_02305,39,54,43523.13,3,Average / Developing
CUST_02306,36,13,1443.23,0,Average / Developing
CUST_02307,6,72,139503.52,1,Champions
CUST_02308,53,38,28525.58,3,Average / Developing
CUST_02309,10,75,172492.58,1,Champions
CUST_02310,41,31,21258.26,3,Average / Developing
CUST_02311,11,81,178145.69,1,Champions
CUST_02312,7,96,185782.12,1,Champions
CUST_02313,133,85,101696.94,2,At Risk / Churning
CUST_02314,36,39,17494.01,3,Average / Developing
CUST_02315,43,41,26785.81,3,Average / Developing
CUST_02316,10,100,188101.89,1,Champions
CUST_02317,1,94,184312.24,1,Champions
CUST_02318,31,9,1346.48,0,Average / Developing
CUST_02319,33,51,31399.2,3,Average / Developing
CUST_02320,19,5,922.33,0,Average / Developing
CUST_02321,110,42,54397.14,2,At Risk / Churning
CUST_02322,52,9,748.1,0,Average / Developing
CUST_02323,143,78,95500.68000000001,2,At Risk / Churning
CUST_02324,21,8,1572.88,0,Average / Developing
CUST_02325,117,44,61122.38,2,At Risk / Churning
CUST_02326,45,35,23635.22,3,Average / Developing
CUST_02327,23,47,36412.36,3,Average / Developing
CUST_02328,22,28,15894.37,3,Average / Developing
CUST_02329,117,5,865.19,0,Average / Developing
CUST_02330,70,12,2920.2200000000003,0,Average / Developing
CUST_02331,11,104,205165.11000000002,1,Champions
CUST_02332,33,49,32664.100000000002,3,Average / Developing
CUST_02333,66,5,1152.92,0,Average / Developing
CUST_02334,10,33,17706.37,3,Average / Developing
CUST_02335,115,83,91759.94,2,At Risk / Churning
CUST_02336,32,26,13617.84,0,Average / Developing
CUST_02337,11,52,40726.35,3,Average / Developing
CUST_02338,176,87,89146.24,2,At Risk / Churning
CUST_02339,34,29,14672.9,0,Average / Developing
CUST_02340,26,54,36885.46,3,Average / Developing
CUST_02341,22,21,14479.36,0,Average / Developing
CUST_02342,6,31,20718.03,3,Average / Developing
CUST_02343,14,109,187493.36000000002,1,Champions
CUST_02344,23,43,34194.82,3,Average / Developing
CUST_02345,23,27,18666.18,3,Average / Developing
CUST_02346,77,36,51422.83,3,Average / Developing
CUST_02347,119,68,78814.06,2,At Risk / Churning
CUST_02348,14,116,211367.24,1,Champions
CUST_02349,17,102,208545.18,1,Champions
CUST_02350,57,41,28197.59,3,Average / Developing
CUST_02351,148,61,62929.79,2,At Risk / Churning
CUST_02352,2,122,239400.93,1,Champions
CUST_02353,44,11,1925.06,0,Average / Developing
CUST_02354,32,15,2404.94,0,Average / Developing
CUST_02355,163,47,54614.7,2,At Risk / Churning
CUST_02356,6,64,127090.18,3,Average / Developing
CUST_02357,95,58,46040.23,2,At Risk / Churning
CUST_02358,37,42,28589.72,3,Average / Developing
CUST_02359,9,96,200131.11000000002,1,Champions
CUST_02360,21,16,3178.5099999999998,0,Average / Developing
CUST_02361,16,114,210434.48,1,Champions
CUST_02362,124,39,33180.23,2,At Risk / Churning
CUST_02363,24,10,1552.92,0,Average / Developing
CUST_02364,8,82,182188.46,1,Champions
CUST_02365,82,77,91354.46,2,At Risk / Churning
CUST_02366,104,53,65611.11,2,At Risk / Churning
CUST_02367,156,38,37077.07,2,At Risk / Churning
CUST_02368,59,32,26845.95,0,Average / Developing
CUST_02369,5,67,139179.98,1,Champions
CUST_02370,42,38,25907.78,3,Average / Developing
CUST_02371,33,52,41838.23,3,Average / Developing
CUST_02372,42,39,33897.82,3,Average / Developing
CUST_02373,113,37,52901.33,2,At Risk / Churning
CUST_02374,33,51,37164.46,3,Average / Developing
CUST_02375,121,69,63994.869999999995,2,At Risk / Churning
CUST_02376,9,146,269755.77999999997,1,Champions
CUST_02377,1,126,271471.9,1,Champions
CUST_02378,5,39,22503.27,3,Average / Developing
CUST_02379,190,46,34649.96,2,At Risk / Churning
CUST_02380,54,45,28828.87,3,Average / Developing
CUST_02381,178,50,54183.14,2,At Risk / Churning
CUST_02382,7,26,46490.200000000004,3,Average / Developing
CUST_02383,20,44,21809.94,3,Average / Developing
CUST_02384,39,46,35963.38,3,Average / Developing
CUST_02385,7,15,3451.82,0,Average / Developing
CUST_02386,38,26,24400.18,0,Average / Developing
CUST_02387,62,22,15617.13,0,Average / Developing
CUST_02388,78,68,64485.63,2,At Risk / Churning
CUST_02389,63,8,1054.06,0,Average / Developing
CUST_02390,48,22,22393.1,0,Average / Developing
CUST_02391,84,59,52251.88,2,At Risk / Churning
CUST_02392,30,28,12941.07,0,Average / Developing
CUST_02393,3,136,225793.86000000002,1,Champions
CUST_02394,21,17,3050.92,0,Average / Developing
CUST_02395,8,133,231795.62,1,Champions
CUST_02396,75,46,43867.13,3,Average / Developing
CUST_02397,90,86,80920.67,2,At Risk / Churning
CUST_02398,25,50,28208.420000000002,3,Average / Developing
CUST_02399,119,77,86444.55,2,At Risk / Churning
CUST_02400,16,49,32789.909999999996,3,Average / Developing
CUST_02401,7,46,29092.06,3,Average / Developing
CUST_02402,26,15,3448.79,0,Average / Developing
CUST_02403,97,62,80610.91,2,At Risk / Churning
CUST_02404,131,51,49945.89,2,At Risk / Churning
CUST_02405,36,6,1095.8700000000001,0,Average / Developing
CUST_02406,12,102,171258.73,1,Champions
CUST_02407,54,12,2428.01,0,Average / Developing
CUST_02408,27,33,20699.49,3,Average / Developing
CUST_02409,129,77,81773.01,2,At Risk / Churning
CUST_02410,33,17,4331.57,0,Average / Developing
CUST_02411,59,20,8070.33,0,Average / Developing
CUST_02412,56,53,30191.24,3,Average / Developing
CUST_02413,17,33,24066.23,3,Average / Developing
CUST_02414,10,22,8973.4,0,Average / Developing
CUST_02415,86,68,91159.45999999999,2,At Risk / Churning
CUST_02416,74,21,14541.07,0,Average / Developing
CUST_02417,39,41,28823.51,3,Average / Developing
CUST_02418,5,8,859.57,0,Average / Developing
CUST_02419,19,7,1972.5700000000002,0,Average / Developing
CUST_02420,46,5,1180.69,0,Average / Developing
CUST_02421,183,82,81328.62,2,At Risk / Churning
CUST_02422,171,52,46415.92,2,At Risk / Churning
CUST_02423,43,33,28907.79,3,Average / Developing
CUST_02424,15,9,1331.83,0,Average / Developing
CUST_02425,35,16,3813.19,0,Average / Developing
CUST_02426,13,142,308232.74,1,Champions
CUST_02427,33,30,26360.350000000002,3,Average / Developing
CUST_02428,151,32,37702.79,2,At Risk / Churning
CUST_02429,5,113,191870.13,1,Champions
CUST_02430,2,23,26161.22,3,Average / Developing
CUST_02431,55,10,2633.3199999999997,0,Average / Developing
CUST_02432,5,61,106150.56,3,Average / Developing
CUST_02433,32,16,3728.71,0,Average / Developing
CUST_02434,32,30,13180.890000000001,3,Average / Developing
CUST_02435,22,32,19250.63,3,Average / Developing
CUST_02436,43,8,1897.06,0,Average / Developing
CUST_02437,122,54,53405.37,2,At Risk / Churning
CUST_02438,22,50,35183.1,3,Average / Developing
CUST_02439,14,24,31934.68,3,Average / Developing
CUST_02440,28,24,14974.92,0,Average / Developing
CUST_02441,25,35,21946.36,3,Average / Developing
CUST_02442,12,9,1755.55,0,Average / Developing
CUST_02443,25,50,41491.65,3,Average / Developing
CUST_02444,46,40,21870.55,3,Average / Developing
CUST_02445,17,47,34095.46,3,Average / Developing
CUST_02446,38,24,14755.99,0,Average / Developing
CUST_02447,28,17,4886.54,0,Average / Developing
CUST_02448,4,47,26959.36,3,Average / Developing
CUST_02449,17,44,25277.53,3,Average / Developing
CUST_02450,5,41,27104.81,3,Average / Developing
CUST_02451,10,144,287547.4,1,Champions
CUST_02452,44,40,26538.38,3,Average / Developing
CUST_02453,19,46,25701.28,3,Average / Developing
CUST_02454,77,43,68752.97,3,Average / Developing
CUST_02455,39,42,43790.64,3,Average / Developing
CUST_02456,28,40,30867.079999999998,3,Average / Developing
CUST_02457,72,73,83699.79,2,At Risk / Churning
CUST_02458,67,10,3384.35,0,Average / Developing
CUST_02459,80,17,3600.78,0,Average / Developing
CUST_02460,94,7,3088.7,0,Average / Developing
CUST_02461,12,81,156720.73,1,Champions
CUST_02462,8,95,204559.15,1,Champions
CUST_02463,12,148,296594.88,1,Champions
CUST_02464,72,74,73952.85,2,At Risk / Churning
CUST_02465,80,53,69524.06,2,At Risk / Churning
CUST_02466,44,27,12233.16,0,Average / Developing
CUST_02467,4,12,2797.58,0,Average / Developing
CUST_02468,37,25,13829.58,0,Average / Developing
CUST_02469,3,63,132625.77,3,Average / Developing
CUST_02470,27,8,1758.7,0,Average / Developing
CUST_02471,81,67,69681.35,2,At Risk / Churning
CUST_02472,16,37,19563.56,3,Average / Developing
CUST_02473,23,41,22500.22,3,Average / Developing
CUST_02474,39,46,29008.989999999998,3,Average / Developing
CUST_02475,11,73,138765.09,1,Champions
CUST_02476,19,31,20155.59,3,Average / Developing
CUST_02477,23,15,2625.52,0,Average / Developing
CUST_02478,30,38,24399.64,3,Average / Developing
CUST_02479,12,8,1451.7,0,Average / Developing
CUST_02480,47,12,2310.77,0,Average / Developing
CUST_02481,4,138,301962.38,1,Champions
CUST_02482,27,26,13046.22,0,Average / Developing
CUST_02483,128,43,28890.24,2,At Risk / Churning
CUST_02484,7,95,182807.02,1,Champions
CUST_02485,2,81,144244.86,1,Champions
CUST_02486,29,37,26130.97,3,Average / Developing
CUST_02487,129,78,74233.06,2,At Risk / Churning
CUST_02488,16,27,20081.45,3,Average / Developing
CUST_02489,39,39,35490.45,3,Average / Developing
CUST_02490,56,25,12173.64,0,Average / Developing
CUST_02491,37,34,30655.34,3,Average / Developing
CUST_02492,49,52,29927.38,3,Average / Developing
CUST_02493,184,54,51285.71,2,At Risk / Churning
CUST_02494,129,81,102298.07,2,At Risk / Churning
CUST_02495,21,52,33158.63,3,Average / Developing
CUST_02496,41,14,4309.02,0,Average / Developing
CUST_02497,20,122,244458.37,1,Champions
CUST_02498,36,29,19744.33,3,Average / Developing
CUST_02499,53,13,2040.01,0,Average / Developing
CUST_02500,13,23,21944.93,3,Average / Developing
CUST_02501,48,46,27700.14,3,Average / Developing
CUST_02502,38,15,3488.7299999999996,0,Average / Developing
CUST_02503,54,17,3139.54,0,Average / Developing
CUST_02504,32,8,1606.35,0,Average / Developing
CUST_02505,44,27,13415.449999999999,0,Average / Developing
CUST_02506,11,70,165234.55,1,Champions
CUST_02507,7,10,1643.99,0,Average / Developing
CUST_02508,40,40,33494.64,3,Average / Developing
CUST_02509,8,14,3059.4,0,Average / Developing
CUST_02510,91,85,93404.59,2,At Risk / Churning
CUST_02511,180,47,40148.68,2,At Risk / Churning
CUST_02512,105,50,51522.04,2,At Risk / Churning
CUST_02513,107,85,91179.21,2,At Risk / Churning
CUST_02514,41,31,19906.92,3,Average / Developing
CUST_02515,43,11,2739.9,0,Average / Developing
CUST_02516,143,35,57874.55,2,At Risk / Churning
CUST_02517,44,17,3931.31,0,Average / Developing
CUST_02518,1,135,308651.38,1,Champions
CUST_02519,13,39,30039.66,3,Average / Developing
CUST_02520,35,11,1728.5900000000001,0,Average / Developing
CUST_02521,40,27,11261.18,0,Average / Developing
CUST_02522,173,40,43616.6,2,At Risk / Churning
CUST_02523,49,51,32532.010000000002,3,Average / Developing
CUST_02524,140,55,47819.82,2,At Risk / Churning
CUST_02525,6,134,211231.37,1,Champions
CUST_02526,2,134,257731.75,1,Champions
CUST_02527,19,47,28531.66,3,Average / Developing
CUST_02528,137,80,96180.8,2,At Risk / Churning
CUST_02529,17,16,2788.88,0,Average / Developing
CUST_02530,50,45,24712.98,3,Average / Developing
CUST_02531,77,79,79820.13,2,At Risk / Churning
CUST_02532,109,46,49377.25,2,At Risk / Churning
CUST_02533,46,52,54234.04,3,Average / Developing
CUST_02534,45,14,3059.32,0,Average / Developing
CUST_02535,29,24,12169.15,0,Average / Developing
CUST_02536,31,7,723.6300000000001,0,Average / Developing
CUST_02537,18,16,3487.75,0,Average / Developing
CUST_02538,163,37,45976.29,2,At Risk / Churning
CUST_02539,53,21,17619.62,0,Average / Developing
CUST_02540,39,25,11594.04,0,Average / Developing
CUST_02541,36,50,27199.77,3,Average / Developing
CUST_02542,9,14,1986.03,0,Average / Developing
CUST_02543,5,44,33279.47,3,Average / Developing
CUST_02544,24,15,2776.62,0,Average / Developing
CUST_02545,24,17,2616.31,0,Average / Developing
CUST_02546,2,44,20502.15,3,Average / Developing
CUST_02547,134,42,47779.380000000005,2,At Risk / Churning
CUST_02548,176,35,38386.39,2,At Risk / Churning
CUST_02549,110,87,86446.95999999999,2,At Risk / Churning
CUST_02550,47,25,13244.93,0,Average / Developing
CUST_02551,52,13,2870.34,0,Average / Developing
CUST_02552,33,15,4391.4400000000005,0,Average / Developing
CUST_02553,4,23,16963.420000000002,3,Average / Developing
CUST_02554,26,16,3422.36,0,Average / Developing
CUST_02555,131,57,55353.28,2,At Risk / Churning
CUST_02556,30,20,23850.86,0,Average / Developing
CUST_02557,36,26,27301.8,0,Average / Developing
CUST_02558,6,94,220565.22,1,Champions
CUST_02559,45,49,34192.51,3,Average / Developing
CUST_02560,13,93,189368.7,1,Champions
CUST_02561,48,11,1718.53,0,Average / Developing
CUST_02562,147,47,43116.0,2,At Risk / Churning
CUST_02563,181,41,39542.72,2,At Risk / Churning
CUST_02564,51,7,1131.34,0,Average / Developing
CUST_02565,43,29,16245.24,0,Average / Developing
CUST_02566,38,32,28673.66,3,Average / Developing
CUST_02567,49,25,16194.45,0,Average / Developing
CUST_02568,15,33,20655.76,3,Average / Developing
CUST_02569,9,76,133666.68,1,Champions
CUST_02570,112,77,65255.49,2,At Risk / Churning
CUST_02571,37,44,31653.51,3,Average / Developing
CUST_02572,43,34,25429.18,3,Average / Developing
CUST_02573,20,47,24123.41,3,Average / Developing
CUST_02574,152,49,68922.15000000001,2,At Risk / Churning
CUST_02575,160,84,86861.58,2,At Risk / Churning
CUST_02576,188,5,2498.4700000000003,2,At Risk / Churning
CUST_02577,69,38,39420.44,3,Average / Developing
CUST_02578,122,77,74840.69,2,At Risk / Churning
CUST_02579,66,15,2586.65,0,Average / Developing
CUST_02580,18,40,25057.79,3,Average / Developing
CUST_02581,145,59,48410.950000000004,2,At Risk / Churning
CUST_02582,5,92,178328.16,1,Champions
CUST_02583,37,50,22458.32,3,Average / Developing
CUST_02584,82,13,1915.28,0,Average / Developing
CUST_02585,23,7,1863.81,0,Average / Developing
CUST_02586,55,13,2652.4300000000003,0,Average / Developing
CUST_02587,41,48,34526.43,3,Average / Developing
CUST_02588,70,7,1597.54,0,Average / Developing
CUST_02589,12,53,35306.68,3,Average / Developing
CUST_02590,27,13,2426.96,0,Average / Developing
CUST_02591,106,54,49123.48,2,At Risk / Churning
CUST_02592,32,8,1053.23,0,Average / Developing
CUST_02593,112,12,2738.86,0,Average / Developing
CUST_02594,49,17,3692.27,0,Average / Developing
CUST_02595,42,51,46278.15,3,Average / Developing
CUST_02596,76,79,71079.88,2,At Risk / Churning
CUST_02597,39,29,25544.850000000002,3,Average / Developing
CUST_02598,26,24,10926.72,0,Average / Developing
CUST_02599,41,36,21290.89,3,Average / Developing
CUST_02600,8,8,1358.04,0,Average / Developing
CUST_02601,31,52,34088.02,3,Average / Developing
CUST_02602,31,16,1751.96,0,Average / Developing
CUST_02603,2,77,172385.91,1,Champions
CUST_02604,23,40,20658.38,3,Average / Developing
CUST_02605,175,53,45872.28,2,At Risk / Churning
CUST_02606,14,29,16738.43,3,Average / Developing
CUST_02607,121,35,46358.19,2,At Risk / Churning
CUST_02608,1,110,195499.11,1,Champions
CUST_02609,82,40,52091.71,3,Average / Developing
CUST_02610,74,8,1297.13,0,Average / Developing
CUST_02611,2,148,272420.08,1,Champions
CUST_02612,94,43,32979.61,2,At Risk / Churning
CUST_02613,41,21,11854.31,0,Average / Developing
CUST_02614,8,31,26220.56,3,Average / Developing
CUST_02615,37,43,39193.9,3,Average / Developing
CUST_02616,39,48,33702.299999999996,3,Average / Developing
CUST_02617,81,6,1199.17,0,Average / Developing
CUST_02618,26,35,20061.48,3,Average / Developing
CUST_02619,47,10,1794.41,0,Average / Developing
CUST_02620,31,5,756.17,0,Average / Developing
CUST_02621,13,27,18224.1,3,Average / Developing
CUST_02622,102,43,61074.12,2,At Risk / Churning
CUST_02623,24,50,48605.05,3,Average / Developing
CUST_02624,45,7,929.85,0,Average / Developing
CUST_02625,9,102,186642.16,1,Champions
CUST_02626,3,146,292909.29,1,Champions
CUST_02627,156,64,71884.89,2,At Risk / Churning
CUST_02628,24,28,21713.62,3,Average / Developing
CUST_02629,51,52,26392.61,3,Average / Developing
CUST_02630,64,11,2186.4,0,Average / Developing
CUST_02631,75,71,80852.63,2,At Risk / Churning
CUST_02632,125,89,111759.59,2,At Risk / Churning
CUST_02633,27,41,34347.34,3,Average / Developing
CUST_02634,76,80,89337.56,2,At Risk / Churning
CUST_02635,10,45,31860.46,3,Average / Developing
CUST_02636,54,20,16098.77,0,Average / Developing
CUST_02637,43,24,12538.14,0,Average / Developing
CUST_02638,72,11,2170.96,0,Average / Developing
CUST_02639,40,53,41468.73,3,Average / Developing
CUST_02640,37,33,29993.31,3,Average / Developing
CUST_02641,8,39,24449.16,3,Average / Developing
CUST_02642,29,44,40500.57,3,Average / Developing
CUST_02643,28,14,3276.66,0,Average / Developing
CUST_02644,22,20,16562.94,0,Average / Developing
CUST_02645,19,43,29288.01,3,Average / Developing
CUST_02646,19,48,25314.22,3,Average / Developing
CUST_02647,26,22,13556.710000000001,0,Average / Developing
CUST_02648,10,118,222611.87,1,Champions
CUST_02649,12,146,334290.55,1,Champions
CUST_02650,31,23,17432.38,0,Average / Developing
CUST_02651,9,126,240284.21,1,Champions
CUST_02652,173,33,28508.02,2,At Risk / Churning
CUST_02653,163,51,66199.45,2,At Risk / Churning
CUST_02654,41,37,33763.26,3,Average / Developing
CUST_02655,107,15,2420.82,0,Average / Developing
CUST_02656,153,89,94718.0,2,At Risk / Churning
CUST_02657,86,51,52529.55,2,At Risk / Churning
CUST_02658,46,36,24401.92,3,Average / Developing
CUST_02659,26,26,17475.079999999998,0,Average / Developing
CUST_02660,14,62,104924.29,3,Average / Developing
CUST_02661,13,129,229838.47,1,Champions
CUST_02662,32,30,30394.170000000002,3,Average / Developing
CUST_02663,25,25,15567.57,0,Average / Developing
CUST_02664,24,54,28675.64,3,Average / Developing
CUST_02665,26,30,26397.64,3,Average / Developing
CUST_02666,17,48,33925.07,3,Average / Developing
CUST_02667,147,52,74606.17,2,At Risk / Churning
CUST_02668,8,120,173802.98,1,Champions
CUST_02669,53,26,13853.02,0,Average / Developing
CUST_02670,41,54,45753.38,3,Average / Developing
CUST_02671,14,9,2593.32,0,Average / Developing
CUST_02672,29,36,27058.09,3,Average / Developing
CUST_02673,2,29,31598.7,3,Average / Developing
CUST_02674,49,31,28538.14,3,Average / Developing
CUST_02675,6,111,187555.79,1,Champions
CUST_02676,12,122,258061.01,1,Champions
CUST_02677,30,38,24325.399999999998,3,Average / Developing
CUST_02678,107,83,76328.69,2,At Risk / Churning
CUST_02679,10,97,176805.13,1,Champions
CUST_02680,41,48,28655.99,3,Average / Developing
CUST_02681,29,37,23077.93,3,Average / Developing
CUST_02682,159,86,84238.91,2,At Risk / Churning
CUST_02683,54,22,13260.41,0,Average / Developing
CUST_02684,11,128,257041.35,1,Champions
CUST_02685,186,43,50345.58,2,At Risk / Churning
CUST_02686,49,20,17063.35,0,Average / Developing
CUST_02687,73,39,27990.93,3,Average / Developing
CUST_02688,15,113,195987.33000000002,1,Champions
CUST_02689,76,68,71812.38,2,At Risk / Churning
CUST_02690,157,55,49651.64,2,At Risk / Churning
CUST_02691,30,53,39406.270000000004,3,Average / Developing
CUST_02692,66,45,53262.19,3,Average / Developing
CUST_02693,115,9,1666.55,0,Average / Developing
CUST_02694,12,82,140269.36000000002,1,Champions
CUST_02695,28,14,2261.41,0,Average / Developing
CUST_02696,47,50,27893.350000000002,3,Average / Developing
CUST_02697,19,24,17021.47,0,Average / Developing
CUST_02698,147,35,32363.63,2,At Risk / Churning
CUST_02699,31,48,26664.57,3,Average / Developing
CUST_02700,45,12,2742.98,0,Average / Developing
CUST_02701,176,44,44554.71,2,At Risk / Churning
CUST_02702,159,58,59741.24,2,At Risk / Churning
CUST_02703,23,16,3724.2599999999998,0,Average / Developing
CUST_02704,42,28,28365.87,0,Average / Developing
CUST_02705,5,22,10256.44,0,Average / Developing
CUST_02706,22,15,2318.49,0,Average / Developing
CUST_02707,175,76,75445.95,2,At Risk / Churning
CUST_02708,1,137,259489.56,1,Champions
CUST_02709,85,15,3567.92,0,Average / Developing
CUST_02710,27,29,18639.19,3,Average / Developing
CUST_02711,12,27,19151.25,3,Average / Developing
CUST_02712,136,80,67544.91,2,At Risk / Churning
CUST_02713,7,107,199588.07,1,Champions
CUST_02714,18,9,1357.13,0,Average / Developing
CUST_02715,11,35,22244.43,3,Average / Developing
CUST_02716,16,14,2685.3,0,Average / Developing
CUST_02717,158,49,43232.85,2,At Risk / Churning
CUST_02718,116,43,32282.6,2,At Risk / Churning
CUST_02719,20,127,242214.41,1,Champions
CUST_02720,61,10,1852.13,0,Average / Developing
CUST_02721,48,30,19748.21,0,Average / Developing
CUST_02722,45,45,32039.23,3,Average / Developing
CUST_02723,15,15,4063.94,0,Average / Developing
CUST_02724,111,54,77695.2,2,At Risk / Churning
CUST_02725,30,49,34309.17,3,Average / Developing
CUST_02726,26,51,33303.57,3,Average / Developing
CUST_02727,3,117,242930.92,1,Champions
CUST_02728,46,40,24284.09,3,Average / Developing
CUST_02729,46,44,31602.760000000002,3,Average / Developing
CUST_02730,59,5,1232.03,0,Average / Developing
CUST_02731,30,12,2821.82,0,Average / Developing
CUST_02732,30,22,14282.27,0,Average / Developing
CUST_02733,61,37,23682.16,3,Average / Developing
CUST_02734,8,107,193529.53,1,Champions
CUST_02735,4,104,204235.38999999998,1,Champions
CUST_02736,115,80,84254.45,2,At Risk / Churning
CUST_02737,24,27,19687.97,3,Average / Developing
CUST_02738,69,11,1202.33,0,Average / Developing
CUST_02739,25,9,1991.42,0,Average / Developing
CUST_02740,36,23,18190.68,0,Average / Developing
CUST_02741,99,31,33470.49,2,At Risk / Churning
CUST_02742,21,37,24394.95,3,Average / Developing
CUST_02743,20,11,2229.25,0,Average / Developing
CUST_02744,11,16,2761.74,0,Average / Developing
CUST_02745,120,45,57861.61,2,At Risk / Churning
CUST_02746,39,38,22891.72,3,Average / Developing
CUST_02747,48,30,18834.46,0,Average / Developing
CUST_02748,6,94,129373.23,1,Champions
CUST_02749,50,49,42583.96,3,Average / Developing
CUST_02750,45,22,5958.35,0,Average / Developing
CUST_02751,14,147,298059.55,1,Champions
CUST_02752,7,100,188410.01,1,Champions
CUST_02753,104,43,55949.29,2,At Risk / Churning
CUST_02754,30,36,29088.02,3,Average / Developing
CUST_02755,55,46,38400.19,3,Average / Developing
CUST_02756,116,89,80594.63,2,At Risk / Churning
CUST_02757,11,10,2926.5,0,Average / Developing
CUST_02758,155,48,43316.159999999996,2,At Risk / Churning
CUST_02759,7,96,184493.13999999998,1,Champions
CUST_02760,28,10,1746.26,0,Average / Developing
CUST_02761,131,54,37551.46,2,At Risk / Churning
CUST_02762,65,5,397.59000000000003,0,Average / Developing
CUST_02763,5,41,23072.1,3,Average / Developing
CUST_02764,21,64,98110.35,3,Average / Developing
CUST_02765,9,102,199713.51,1,Champions
CUST_02766,10,76,123742.43000000001,1,Champions
CUST_02767,14,8,410.21000000000004,0,Average / Developing
CUST_02768,31,33,24103.89,3,Average / Developing
CUST_02769,37,16,3720.39,0,Average / Developing
CUST_02770,119,8,1300.67,0,Average / Developing
CUST_02771,130,5,537.72,0,Average / Developing
CUST_02772,179,86,76068.23,2,At Risk / Churning
CUST_02773,5,9,1992.17,0,Average / Developing
CUST_02774,23,52,38246.74,3,Average / Developing
CUST_02775,73,35,61790.93,3,Average / Developing
CUST_02776,42,42,22872.670000000002,3,Average / Developing
CUST_02777,8,16,2848.55,0,Average / Developing
CUST_02778,180,80,69407.93,2,At Risk / Churning
CUST_02779,83,10,1553.33,0,Average / Developing
CUST_02780,23,35,33466.229999999996,3,Average / Developing
CUST_02781,8,133,230041.29,1,Champions
CUST_02782,140,76,81522.31999999999,2,At Risk / Churning
CUST_02783,33,11,1930.03,0,Average / Developing
CUST_02784,26,20,13036.72,0,Average / Developing
CUST_02785,92,83,121928.84,2,At Risk / Churning
CUST_02786,60,23,11425.69,0,Average / Developing
CUST_02787,19,30,18387.75,3,Average / Developing
CUST_02788,65,30,24585.39,0,Average / Developing
CUST_02789,106,47,57339.2,2,At Risk / Churning
CUST_02790,21,27,17161.7,3,Average / Developing
CUST_02791,37,14,2126.69,0,Average / Developing
CUST_02792,133,33,38189.19,2,At Risk / Churning
CUST_02793,48,48,27072.56,3,Average / Developing
CUST_02794,7,145,251993.83,1,Champions
CUST_02795,21,51,29293.23,3,Average / Developing
CUST_02796,3,17,3202.49,0,Average / Developing
CUST_02797,30,51,34023.79,3,Average / Developing
CUST_02798,48,10,2075.2799999999997,0,Average / Developing
CUST_02799,3,48,24495.57,3,Average / Developing
CUST_02800,10,92,163902.95,1,Champions
CUST_02801,25,16,2873.28,0,Average / Developing
CUST_02802,51,33,19841.91,3,Average / Developing
CUST_02803,68,25,24007.84,0,Average / Developing
CUST_02804,83,71,79634.94,2,At Risk / Churning
CUST_02805,70,12,4188.59,0,Average / Developing
CUST_02806,29,15,2691.46,0,Average / Developing
CUST_02807,3,65,107525.06999999999,3,Average / Developing
CUST_02808,34,9,1648.33,0,Average / Developing
CUST_02809,33,45,20401.91,3,Average / Developing
CUST_02810,160,47,44637.19,2,At Risk / Churning
CUST_02811,60,9,2202.33,0,Average / Developing
CUST_02812,14,32,31395.010000000002,3,Average / Developing
CUST_02813,6,63,100764.81999999999,3,Average / Developing
CUST_02814,27,14,2211.5099999999998,0,Average / Developing
CUST_02815,31,46,28654.33,3,Average / Developing
CUST_02816,55,27,13906.06,0,Average / Developing
CUST_02817,47,46,27062.69,3,Average / Developing
CUST_02818,18,33,22763.89,3,Average / Developing
CUST_02819,11,139,331657.32,1,Champions
CUST_02820,47,14,2583.68,0,Average / Developing
CUST_02821,52,22,22077.260000000002,0,Average / Developing
CUST_02822,10,81,124574.9,1,Champions
CUST_02823,6,82,161859.34,1,Champions
CUST_02824,22,31,28954.48,3,Average / Developing
CUST_02825,3,40,24383.94,3,Average / Developing
CUST_02826,22,15,3645.86,0,Average / Developing
CUST_02827,44,53,29799.46,3,Average / Developing
CUST_02828,24,45,30740.85,3,Average / Developing
CUST_02829,21,51,24534.65,3,Average / Developing
CUST_02830,39,40,38067.25,3,Average / Developing
CUST_02831,81,5,494.87,0,Average / Developing
CUST_02832,35,51,34842.69,3,Average / Developing
CUST_02833,18,29,24364.76,3,Average / Developing
CUST_02834,22,45,36552.770000000004,3,Average / Developing
CUST_02835,44,43,31152.0,3,Average / Developing
CUST_02836,105,51,53998.99,2,At Risk / Churning
CUST_02837,96,41,36223.29,2,At Risk / Churning
CUST_02838,137,86,94378.4,2,At Risk / Churning
CUST_02839,25,35,19862.25,3,Average / Developing
CUST_02840,57,28,18050.15,0,Average / Developing
CUST_02841,34,13,1659.26,0,Average / Developing
CUST_02842,103,14,2530.48,0,Average / Developing
CUST_02843,48,51,31033.01,3,Average / Developing
CUST_02844,151,42,43349.35,2,At Risk / Churning
CUST_02845,13,63,135340.73,3,Average / Developing
CUST_02846,13,17,3268.61,0,Average / Developing
CUST_02847,17,45,35389.090000000004,3,Average / Developing
CUST_02848,43,48,33459.36,3,Average / Developing
CUST_02849,14,13,3557.05,0,Average / Developing
CUST_02850,13,135,270872.34,1,Champions
CUST_02851,47,26,21131.05,0,Average / Developing
CUST_02852,41,27,19389.16,0,Average / Developing
CUST_02853,41,20,13491.57,0,Average / Developing
CUST_02854,24,9,1397.58,0,Average / Developing
CUST_02855,11,70,130513.55,1,Champions
CUST_02856,35,31,18775.11,3,Average / Developing
CUST_02857,178,89,100004.2,2,At Risk / Churning
CUST_02858,179,33,50123.36,2,At Risk / Churning
CUST_02859,42,54,24648.94,3,Average / Developing
CUST_02860,15,48,40680.64,3,Average / Developing
CUST_02861,40,43,30765.84,3,Average / Developing
CUST_02862,18,36,17359.82,3,Average / Developing
CUST_02863,76,49,57612.62,3,Average / Developing
CUST_02864,5,81,144779.85,1,Champions
CUST_02865,91,43,45518.68,2,At Risk / Churning
CUST_02866,39,14,3299.16,0,Average / Developing
CUST_02867,81,83,94060.96,2,At Risk / Churning
CUST_02868,5,37,33077.28,3,Average / Developing
CUST_02869,157,74,49660.62,2,At Risk / Churning
CUST_02870,3,17,2559.13,0,Average / Developing
CUST_02871,19,11,1748.56,0,Average / Developing
CUST_02872,58,20,9267.1,0,Average / Developing
CUST_02873,169,86,89226.3,2,At Risk / Churning
CUST_02874,83,52,46059.33,2,At Risk / Churning
CUST_02875,13,16,2161.85,0,Average / Developing
CUST_02876,34,44,33557.14,3,Average / Developing
CUST_02877,55,45,24100.32,3,Average / Developing
CUST_02878,2,127,254874.57,1,Champions
CUST_02879,52,40,22166.24,3,Average / Developing
CUST_02880,17,5,480.86,0,Average / Developing
CUST_02881,32,45,30475.92,3,Average / Developing
CUST_02882,37,23,9587.64,0,Average / Developing
CUST_02883,126,30,29299.98,2,At Risk / Churning
CUST_02884,8,92,163477.9,1,Champions
CUST_02885,96,50,57581.340000000004,2,At Risk / Churning
CUST_02886,50,43,33273.41,3,Average / Developing
CUST_02887,8,92,251269.44,1,Champions
CUST_02888,49,30,14959.53,0,Average / Developing
CUST_02889,24,41,31147.22,3,Average / Developing
CUST_02890,46,51,45411.36,3,Average / Developing
CUST_02891,143,37,27757.2,2,At Risk / Churning
CUST_02892,176,70,86771.44,2,At Risk / Churning
CUST_02893,45,11,1719.79,0,Average / Developing
CUST_02894,1,93,186052.8,1,Champions
CUST_02895,9,128,243772.38,1,Champions
CUST_02896,6,108,223681.26,1,Champions
CUST_02897,56,17,2728.18,0,Average / Developing
CUST_02898,28,15,3636.52,0,Average / Developing
CUST_02899,129,53,50512.23,2,At Risk / Churning
CUST_02900,123,47,45849.47,2,At Risk / Churning
CUST_02901,110,59,57190.17,2,At Risk / Churning
CUST_02902,60,13,2189.0,0,Average / Developing
CUST_02903,170,56,54696.58,2,At Risk / Churning
CUST_02904,32,37,24018.16,3,Average / Developing
CUST_02905,9,107,202803.57,1,Champions
CUST_02906,34,54,38134.29,3,Average / Developing
CUST_02907,14,114,264908.99,1,Champions
CUST_02908,46,51,41436.53,3,Average / Developing
CUST_02909,22,41,42107.75,3,Average / Developing
CUST_02910,31,26,24118.96,0,Average / Developing
CUST_02911,2,46,30815.59,3,Average / Developing
CUST_02912,9,73,169677.51,1,Champions
CUST_02913,95,30,42893.41,2,At Risk / Churning
CUST_02914,144,42,52320.34,2,At Risk / Churning
CUST_02915,139,80,105000.64,2,At Risk / Churning
CUST_02916,166,37,47970.1,2,At Risk / Churning
CUST_02917,33,13,2818.3,0,Average / Developing
CUST_02918,8,112,207660.07,1,Champions
CUST_02919,42,10,2406.9300000000003,0,Average / Developing
CUST_02920,176,41,34380.44,2,At Risk / Churning
CUST_02921,15,23,21170.14,0,Average / Developing
CUST_02922,47,32,27863.79,3,Average / Developing
CUST_02923,20,15,2586.07,0,Average / Developing
CUST_02924,53,15,4536.09,0,Average / Developing
CUST_02925,20,14,2023.26,0,Average / Developing
CUST_02926,33,41,32460.61,3,Average / Developing
CUST_02927,42,71,133725.86000000002,1,Champions
CUST_02928,33,28,13652.789999999999,0,Average / Developing
CUST_02929,99,7,1891.29,0,Average / Developing
CUST_02930,127,85,104177.59,2,At Risk / Churning
CUST_02931,32,44,24985.34,3,Average / Developing
CUST_02932,14,47,39427.82,3,Average / Developing
CUST_02933,67,33,17231.1,0,Average / Developing
CUST_02934,10,61,124165.84999999999,3,Average / Developing
CUST_02935,33,29,25132.2,3,Average / Developing
CUST_02936,140,53,57101.3,2,At Risk / Churning
CUST_02937,24,6,664.19,0,Average / Developing
CUST_02938,122,69,62547.299999999996,2,At Risk / Churning
CUST_02939,63,8,1705.01,0,Average / Developing
CUST_02940,24,49,27598.92,3,Average / Developing
CUST_02941,82,79,70395.37,2,At Risk / Churning
CUST_02942,58,20,13523.23,0,Average / Developing
CUST_02943,70,54,68161.58,3,Average / Developing
CUST_02944,7,138,226741.69,1,Champions
CUST_02945,16,36,27741.649999999998,3,Average / Developing
CUST_02946,47,43,38680.85,3,Average / Developing
CUST_02947,20,52,44177.0,3,Average / Developing
CUST_02948,14,30,20437.14,3,Average / Developing
CUST_02949,86,65,62475.73,2,At Risk / Churning
CUST_02950,20,41,32511.63,3,Average / Developing
CUST_02951,95,22,11848.33,0,Average / Developing
CUST_02952,118,30,27295.67,2,At Risk / Churning
CUST_02953,20,11,2444.63,0,Average / Developing
CUST_02954,22,7,836.41,0,Average / Developing
CUST_02955,48,16,4072.36,0,Average / Developing
CUST_02956,30,26,23574.12,0,Average / Developing
CUST_02957,8,133,278830.11,1,Champions
CUST_02958,54,47,30114.83,3,Average / Developing
CUST_02959,144,68,82895.36,2,At Risk / Churning
CUST_02960,26,12,2595.7599999999998,0,Average / Developing
CUST_02961,41,54,45779.66,3,Average / Developing
CUST_02962,153,51,40307.36,2,At Risk / Churning
CUST_02963,78,10,1731.44,0,Average / Developing
CUST_02964,10,34,19834.07,3,Average / Developing
CUST_02965,47,25,8633.99,0,Average / Developing
CUST_02966,27,9,1260.57,0,Average / Developing
CUST_02967,150,81,94666.8,2,At Risk / Churning
CUST_02968,39,5,1082.48,0,Average / Developing
CUST_02969,42,43,29762.579999999998,3,Average / Developing
CUST_02970,49,25,10107.550000000001,0,Average / Developing
CUST_02971,81,66,90018.11,2,At Risk / Churning
CUST_02972,17,43,30822.82,3,Average / Developing
CUST_02973,18,101,167210.16999999998,1,Champions
CUST_02974,7,104,212785.11,1,Champions
CUST_02975,37,7,1497.34,0,Average / Developing
CUST_02976,80,70,87626.92,2,At Risk / Churning
CUST_02977,7,125,239564.25,1,Champions
CUST_02978,32,41,38668.74,3,Average / Developing
CUST_02979,43,16,3264.4500000000003,0,Average / Developing
CUST_02980,16,30,18448.61,3,Average / Developing
CUST_02981,59,39,40406.72,3,Average / Developing
CUST_02982,38,53,28507.83,3,Average / Developing
CUST_02983,136,68,69917.88,2,At Risk / Churning
CUST_02984,106,48,41797.520000000004,2,At Risk / Churning
CUST_02985,50,31,20568.12,0,Average / Developing
CUST_02986,159,38,26415.97,2,At Risk / Churning
CUST_02987,52,25,23365.86,0,Average / Developing
CUST_02988,32,6,718.56,0,Average / Developing
CUST_02989,143,71,68639.37,2,At Risk / Churning
CUST_02990,26,23,7522.01,0,Average / Developing
CUST_02991,44,29,20685.71,0,Average / Developing
CUST_02992,2,70,132769.18,1,Champions
CUST_02993,7,114,223988.83,1,Champions
CUST_02994,31,26,25146.21,0,Average / Developing
CUST_02995,8,109,191723.32,1,Champions
CUST_02996,10,106,190825.08,1,Champions
CUST_02997,88,45,58172.96,2,At Risk / Churning
CUST_02998,78,8,1541.38,0,Average / Developing
CUST_02999,27,15,3028.77,0,Average / Developing
CUST_03000,40,8,1527.1299999999999,0,Average / Developing
CUST_03001,37,35,27129.62,3,Average / Developing
CUST_03002,49,27,18080.79,0,Average / Developing
CUST_03003,42,52,31577.61,3,Average / Developing
CUST_03004,32,15,2921.04,0,Average / Developing
CUST_03005,10,102,152816.44,1,Champions
CUST_03006,25,29,19422.22,3,Average / Developing
CUST_03007,9,84,140583.87,1,Champions
CUST_03008,26,30,17316.06,3,Average / Developing
CUST_03009,4,138,232026.88,1,Champions
CUST_03010,46,20,12929.78,0,Average / Developing
CUST_03011,31,47,31325.28,3,Average / Developing
CUST_03012,11,15,3575.15,0,Average / Developing
CUST_03013,143,30,28011.940000000002,2,At Risk / Churning
CUST_03014,156,74,84708.05,2,At Risk / Churning
CUST_03015,109,8,1428.42,0,Average / Developing
CUST_03016,168,56,61027.42,2,At Risk / Churning
CUST_03017,31,24,19619.06,0,Average / Developing
CUST_03018,58,8,1265.25,0,Average / Developing
CUST_03019,165,69,51970.75,2,At Risk / Churning
CUST_03020,4,13,1660.19,0,Average / Developing
CUST_03021,63,17,3065.55,0,Average / Developing
CUST_03022,11,124,232563.42,1,Champions
CUST_03023,61,42,28287.09,3,Average / Developing
CUST_03024,64,28,18667.48,0,Average / Developing
CUST_03025,181,71,100603.54,2,At Risk / Churning
CUST_03026,123,61,57403.33,2,At Risk / Churning
CUST_03027,30,43,37228.76,3,Average / Developing
CUST_03028,132,86,89182.71,2,At Risk / Churning
CUST_03029,15,90,175319.13999999998,1,Champions
CUST_03030,28,32,17356.6,3,Average / Developing
CUST_03031,83,79,91404.41,2,At Risk / Churning
CUST_03032,104,42,41176.56,2,At Risk / Churning
CUST_03033,37,31,28818.86,3,Average / Developing
CUST_03034,100,64,81766.2,2,At Risk / Churning
CUST_03035,75,28,19526.25,0,Average / Developing
CUST_03036,154,39,42181.94,2,At Risk / Churning
CUST_03037,14,28,17553.59,3,Average / Developing
CUST_03038,20,7,943.89,0,Average / Developing
CUST_03039,7,90,261957.46,1,Champions
CUST_03040,51,36,17085.27,3,Average / Developing
CUST_03041,8,54,40516.24,3,Average / Developing
CUST_03042,142,66,63769.36,2,At Risk / Churning
CUST_03043,44,21,11582.67,0,Average / Developing
CUST_03044,62,11,2302.35,0,Average / Developing
CUST_03045,54,22,8397.84,0,Average / Developing
CUST_03046,33,44,28075.64,3,Average / Developing
CUST_03047,7,129,243702.55,1,Champions
CUST_03048,80,54,51400.61,2,At Risk / Churning
CUST_03049,34,14,2980.3199999999997,0,Average / Developing
CUST_03050,12,24,21686.11,3,Average / Developing
CUST_03051,97,59,59019.090000000004,2,At Risk / Churning
CUST_03052,44,48,41987.83,3,Average / Developing
CUST_03053,4,75,176261.77,1,Champions
CUST_03054,41,37,20362.58,3,Average / Developing
CUST_03055,59,41,31965.05,3,Average / Developing
CUST_03056,58,35,22124.38,3,Average / Developing
CUST_03057,10,32,27645.28,3,Average / Developing
CUST_03058,7,115,270184.49,1,Champions
CUST_03059,162,40,32897.76,2,At Risk / Churning
CUST_03060,10,53,37806.73,3,Average / Developing
CUST_03061,76,79,79843.68,2,At Risk / Churning
CUST_03062,41,43,26339.940000000002,3,Average / Developing
CUST_03063,58,36,23078.26,3,Average / Developing
CUST_03064,24,32,32727.38,3,Average / Developing
CUST_03065,135,59,68173.4,2,At Risk / Churning
CUST_03066,154,81,85760.27,2,At Risk / Churning
CUST_03067,46,43,25107.4,3,Average / Developing
CUST_03068,154,54,53755.12,2,At Risk / Churning
CUST_03069,15,51,30529.739999999998,3,Average / Developing
CUST_03070,21,15,2832.34,0,Average / Developing
CUST_03071,32,5,1146.6200000000001,0,Average / Developing
CUST_03072,88,68,77968.55,2,At Risk / Churning
CUST_03073,49,30,39568.17,3,Average / Developing
CUST_03074,54,16,2709.44,0,Average / Developing
CUST_03075,36,11,3470.74,0,Average / Developing
CUST_03076,43,43,52512.799999999996,3,Average / Developing
CUST_03077,31,29,28912.3,3,Average / Developing
CUST_03078,30,46,35506.53,3,Average / Developing
CUST_03079,7,120,242404.89,1,Champions
CUST_03080,53,36,23310.48,3,Average / Developing
CUST_03081,116,60,60808.590000000004,2,At Risk / Churning
CUST_03082,48,34,23489.32,3,Average / Developing
CUST_03083,45,25,16242.5,0,Average / Developing
CUST_03084,111,74,66535.37,2,At Risk / Churning
CUST_03085,137,5,922.03,2,At Risk / Churning
CUST_03086,28,38,26085.7,3,Average / Developing
CUST_03087,4,66,136304.37,1,Champions
CUST_03088,46,40,27471.67,3,Average / Developing
CUST_03089,5,65,103127.05,3,Average / Developing
CUST_03090,35,25,26397.29,0,Average / Developing
CUST_03091,85,50,45114.37,2,At Risk / Churning
CUST_03092,44,10,1849.9099999999999,0,Average / Developing
CUST_03093,9,100,254328.25,1,Champions
CUST_03094,169,67,98051.19,2,At Risk / Churning
CUST_03095,48,11,1498.68,0,Average / Developing
CUST_03096,14,9,958.88,0,Average / Developing
CUST_03097,1,62,124378.97,3,Average / Developing
CUST_03098,37,46,32651.06,3,Average / Developing
CUST_03099,2,108,219348.0,1,Champions
CUST_03100,50,23,12900.53,0,Average / Developing
CUST_03101,58,11,2264.23,0,Average / Developing
CUST_03102,58,15,1783.89,0,Average / Developing
CUST_03103,151,63,80637.53,2,At Risk / Churning
CUST_03104,34,21,12924.08,0,Average / Developing
CUST_03105,21,13,2402.61,0,Average / Developing
CUST_03106,107,37,54742.05,2,At Risk / Churning
CUST_03107,165,50,67571.64,2,At Risk / Churning
CUST_03108,31,69,106611.21,3,Average / Developing
CUST_03109,11,131,251104.19,1,Champions
CUST_03110,8,86,135057.62,1,Champions
CUST_03111,164,60,52935.119999999995,2,At Risk / Churning
CUST_03112,28,33,28239.86,3,Average / Developing
CUST_03113,178,41,40811.25,2,At Risk / Churning
CUST_03114,80,75,81349.35,2,At Risk / Churning
CUST_03115,9,113,218620.57,1,Champions
CUST_03116,86,12,2455.82,0,Average / Developing
CUST_03117,156,64,50491.57,2,At Risk / Churning
CUST_03118,24,29,16343.130000000001,3,Average / Developing
CUST_03119,38,28,18796.63,0,Average / Developing
CUST_03120,50,9,1288.6,0,Average / Developing
CUST_03121,112,48,67698.98,2,At Risk / Churning
CUST_03122,59,17,2759.96,0,Average / Developing
CUST_03123,158,69,80487.33,2,At Risk / Churning
CUST_03124,53,21,15831.48,0,Average / Developing
CUST_03125,76,20,23952.87,0,Average / Developing
CUST_03126,107,6,1103.02,0,Average / Developing
CUST_03127,22,33,23711.43,3,Average / Developing
CUST_03128,25,9,686.9300000000001,0,Average / Developing
CUST_03129,144,41,34668.88,2,At Risk / Churning
CUST_03130,8,82,124393.37,1,Champions
CUST_03131,24,17,2574.0,0,Average / Developing
CUST_03132,36,23,24067.81,0,Average / Developing
CUST_03133,29,53,37945.63,3,Average / Developing
CUST_03134,7,49,28750.170000000002,3,Average / Developing
CUST_03135,12,9,5090.81,0,Average / Developing
CUST_03136,17,47,33975.53,3,Average / Developing
CUST_03137,48,53,38945.54,3,Average / Developing
CUST_03138,74,15,3161.76,0,Average / Developing
CUST_03139,16,17,3362.42,0,Average / Developing
CUST_03140,70,26,18093.18,0,Average / Developing
CUST_03141,22,46,32360.75,3,Average / Developing
CUST_03142,21,39,25944.89,3,Average / Developing
CUST_03143,12,60,136924.43,3,Average / Developing
CUST_03144,11,106,207435.15,1,Champions
CUST_03145,11,34,29067.21,3,Average / Developing
CUST_03146,47,30,14747.06,0,Average / Developing
CUST_03147,47,9,2885.42,0,Average / Developing
CUST_03148,91,17,2826.95,0,Average / Developing
CUST_03149,33,23,18400.76,0,Average / Developing
CUST_03150,31,22,22412.41,0,Average / Developing
CUST_03151,31,30,20245.02,3,Average / Developing
CUST_03152,130,79,64142.41,2,At Risk / Churning
CUST_03153,40,46,38745.22,3,Average / Developing
CUST_03154,15,96,187381.12,1,Champions
CUST_03155,19,32,17706.33,3,Average / Developing
CUST_03156,13,115,245615.46,1,Champions
CUST_03157,23,38,27426.73,3,Average / Developing
CUST_03158,9,46,35924.45,3,Average / Developing
CUST_03159,31,36,24662.45,3,Average / Developing
CUST_03160,72,7,1339.16,0,Average / Developing
CUST_03161,17,88,174078.45,1,Champions
CUST_03162,48,41,28368.97,3,Average / Developing
CUST_03163,10,9,2357.06,0,Average / Developing
CUST_03164,122,73,84713.72,2,At Risk / Churning
CUST_03165,39,26,14109.34,0,Average / Developing
CUST_03166,70,8,1257.6399999999999,0,Average / Developing
CUST_03167,8,44,34377.44,3,Average / Developing
CUST_03168,24,5,877.0,0,Average / Developing
CUST_03169,18,40,27259.91,3,Average / Developing
CUST_03170,32,45,26831.82,3,Average / Developing
CUST_03171,42,21,13396.02,0,Average / Developing
CUST_03172,54,48,34143.34,3,Average / Developing
CUST_03173,49,10,1346.04,0,Average / Developing
CUST_03174,9,39,37447.12,3,Average / Developing
CUST_03175,59,23,12219.63,0,Average / Developing
CUST_03176,47,5,1806.4299999999998,0,Average / Developing
CUST_03177,17,16,3162.77,0,Average / Developing
CUST_03178,41,28,30579.079999999998,3,Average / Developing
CUST_03179,3,145,240832.95,1,Champions
CUST_03180,174,41,37571.07,2,At Risk / Churning
CUST_03181,46,17,2855.99,0,Average / Developing
CUST_03182,1,146,262709.93,1,Champions
CUST_03183,30,25,20158.56,0,Average / Developing
CUST_03184,81,75,81330.65,2,At Risk / Churning
CUST_03185,110,44,41289.29,2,At Risk / Churning
CUST_03186,10,31,16377.47,3,Average / Developing
CUST_03187,84,37,30413.07,0,Average / Developing
CUST_03188,22,24,16301.23,0,Average / Developing
CUST_03189,49,53,46109.17,3,Average / Developing
CUST_03190,25,24,14637.58,0,Average / Developing
CUST_03191,56,30,19786.37,0,Average / Developing
CUST_03192,9,109,199717.56,1,Champions
CUST_03193,13,111,226956.89,1,Champions
CUST_03194,125,83,86459.03,2,At Risk / Churning
CUST_03195,5,116,202924.66999999998,1,Champions
CUST_03196,15,9,1337.72,0,Average / Developing
CUST_03197,43,12,2242.97,0,Average / Developing
CUST_03198,27,12,1880.8700000000001,0,Average / Developing
CUST_03199,144,38,42243.07,2,At Risk / Churning
CUST_03200,43,17,2560.69,0,Average / Developing
CUST_03201,129,55,55080.99,2,At Risk / Churning
CUST_03202,103,80,88402.77,2,At Risk / Churning
CUST_03203,12,28,21663.03,3,Average / Developing
CUST_03204,16,44,30574.79,3,Average / Developing
CUST_03205,46,29,12535.640000000001,0,Average / Developing
CUST_03206,41,24,13672.03,0,Average / Developing
CUST_03207,37,36,24704.36,3,Average / Developing
CUST_03208,53,31,27248.95,0,Average / Developing
CUST_03209,7,65,129026.81,3,Average / Developing
CUST_03210,5,138,245593.94999999998,1,Champions
CUST_03211,37,24,15582.87,0,Average / Developing
CUST_03212,190,35,39553.35,2,At Risk / Churning
CUST_03213,80,8,1117.35,0,Average / Developing
CUST_03214,6,71,136227.25,1,Champions
CUST_03215,111,50,65227.47,2,At Risk / Churning
CUST_03216,64,40,25349.6,3,Average / Developing
CUST_03217,100,43,54024.82,2,At Risk / Churning
CUST_03218,88,8,1857.1,0,Average / Developing
CUST_03219,182,81,100360.2,2,At Risk / Churning
CUST_03220,12,31,15395.16,3,Average / Developing
CUST_03221,7,36,24195.62,3,Average / Developing
CUST_03222,26,11,3495.21,0,Average / Developing
CUST_03223,26,50,27215.63,3,Average / Developing
CUST_03224,110,84,75547.29,2,At Risk / Churning
CUST_03225,10,32,25858.6,3,Average / Developing
CUST_03226,11,42,30637.2,3,Average / Developing
CUST_03227,38,46,33811.76,3,Average / Developing
CUST_03228,68,81,83883.93,2,At Risk / Churning
CUST_03229,19,123,196666.38,1,Champions
CUST_03230,156,75,72973.47,2,At Risk / Churning
CUST_03231,13,124,252775.72999999998,1,Champions
CUST_03232,151,74,79668.36,2,At Risk / Churning
CUST_03233,179,49,38347.85,2,At Risk / Churning
CUST_03234,160,7,2160.78,2,At Risk / Churning
CUST_03235,26,23,14291.76,0,Average / Developing
CUST_03236,183,89,83936.53,2,At Risk / Churning
CUST_03237,48,21,16725.3,0,Average / Developing
CUST_03238,35,27,22156.18,0,Average / Developing
CUST_03239,30,25,9268.41,0,Average / Developing
CUST_03240,29,52,38274.68,3,Average / Developing
CUST_03241,31,48,40236.77,3,Average / Developing
CUST_03242,15,24,12321.73,0,Average / Developing
CUST_03243,11,9,1177.45,0,Average / Developing
CUST_03244,16,16,4480.3099999999995,0,Average / Developing
CUST_03245,30,52,31730.7,3,Average / Developing
CUST_03246,77,6,1371.49,0,Average / Developing
CUST_03247,10,146,289364.41,1,Champions
CUST_03248,47,30,18478.61,0,Average / Developing
CUST_03249,61,8,1209.58,0,Average / Developing
CUST_03250,42,31,29616.08,3,Average / Developing
CUST_03251,12,121,198451.22,1,Champions
CUST_03252,40,27,16313.9,0,Average / Developing
CUST_03253,105,80,82835.34,2,At Risk / Churning
CUST_03254,55,22,14441.66,0,Average / Developing
CUST_03255,5,98,187380.61000000002,1,Champions
CUST_03256,14,40,30103.64,3,Average / Developing
CUST_03257,8,137,295584.24,1,Champions
CUST_03258,5,117,224903.35,1,Champions
CUST_03259,107,88,114115.86,2,At Risk / Churning
CUST_03260,97,80,101928.01,2,At Risk / Churning
CUST_03261,10,46,31154.83,3,Average / Developing
CUST_03262,9,93,229838.51,1,Champions
CUST_03263,54,5,590.73,0,Average / Developing
CUST_03264,118,79,72802.35,2,At Risk / Churning
CUST_03265,49,44,38569.05,3,Average / Developing
CUST_03266,14,99,206790.72,1,Champions
CUST_03267,62,7,610.4,0,Average / Developing
CUST_03268,27,45,31063.78,3,Average / Developing
CUST_03269,19,31,20647.09,3,Average / Developing
CUST_03270,24,34,30248.35,3,Average / Developing
CUST_03271,6,40,34222.96,3,Average / Developing
CUST_03272,6,124,253869.41999999998,1,Champions
CUST_03273,35,28,14797.5,0,Average / Developing
CUST_03274,15,42,34257.16,3,Average / Developing
CUST_03275,43,51,36609.57,3,Average / Developing
CUST_03276,91,56,77445.53,2,At Risk / Churning
CUST_03277,26,33,30852.78,3,Average / Developing
CUST_03278,53,17,3222.3599999999997,0,Average / Developing
CUST_03279,13,39,22888.08,3,Average / Developing
CUST_03280,37,11,2894.86,0,Average / Developing
CUST_03281,100,7,1914.88,0,Average / Developing
CUST_03282,57,13,2844.32,0,Average / Developing
CUST_03283,21,14,3430.69,0,Average / Developing
CUST_03284,10,45,45479.01,3,Average / Developing
CUST_03285,50,46,32603.68,3,Average / Developing
CUST_03286,41,46,27018.85,3,Average / Developing
CUST_03287,91,79,83653.32,2,At Risk / Churning
CUST_03288,9,35,21734.46,3,Average / Developing
CUST_03289,67,26,15147.79,0,Average / Developing
CUST_03290,165,52,57576.659999999996,2,At Risk / Churning
CUST_03291,23,53,37412.11,3,Average / Developing
CUST_03292,140,40,42299.86,2,At Risk / Churning
CUST_03293,5,121,236236.18,1,Champions
CUST_03294,27,15,3532.0,0,Average / Developing
CUST_03295,27,15,2603.23,0,Average / Developing
CUST_03296,119,55,73335.61,2,At Risk / Churning
CUST_03297,143,33,31454.09,2,At Risk / Churning
CUST_03298,24,52,35802.04,3,Average / Developing
CUST_03299,74,63,102871.31999999999,2,At Risk / Churning
CUST_03300,176,82,80979.27,2,At Risk / Churning
CUST_03301,15,26,61112.490000000005,3,Average / Developing
CUST_03302,81,80,77033.07,2,At Risk / Churning
CUST_03303,11,41,23129.44,3,Average / Developing
CUST_03304,91,78,71073.05,2,At Risk / Churning
CUST_03305,44,16,4660.87,0,Average / Developing
CUST_03306,25,13,2333.92,0,Average / Developing
CUST_03307,23,47,46545.83,3,Average / Developing
CUST_03308,46,11,2065.29,0,Average / Developing
CUST_03309,8,8,1429.07,0,Average / Developing
CUST_03310,45,28,20336.59,0,Average / Developing
CUST_03311,48,27,12308.88,0,Average / Developing
CUST_03312,2,149,271729.8,1,Champions
CUST_03313,22,39,25669.45,3,Average / Developing
CUST_03314,49,11,1699.47,0,Average / Developing
CUST_03315,34,10,2698.85,0,Average / Developing
CUST_03316,41,15,4102.85,0,Average / Developing
CUST_03317,32,10,2402.19,0,Average / Developing
CUST_03318,142,66,52222.15,2,At Risk / Churning
CUST_03319,62,12,903.89,0,Average / Developing
CUST_03320,45,5,655.86,0,Average / Developing
CUST_03321,98,32,30394.13,2,At Risk / Churning
CUST_03322,153,6,1628.47,2,At Risk / Churning
CUST_03323,12,54,31477.69,3,Average / Developing
CUST_03324,33,20,11123.83,0,Average / Developing
CUST_03325,24,16,2536.4700000000003,0,Average / Developing
CUST_03326,28,31,23855.489999999998,3,Average / Developing
CUST_03327,78,14,2438.06,0,Average / Developing
CUST_03328,6,119,224410.22,1,Champions
CUST_03329,133,10,1745.15,2,At Risk / Churning
CUST_03330,174,85,91788.16,2,At Risk / Churning
CUST_03331,46,27,19233.149999999998,0,Average / Developing
CUST_03332,24,40,21641.58,3,Average / Developing
CUST_03333,33,10,3335.36,0,Average / Developing
CUST_03334,15,17,1790.21,0,Average / Developing
CUST_03335,23,15,2438.12,0,Average / Developing
CUST_03336,150,82,73458.36,2,At Risk / Churning
CUST_03337,26,28,21717.12,3,Average / Developing
CUST_03338,35,42,66455.39,3,Average / Developing
CUST_03339,23,80,162509.5,1,Champions
CUST_03340,17,35,26210.1,3,Average / Developing
CUST_03341,143,57,78069.12,2,At Risk / Churning
CUST_03342,24,23,18287.22,0,Average / Developing
CUST_03343,22,12,2966.33,0,Average / Developing
CUST_03344,36,44,39277.77,3,Average / Developing
CUST_03345,12,146,304873.94,1,Champions
CUST_03346,72,73,70129.09,2,At Risk / Churning
CUST_03347,19,50,35576.38,3,Average / Developing
CUST_03348,84,10,2620.66,0,Average / Developing
CUST_03349,28,25,18679.4,0,Average / Developing
CUST_03350,11,16,3716.6,0,Average / Developing
CUST_03351,32,21,12482.98,0,Average / Developing
CUST_03352,27,32,48157.67,3,Average / Developing
CUST_03353,25,12,1517.6399999999999,0,Average / Developing
CUST_03354,41,10,1041.11,0,Average / Developing
CUST_03355,46,28,11539.75,0,Average / Developing
CUST_03356,161,74,125170.3,2,At Risk / Churning
CUST_03357,34,51,39688.31,3,Average / Developing
CUST_03358,45,14,2445.98,0,Average / Developing
CUST_03359,26,26,23520.260000000002,3,Average / Developing
CUST_03360,11,117,201260.5,1,Champions
CUST_03361,47,23,13481.47,0,Average / Developing
CUST_03362,74,81,71653.54,2,At Risk / Churning
CUST_03363,35,24,22347.07,0,Average / Developing
CUST_03364,36,11,1900.0,0,Average / Developing
CUST_03365,119,72,69280.62,2,At Risk / Churning
CUST_03366,46,40,34067.38,3,Average / Developing
CUST_03367,9,44,33518.54,3,Average / Developing
CUST_03368,41,44,28309.84,3,Average / Developing
CUST_03369,12,9,2784.8,0,Average / Developing
CUST_03370,28,34,32707.72,3,Average / Developing
CUST_03371,44,43,31868.42,3,Average / Developing
CUST_03372,42,20,18111.57,0,Average / Developing
CUST_03373,10,106,160287.92,1,Champions
CUST_03374,127,77,108571.54,2,At Risk / Churning
CUST_03375,15,41,31799.27,3,Average / Developing
CUST_03376,12,9,2615.1,0,Average / Developing
CUST_03377,22,44,44075.48,3,Average / Developing
CUST_03378,101,89,105966.8,2,At Risk / Churning
CUST_03379,38,36,26869.65,3,Average / Developing
CUST_03380,37,42,25181.04,3,Average / Developing
CUST_03381,15,32,17354.12,3,Average / Developing
CUST_03382,18,12,1947.67,0,Average / Developing
CUST_03383,32,29,31866.190000000002,3,Average / Developing
CUST_03384,20,10,1861.99,0,Average / Developing
CUST_03385,42,44,28706.83,3,Average / Developing
CUST_03386,10,149,271174.11,1,Champions
CUST_03387,23,45,27085.07,3,Average / Developing
CUST_03388,72,29,20118.16,0,Average / Developing
CUST_03389,92,66,52692.0,2,At Risk / Churning
CUST_03390,29,20,13760.22,0,Average / Developing
CUST_03391,4,110,197455.72,1,Champions
CUST_03392,30,21,14280.67,0,Average / Developing
CUST_03393,15,32,24321.86,3,Average / Developing
CUST_03394,239,9,1765.33,2,At Risk / Churning
CUST_03395,3,127,280567.62,1,Champions
CUST_03396,17,23,11973.36,0,Average / Developing
CUST_03397,7,123,308660.96,1,Champions
CUST_03398,20,12,2414.5099999999998,0,Average / Developing
CUST_03399,166,80,89094.15,2,At Risk / Churning
CUST_03400,60,6,953.14,0,Average / Developing
CUST_03401,2,139,225869.37,1,Champions
CUST_03402,11,70,153644.49,1,Champions
CUST_03403,3,117,235771.16,1,Champions
CUST_03404,54,38,17113.09,3,Average / Developing
CUST_03405,23,17,2191.55,0,Average / Developing
CUST_03406,118,78,90200.48,2,At Risk / Churning
CUST_03407,3,54,29948.95,3,Average / Developing
CUST_03408,9,49,37193.81,3,Average / Developing
CUST_03409,143,34,31711.31,2,At Risk / Churning
CUST_03410,29,28,15635.16,3,Average / Developing
CUST_03411,17,48,33468.99,3,Average / Developing
CUST_03412,4,67,117516.34,3,Average / Developing
CUST_03413,66,8,1443.63,0,Average / Developing
CUST_03414,29,15,2972.7599999999998,0,Average / Developing
CUST_03415,50,26,19116.34,0,Average / Developing
CUST_03416,148,46,48308.66,2,At Risk / Churning
CUST_03417,17,30,28498.329999999998,3,Average / Developing
CUST_03418,34,37,26836.66,3,Average / Developing
CUST_03419,15,9,1325.23,0,Average / Developing
CUST_03420,13,88,127515.16,1,Champions
CUST_03421,102,80,75066.19,2,At Risk / Churning
CUST_03422,39,17,2219.92,0,Average / Developing
CUST_03423,15,5,608.91,0,Average / Developing
CUST_03424,34,53,26750.88,3,Average / Developing
CUST_03425,11,21,10844.15,0,Average / Developing
CUST_03426,163,65,56608.45,2,At Risk / Churning
CUST_03427,14,6,858.47,0,Average / Developing
CUST_03428,3,78,158980.54,1,Champions
CUST_03429,29,6,1133.36,0,Average / Developing
CUST_03430,13,42,25169.39,3,Average / Developing
CUST_03431,37,6,1424.05,0,Average / Developing
CUST_03432,19,54,37455.69,3,Average / Developing
CUST_03433,25,20,19288.82,0,Average / Developing
CUST_03434,56,20,21581.89,0,Average / Developing
CUST_03435,5,117,244729.75,1,Champions
CUST_03436,17,13,3084.41,0,Average / Developing
CUST_03437,11,67,104440.82,3,Average / Developing
CUST_03438,37,50,35288.42,3,Average / Developing
CUST_03439,34,29,13202.539999999999,0,Average / Developing
CUST_03440,56,25,22032.11,0,Average / Developing
CUST_03441,29,28,32337.63,3,Average / Developing
CUST_03442,31,31,26411.5,3,Average / Developing
CUST_03443,36,37,21417.2,3,Average / Developing
CUST_03444,99,53,49476.64,2,At Risk / Churning
CUST_03445,6,53,36794.83,3,Average / Developing
CUST_03446,35,38,19546.48,3,Average / Developing
CUST_03447,176,74,74256.08,2,At Risk / Churning
CUST_03448,39,23,14163.5,0,Average / Developing
CUST_03449,42,46,37529.27,3,Average / Developing
CUST_03450,24,14,3097.88,0,Average / Developing
CUST_03451,24,36,25895.88,3,Average / Developing
CUST_03452,122,85,102249.35,2,At Risk / Churning
CUST_03453,107,5,1036.79,0,Average / Developing
CUST_03454,115,79,88623.7,2,At Risk / Churning
CUST_03455,90,6,1078.92,0,Average / Developing
CUST_03456,102,7,1292.9,0,Average / Developing
CUST_03457,163,75,86422.12,2,At Risk / Churning
CUST_03458,17,44,29282.989999999998,3,Average / Developing
CUST_03459,9,63,155700.77000000002,1,Champions
CUST_03460,28,62,115253.36,3,Average / Developing
CUST_03461,15,15,3387.29,0,Average / Developing
CUST_03462,35,9,1221.79,0,Average / Developing
CUST_03463,152,77,90819.78,2,At Risk / Churning
CUST_03464,121,56,43197.68,2,At Risk / Churning
CUST_03465,178,85,85662.84,2,At Risk / Churning
CUST_03466,121,46,48310.92,2,At Risk / Churning
CUST_03467,149,5,752.62,2,At Risk / Churning
CUST_03468,56,47,34953.52,3,Average / Developing
CUST_03469,101,63,61381.75,2,At Risk / Churning
CUST_03470,36,32,18452.64,3,Average / Developing
CUST_03471,10,149,302210.49,1,Champions
CUST_03472,48,5,1740.75,0,Average / Developing
CUST_03473,152,44,45580.19,2,At Risk / Churning
CUST_03474,18,43,30065.28,3,Average / Developing
CUST_03475,80,11,2486.31,0,Average / Developing
CUST_03476,24,41,26842.86,3,Average / Developing
CUST_03477,9,42,23985.85,3,Average / Developing
CUST_03478,7,92,175364.11000000002,1,Champions
CUST_03479,32,30,24632.14,3,Average / Developing
CUST_03480,158,75,78303.16,2,At Risk / Churning
CUST_03481,9,100,212078.74,1,Champions
CUST_03482,155,56,54364.12,2,At Risk / Churning
CUST_03483,165,38,37128.2,2,At Risk / Churning
CUST_03484,11,65,115472.23,3,Average / Developing
CUST_03485,13,33,16277.789999999999,3,Average / Developing
CUST_03486,126,60,55455.78,2,At Risk / Churning
CUST_03487,68,31,25569.19,0,Average / Developing
CUST_03488,7,73,132110.27,1,Champions
CUST_03489,46,36,21612.65,3,Average / Developing
CUST_03490,161,78,57820.55,2,At Risk / Churning
CUST_03491,46,45,24278.420000000002,3,Average / Developing
CUST_03492,23,43,30575.81,3,Average / Developing
CUST_03493,106,88,102352.38,2,At Risk / Churning
CUST_03494,10,94,155934.89,1,Champions
CUST_03495,125,78,66226.48,2,At Risk / Churning
CUST_03496,177,45,58825.94,2,At Risk / Churning
CUST_03497,82,39,20332.52,0,Average / Developing
CUST_03498,16,53,34153.63,3,Average / Developing
CUST_03499,30,5,671.1800000000001,0,Average / Developing
CUST_03500,48,7,1815.07,0,Average / Developing
CUST_03501,4,115,190295.04,1,Champions
CUST_03502,65,24,4695.689999999999,0,Average / Developing
CUST_03503,127,43,41597.3,2,At Risk / Churning
CUST_03504,32,9,1981.4099999999999,0,Average / Developing
CUST_03505,11,117,230731.86000000002,1,Champions
CUST_03506,18,128,287767.8,1,Champions
CUST_03507,22,21,12554.98,0,Average / Developing
CUST_03508,41,49,36558.46,3,Average / Developing
CUST_03509,30,51,42880.38,3,Average / Developing
CUST_03510,79,13,2858.93,0,Average / Developing
CUST_03511,10,47,23154.33,3,Average / Developing
CUST_03512,51,11,2543.7599999999998,0,Average / Developing
CUST_03513,30,17,2914.32,0,Average / Developing
CUST_03514,105,81,88225.19,2,At Risk / Churning
CUST_03515,16,64,108350.03,3,Average / Developing
CUST_03516,31,9,1075.16,0,Average / Developing
CUST_03517,126,34,36338.4,2,At Risk / Churning
CUST_03518,60,10,2429.59,0,Average / Developing
CUST_03519,114,33,66148.84,2,At Risk / Churning
CUST_03520,54,27,6650.099999999999,0,Average / Developing
CUST_03521,43,44,33604.21,3,Average / Developing
CUST_03522,160,58,61416.31,2,At Risk / Churning
CUST_03523,44,44,42059.75,3,Average / Developing
CUST_03524,69,34,33008.07,0,Average / Developing
CUST_03525,21,37,23751.89,3,Average / Developing
CUST_03526,167,83,89174.81,2,At Risk / Churning
CUST_03527,46,22,14692.98,0,Average / Developing
CUST_03528,98,89,82442.39,2,At Risk / Churning
CUST_03529,34,22,19928.32,0,Average / Developing
CUST_03530,6,46,30662.899999999998,3,Average / Developing
CUST_03531,10,32,17496.58,3,Average / Developing
CUST_03532,98,49,49524.92,2,At Risk / Churning
CUST_03533,34,36,22835.2,3,Average / Developing
CUST_03534,45,10,2153.38,0,Average / Developing
CUST_03535,88,79,87015.22,2,At Risk / Churning
CUST_03536,138,11,1932.3,2,At Risk / Churning
CUST_03537,41,50,40116.26,3,Average / Developing
CUST_03538,42,35,21804.32,3,Average / Developing
CUST_03539,31,22,12760.33,0,Average / Developing
CUST_03540,11,138,255708.3,1,Champions
CUST_03541,7,97,168025.29,1,Champions
CUST_03542,7,125,265785.45,1,Champions
CUST_03543,6,75,126470.73,1,Champions
CUST_03544,25,9,1853.03,0,Average / Developing
CUST_03545,154,74,85492.97,2,At Risk / Churning
CUST_03546,8,143,279110.18,1,Champions
CUST_03547,52,40,32810.97,3,Average / Developing
CUST_03548,12,28,24463.17,3,Average / Developing
CUST_03549,29,48,33207.73,3,Average / Developing
CUST_03550,62,12,2036.5,0,Average / Developing
CUST_03551,145,5,945.71,2,At Risk / Churning
CUST_03552,81,79,74751.39,2,At Risk / Churning
CUST_03553,20,15,3339.46,0,Average / Developing
CUST_03554,40,50,45623.68,3,Average / Developing
CUST_03555,26,17,2523.27,0,Average / Developing
CUST_03556,4,24,13555.0,3,Average / Developing
CUST_03557,21,20,8033.599999999999,0,Average / Developing
CUST_03558,82,12,2227.71,0,Average / Developing
CUST_03559,155,68,73169.35,2,At Risk / Churning
CUST_03560,21,46,28764.510000000002,3,Average / Developing
CUST_03561,40,51,40174.51,3,Average / Developing
CUST_03562,53,29,13295.44,0,Average / Developing
CUST_03563,14,35,24897.850000000002,3,Average / Developing
CUST_03564,9,122,214448.56,1,Champions
CUST_03565,13,98,222855.06,1,Champions
CUST_03566,104,64,66884.24,2,At Risk / Churning
CUST_03567,14,136,233836.66,1,Champions
CUST_03568,32,12,1720.25,0,Average / Developing
CUST_03569,163,75,73139.17,2,At Risk / Churning
CUST_03570,79,31,17809.26,0,Average / Developing
CUST_03571,10,13,3108.96,0,Average / Developing
CUST_03572,131,6,1275.16,2,At Risk / Churning
CUST_03573,2,89,165440.24,1,Champions
CUST_03574,12,13,3292.57,0,Average / Developing
CUST_03575,8,137,229619.9,1,Champions
CUST_03576,36,44,30120.7,3,Average / Developing
CUST_03577,68,30,19876.12,0,Average / Developing
CUST_03578,33,9,3570.66,0,Average / Developing
CUST_03579,5,96,237461.13,1,Champions
CUST_03580,13,46,31360.22,3,Average / Developing
CUST_03581,178,33,31540.16,2,At Risk / Churning
CUST_03582,175,51,37653.79,2,At Risk / Churning
CUST_03583,34,6,898.33,0,Average / Developing
CUST_03584,24,42,40781.75,3,Average / Developing
CUST_03585,97,62,60297.8,2,At Risk / Churning
CUST_03586,49,26,15276.22,0,Average / Developing
CUST_03587,4,99,199724.14,1,Champions
CUST_03588,10,121,206529.84,1,Champions
CUST_03589,20,50,39322.13,3,Average / Developing
CUST_03590,123,58,49944.45,2,At Risk / Churning
CUST_03591,146,58,66724.92,2,At Risk / Churning
CUST_03592,14,107,222346.49,1,Champions
CUST_03593,102,71,70791.41,2,At Risk / Churning
CUST_03594,111,67,61966.83,2,At Risk / Churning
CUST_03595,11,44,33019.31,3,Average / Developing
CUST_03596,18,21,8033.53,0,Average / Developing
CUST_03597,61,22,14979.47,0,Average / Developing
CUST_03598,50,38,24610.33,3,Average / Developing
CUST_03599,32,49,35349.65,3,Average / Developing
CUST_03600,63,23,16286.85,0,Average / Developing
CUST_03601,48,39,26023.36,3,Average / Developing
CUST_03602,117,64,55959.72,2,At Risk / Churning
CUST_03603,81,87,79214.69,2,At Risk / Churning
CUST_03604,16,28,14468.93,3,Average / Developing
CUST_03605,111,78,98237.02,2,At Risk / Churning
CUST_03606,31,34,20694.12,3,Average / Developing
CUST_03607,31,15,2478.87,0,Average / Developing
CUST_03608,83,68,55171.9,2,At Risk / Churning
CUST_03609,54,32,18332.44,0,Average / Developing
CUST_03610,69,64,72471.73,3,Average / Developing
CUST_03611,47,37,22182.77,3,Average / Developing
CUST_03612,72,25,24305.08,0,Average / Developing
CUST_03613,42,44,28955.59,3,Average / Developing
CUST_03614,13,89,165232.6,1,Champions
CUST_03615,81,71,72368.08,2,At Risk / Churning
CUST_03616,111,11,2589.0299999999997,0,Average / Developing
CUST_03617,24,35,33518.08,3,Average / Developing
CUST_03618,169,45,60710.07,2,At Risk / Churning
CUST_03619,16,70,149072.2,1,Champions
CUST_03620,1,142,244378.84,1,Champions
CUST_03621,82,7,1380.37,0,Average / Developing
CUST_03622,44,47,21192.76,3,Average / Developing
CUST_03623,10,81,153143.09,1,Champions
CUST_03624,135,75,69159.83,2,At Risk / Churning
CUST_03625,47,38,27399.8,3,Average / Developing
CUST_03626,13,24,17616.86,3,Average / Developing
CUST_03627,35,24,19118.88,0,Average / Developing
CUST_03628,14,33,24115.92,3,Average / Developing
CUST_03629,26,107,177517.77,1,Champions
CUST_03630,81,12,2826.1,0,Average / Developing
CUST_03631,55,40,22132.73,3,Average / Developing
CUST_03632,40,30,24210.13,3,Average / Developing
CUST_03633,43,42,29767.47,3,Average / Developing
CUST_03634,37,41,26954.81,3,Average / Developing
CUST_03635,53,36,18248.85,3,Average / Developing
CUST_03636,62,7,1047.92,0,Average / Developing
CUST_03637,10,129,234481.15,1,Champions
CUST_03638,46,49,24323.16,3,Average / Developing
CUST_03639,59,30,31921.17,0,Average / Developing
CUST_03640,22,25,14891.85,0,Average / Developing
CUST_03641,41,22,20950.64,0,Average / Developing
CUST_03642,40,6,1550.17,0,Average / Developing
CUST_03643,7,100,178241.37,1,Champions
CUST_03644,81,35,32856.81,0,Average / Developing
CUST_03645,38,43,28062.3,3,Average / Developing
CUST_03646,13,11,2143.25,0,Average / Developing
CUST_03647,11,112,216283.56,1,Champions
CUST_03648,13,45,41599.17,3,Average / Developing
CUST_03649,7,14,2511.2400000000002,0,Average / Developing
CUST_03650,65,28,24008.15,0,Average / Developing
CUST_03651,14,7,1481.99,0,Average / Developing
CUST_03652,12,107,172049.04,1,Champions
CUST_03653,42,37,22174.39,3,Average / Developing
CUST_03654,50,47,29125.54,3,Average / Developing
CUST_03655,12,62,129609.8,3,Average / Developing
CUST_03656,37,36,34429.3,3,Average / Developing
CUST_03657,176,32,21859.55,2,At Risk / Churning
CUST_03658,38,10,2368.87,0,Average / Developing
CUST_03659,21,16,2922.16,0,Average / Developing
CUST_03660,17,50,67421.56999999999,3,Average / Developing
CUST_03661,62,8,1505.07,0,Average / Developing
CUST_03662,15,14,2743.56,0,Average / Developing
CUST_03663,9,28,19828.92,3,Average / Developing
CUST_03664,10,135,250399.5,1,Champions
CUST_03665,10,91,172541.07,1,Champions
CUST_03666,26,73,138346.80000000002,1,Champions
CUST_03667,14,53,29473.22,3,Average / Developing
CUST_03668,10,17,2727.11,0,Average / Developing
CUST_03669,21,54,34910.32,3,Average / Developing
CUST_03670,79,15,3343.26,0,Average / Developing
CUST_03671,145,47,50652.51,2,At Risk / Churning
CUST_03672,33,43,24718.39,3,Average / Developing
CUST_03673,78,49,44525.25,3,Average / Developing
CUST_03674,59,23,12208.85,0,Average / Developing
CUST_03675,96,76,78081.81,2,At Risk / Churning
CUST_03676,103,77,92957.98,2,At Risk / Churning
CUST_03677,21,7,1006.26,0,Average / Developing
CUST_03678,7,142,274838.58,1,Champions
CUST_03679,8,111,205113.29,1,Champions
CUST_03680,9,10,2380.98,0,Average / Developing
CUST_03681,179,77,85941.07,2,At Risk / Churning
CUST_03682,2,149,338609.04,1,Champions
CUST_03683,170,54,60030.97,2,At Risk / Churning
CUST_03684,12,7,2118.77,0,Average / Developing
CUST_03685,118,10,1674.01,0,Average / Developing
CUST_03686,5,96,144204.46,1,Champions
CUST_03687,95,6,2847.64,0,Average / Developing
CUST_03688,37,25,18771.87,0,Average / Developing
CUST_03689,43,50,35233.68,3,Average / Developing
CUST_03690,18,11,1849.1599999999999,0,Average / Developing
CUST_03691,13,127,216870.31,1,Champions
CUST_03692,82,11,2278.74,0,Average / Developing
CUST_03693,32,53,33935.55,3,Average / Developing
CUST_03694,37,11,3446.4,0,Average / Developing
CUST_03695,94,65,61689.05,2,At Risk / Churning
CUST_03696,11,101,205871.39,1,Champions
CUST_03697,16,40,27559.65,3,Average / Developing
CUST_03698,24,27,16321.73,3,Average / Developing
CUST_03699,173,56,62487.87,2,At Risk / Churning
CUST_03700,113,51,41801.44,2,At Risk / Churning
CUST_03701,18,44,22908.31,3,Average / Developing
CUST_03702,115,37,33063.53,2,At Risk / Churning
CUST_03703,29,13,2288.67,0,Average / Developing
CUST_03704,23,46,30778.55,3,Average / Developing
CUST_03705,28,14,3318.81,0,Average / Developing
CUST_03706,4,99,206927.61,1,Champions
CUST_03707,134,67,71942.71,2,At Risk / Churning
CUST_03708,28,48,29130.55,3,Average / Developing
CUST_03709,28,6,1679.3600000000001,0,Average / Developing
CUST_03710,25,49,32573.440000000002,3,Average / Developing
CUST_03711,61,14,3558.75,0,Average / Developing
CUST_03712,26,53,39013.3,3,Average / Developing
CUST_03713,8,45,32953.1,3,Average / Developing
CUST_03714,70,9,1260.03,0,Average / Developing
CUST_03715,85,89,98023.54000000001,2,At Risk / Churning
CUST_03716,25,31,14580.93,3,Average / Developing
CUST_03717,49,42,50473.34,3,Average / Developing
CUST_03718,29,11,2156.93,0,Average / Developing
CUST_03719,24,33,31328.05,3,Average / Developing
CUST_03720,133,40,43490.0,2,At Risk / Churning
CUST_03721,132,66,68845.03,2,At Risk / Churning
CUST_03722,56,31,22354.68,0,Average / Developing
CUST_03723,173,60,52210.1,2,At Risk / Churning
CUST_03724,25,10,1602.9,0,Average / Developing
CUST_03725,26,30,15721.36,3,Average / Developing
CUST_03726,23,27,20824.73,3,Average / Developing
CUST_03727,90,24,16211.15,0,Average / Developing
CUST_03728,33,42,20073.07,3,Average / Developing
CUST_03729,38,50,29743.46,3,Average / Developing
CUST_03730,32,13,1905.1,0,Average / Developing
CUST_03731,12,125,263516.26,1,Champions
CUST_03732,37,9,782.83,0,Average / Developing
CUST_03733,87,35,27554.7,0,Average / Developing
CUST_03734,27,41,31076.18,3,Average / Developing
CUST_03735,97,63,59910.36,2,At Risk / Churning
CUST_03736,106,32,57638.51,2,At Risk / Churning
CUST_03737,38,23,10391.28,0,Average / Developing
CUST_03738,108,11,3517.41,0,Average / Developing
CUST_03739,4,81,152900.57,1,Champions
CUST_03740,7,90,162066.57,1,Champions
CUST_03741,9,48,29580.79,3,Average / Developing
CUST_03742,16,11,3433.48,0,Average / Developing
CUST_03743,7,129,268729.21,1,Champions
CUST_03744,67,14,2230.09,0,Average / Developing
CUST_03745,124,30,31755.55,2,At Risk / Churning
CUST_03746,159,31,29120.39,2,At Risk / Churning
CUST_03747,29,29,18219.6,3,Average / Developing
CUST_03748,33,14,2381.64,0,Average / Developing
CUST_03749,6,149,323601.15,1,Champions
CUST_03750,25,49,35715.74,3,Average / Developing
CUST_03751,34,52,35449.09,3,Average / Developing
CUST_03752,95,35,30975.31,2,At Risk / Churning
CUST_03753,36,7,2238.95,0,Average / Developing
CUST_03754,6,52,34548.57,3,Average / Developing
CUST_03755,26,16,2718.96,0,Average / Developing
CUST_03756,27,6,1244.25,0,Average / Developing
CUST_03757,17,7,1157.82,0,Average / Developing
CUST_03758,100,12,2151.13,0,Average / Developing
CUST_03759,29,22,17555.26,0,Average / Developing
CUST_03760,46,9,1270.9,0,Average / Developing
CUST_03761,17,102,205497.65,1,Champions
CUST_03762,46,42,25764.2,3,Average / Developing
CUST_03763,8,87,179136.25,1,Champions
CUST_03764,19,17,2323.55,0,Average / Developing
CUST_03765,11,8,1028.33,0,Average / Developing
CUST_03766,32,22,23899.93,0,Average / Developing
CUST_03767,66,10,1900.04,0,Average / Developing
CUST_03768,27,31,17993.63,3,Average / Developing
CUST_03769,10,96,184020.81,1,Champions
CUST_03770,12,35,25727.11,3,Average / Developing
CUST_03771,70,45,37155.39,3,Average / Developing
CUST_03772,27,34,21305.63,3,Average / Developing
CUST_03773,31,12,2395.09,0,Average / Developing
CUST_03774,164,71,73883.14,2,At Risk / Churning
CUST_03775,108,86,107498.52,2,At Risk / Churning
CUST_03776,90,73,65738.72,2,At Risk / Churning
CUST_03777,19,8,1094.51,0,Average / Developing
CUST_03778,173,45,59904.85,2,At Risk / Churning
CUST_03779,41,39,29135.739999999998,3,Average / Developing
CUST_03780,53,35,19667.55,3,Average / Developing
CUST_03781,8,140,260605.53,1,Champions
CUST_03782,77,6,1886.0900000000001,0,Average / Developing
CUST_03783,22,30,14044.17,3,Average / Developing
CUST_03784,113,62,72332.93,2,At Risk / Churning
CUST_03785,47,13,3166.54,0,Average / Developing
CUST_03786,9,15,3004.25,0,Average / Developing
CUST_03787,115,55,79740.77,2,At Risk / Churning
CUST_03788,47,33,25894.33,3,Average / Developing
CUST_03789,38,47,32815.4,3,Average / Developing
CUST_03790,48,15,2812.53,0,Average / Developing
CUST_03791,38,6,2791.0800000000004,0,Average / Developing
CUST_03792,105,50,52758.060000000005,2,At Risk / Churning
CUST_03793,8,52,36502.41,3,Average / Developing
CUST_03794,14,31,39812.560000000005,3,Average / Developing
CUST_03795,129,40,41880.159999999996,2,At Risk / Churning
CUST_03796,23,27,14965.11,3,Average / Developing
CUST_03797,109,33,39192.0,2,At Risk / Churning
CUST_03798,4,66,143077.91,1,Champions
CUST_03799,25,48,29013.27,3,Average / Developing
CUST_03800,20,13,1816.76,0,Average / Developing
CUST_03801,62,14,2346.88,0,Average / Developing
CUST_03802,19,34,30803.73,3,Average / Developing
CUST_03803,33,82,152327.26,1,Champions
CUST_03804,97,76,100007.73,2,At Risk / Churning
CUST_03805,42,7,1894.27,0,Average / Developing
CUST_03806,168,53,87800.16,2,At Risk / Churning
CUST_03807,3,76,167043.63,1,Champions
CUST_03808,6,123,222462.84,1,Champions
CUST_03809,14,30,15480.96,3,Average / Developing
CUST_03810,23,54,44800.21,3,Average / Developing
CUST_03811,170,82,70540.15,2,At Risk / Churning
CUST_03812,124,80,104240.29000000001,2,At Risk / Churning
CUST_03813,47,38,35214.38,3,Average / Developing
CUST_03814,30,33,27422.45,3,Average / Developing
CUST_03815,84,35,31798.74,0,Average / Developing
CUST_03816,25,50,35225.31,3,Average / Developing
CUST_03817,35,15,3124.79,0,Average / Developing
CUST_03818,18,29,29755.9,3,Average / Developing
CUST_03819,6,125,236612.08,1,Champions
CUST_03820,30,32,43982.07,3,Average / Developing
CUST_03821,23,16,4019.6000000000004,0,Average / Developing
CUST_03822,32,31,18300.05,3,Average / Developing
CUST_03823,170,6,1294.13,2,At Risk / Churning
CUST_03824,128,6,1292.04,0,Average / Developing
CUST_03825,15,21,11589.16,0,Average / Developing
CUST_03826,37,35,27318.510000000002,3,Average / Developing
CUST_03827,60,53,35405.5,3,Average / Developing
CUST_03828,57,12,3748.5,0,Average / Developing
CUST_03829,50,25,9691.0,0,Average / Developing
CUST_03830,2,44,30012.53,3,Average / Developing
CUST_03831,10,114,230982.69,1,Champions
CUST_03832,41,6,631.61,0,Average / Developing
CUST_03833,16,49,33281.05,3,Average / Developing
CUST_03834,37,54,41624.79,3,Average / Developing
CUST_03835,20,33,27893.49,3,Average / Developing
CUST_03836,53,39,30346.08,3,Average / Developing
CUST_03837,24,43,30755.5,3,Average / Developing
CUST_03838,21,21,7772.59,0,Average / Developing
CUST_03839,27,45,36359.13,3,Average / Developing
CUST_03840,43,23,9921.07,0,Average / Developing
CUST_03841,4,50,38950.6,3,Average / Developing
CUST_03842,4,129,219006.33,1,Champions
CUST_03843,142,59,48795.26,2,At Risk / Churning
CUST_03844,39,16,4287.34,0,Average / Developing
CUST_03845,19,53,41770.45,3,Average / Developing
CUST_03846,143,65,82843.48,2,At Risk / Churning
CUST_03847,10,101,227398.77,1,Champions
CUST_03848,121,82,100007.67,2,At Risk / Churning
CUST_03849,2,37,22190.53,3,Average / Developing
CUST_03850,40,24,12800.3,0,Average / Developing
CUST_03851,35,46,38406.37,3,Average / Developing
CUST_03852,101,16,2263.44,0,Average / Developing
CUST_03853,52,7,1495.29,0,Average / Developing
CUST_03854,4,10,1465.09,0,Average / Developing
CUST_03855,52,13,1685.79,0,Average / Developing
CUST_03856,23,43,28900.02,3,Average / Developing
CUST_03857,61,6,889.68,0,Average / Developing
CUST_03858,8,141,236156.23,1,Champions
CUST_03859,90,14,2122.68,0,Average / Developing
CUST_03860,154,86,77221.88,2,At Risk / Churning
CUST_03861,10,107,148578.45,1,Champions
CUST_03862,29,5,1083.85,0,Average / Developing
CUST_03863,96,34,40506.25,2,At Risk / Churning
CUST_03864,52,8,1860.9,0,Average / Developing
CUST_03865,84,82,101347.82,2,At Risk / Churning
CUST_03866,18,49,31896.149999999998,3,Average / Developing
CUST_03867,55,43,29740.51,3,Average / Developing
CUST_03868,28,7,1850.03,0,Average / Developing
CUST_03869,42,40,34066.45,3,Average / Developing
CUST_03870,42,36,30368.62,3,Average / Developing
CUST_03871,33,8,1001.55,0,Average / Developing
CUST_03872,98,49,40305.85,2,At Risk / Churning
CUST_03873,171,88,100048.76,2,At Risk / Churning
CUST_03874,40,17,2912.83,0,Average / Developing
CUST_03875,17,29,22850.91,3,Average / Developing
CUST_03876,9,146,294549.0,1,Champions
CUST_03877,45,53,27099.77,3,Average / Developing
CUST_03878,9,127,232952.49,1,Champions
CUST_03879,21,23,12951.84,0,Average / Developing
CUST_03880,27,35,19835.39,3,Average / Developing
CUST_03881,30,42,33830.36,3,Average / Developing
CUST_03882,14,29,22475.01,3,Average / Developing
CUST_03883,2,64,180326.16999999998,1,Champions
CUST_03884,31,35,25078.72,3,Average / Developing
CUST_03885,168,68,81678.63,2,At Risk / Churning
CUST_03886,32,31,19799.11,3,Average / Developing
CUST_03887,133,71,93316.35,2,At Risk / Churning
CUST_03888,156,57,52658.0,2,At Risk / Churning
CUST_03889,7,45,23663.35,3,Average / Developing
CUST_03890,9,84,181132.27,1,Champions
CUST_03891,103,55,58309.24,2,At Risk / Churning
CUST_03892,27,7,1254.88,0,Average / Developing
CUST_03893,53,23,16831.62,0,Average / Developing
CUST_03894,13,37,20539.02,3,Average / Developing
CUST_03895,20,24,10104.85,0,Average / Developing
CUST_03896,22,24,16773.48,0,Average / Developing
CUST_03897,33,60,120513.43,3,Average / Developing
CUST_03898,47,5,1088.08,0,Average / Developing
CUST_03899,10,34,22386.84,3,Average / Developing
CUST_03900,48,24,16234.310000000001,0,Average / Developing
CUST_03901,16,7,1255.75,0,Average / Developing
CUST_03902,8,149,263069.57,1,Champions
CUST_03903,4,115,205614.13999999998,1,Champions
CUST_03904,4,131,244199.34,1,Champions
CUST_03905,114,58,51789.99,2,At Risk / Churning
CUST_03906,11,116,222313.64,1,Champions
CUST_03907,74,5,754.64,0,Average / Developing
CUST_03908,86,87,86257.76,2,At Risk / Churning
CUST_03909,10,33,24181.47,3,Average / Developing
CUST_03910,34,23,15461.3,0,Average / Developing
CUST_03911,42,10,1519.95,0,Average / Developing
CUST_03912,57,13,3775.57,0,Average / Developing
CUST_03913,43,29,27730.67,3,Average / Developing
CUST_03914,23,6,755.99,0,Average / Developing
CUST_03915,24,27,24276.55,3,Average / Developing
CUST_03916,9,78,181520.91999999998,1,Champions
CUST_03917,40,31,19149.24,3,Average / Developing
CUST_03918,45,11,2005.91,0,Average / Developing
CUST_03919,11,148,280017.15,1,Champions
CUST_03920,45,20,8328.79,0,Average / Developing
CUST_03921,33,42,26185.19,3,Average / Developing
CUST_03922,11,10,1595.8200000000002,0,Average / Developing
CUST_03923,24,20,22801.71,0,Average / Developing
CUST_03924,8,121,250477.37,1,Champions
CUST_03925,46,24,16652.18,0,Average / Developing
CUST_03926,137,47,52303.659999999996,2,At Risk / Churning
CUST_03927,135,48,59620.3,2,At Risk / Churning
CUST_03928,33,22,6893.57,0,Average / Developing
CUST_03929,110,6,746.9200000000001,0,Average / Developing
CUST_03930,11,107,185272.83000000002,1,Champions
CUST_03931,68,13,2772.72,0,Average / Developing
CUST_03932,116,79,76648.59,2,At Risk / Churning
CUST_03933,44,41,23445.47,3,Average / Developing
CUST_03934,163,86,82460.59,2,At Risk / Churning
CUST_03935,24,25,13828.619999999999,0,Average / Developing
CUST_03936,111,64,81333.7,2,At Risk / Churning
CUST_03937,106,7,941.8199999999999,0,Average / Developing
CUST_03938,149,86,69796.59,2,At Risk / Churning
CUST_03939,37,28,24497.36,0,Average / Developing
CUST_03940,2,74,129347.64,1,Champions
CUST_03941,22,17,3366.27,0,Average / Developing
CUST_03942,99,46,37494.24,2,At Risk / Churning
CUST_03943,14,20,13220.25,0,Average / Developing
CUST_03944,2,101,220345.16,1,Champions
CUST_03945,42,45,28740.47,3,Average / Developing
CUST_03946,143,32,27420.38,2,At Risk / Churning
CUST_03947,9,123,262860.09,1,Champions
CUST_03948,148,32,34320.57,2,At Risk / Churning
CUST_03949,8,133,259468.78,1,Champions
CUST_03950,36,10,1935.1200000000001,0,Average / Developing
CUST_03951,24,48,31961.489999999998,3,Average / Developing
CUST_03952,9,144,288927.38,1,Champions
CUST_03953,63,13,3660.55,0,Average / Developing
CUST_03954,128,5,1063.58,0,Average / Developing
CUST_03955,120,78,62104.229999999996,2,At Risk / Churning
CUST_03956,101,69,65027.51,2,At Risk / Churning
CUST_03957,38,51,29192.07,3,Average / Developing
CUST_03958,17,136,257151.4,1,Champions
CUST_03959,31,47,29087.77,3,Average / Developing
CUST_03960,150,78,82523.62,2,At Risk / Churning
CUST_03961,60,15,2060.52,0,Average / Developing
CUST_03962,32,17,2532.65,0,Average / Developing
CUST_03963,143,46,56764.15,2,At Risk / Churning
CUST_03964,10,105,225390.16,1,Champions
CUST_03965,4,142,269483.54,1,Champions
CUST_03966,110,57,49809.520000000004,2,At Risk / Churning
CUST_03967,28,34,17345.55,3,Average / Developing
CUST_03968,8,117,218884.25,1,Champions
CUST_03969,9,31,17467.68,3,Average / Developing
CUST_03970,130,39,33964.73,2,At Risk / Churning
CUST_03971,38,51,32972.95,3,Average / Developing
CUST_03972,131,11,2102.52,2,At Risk / Churning
CUST_03973,136,33,42463.23,2,At Risk / Churning
CUST_03974,36,40,25512.37,3,Average / Developing
CUST_03975,99,58,51032.909999999996,2,At Risk / Churning
CUST_03976,17,17,2764.0699999999997,0,Average / Developing
CUST_03977,31,11,2247.69,0,Average / Developing
CUST_03978,31,15,2514.2400000000002,0,Average / Developing
CUST_03979,32,30,18788.8,3,Average / Developing
CUST_03980,10,41,28476.49,3,Average / Developing
CUST_03981,38,34,31482.489999999998,3,Average / Developing
CUST_03982,61,51,38095.07,3,Average / Developing
CUST_03983,10,16,3811.79,0,Average / Developing
CUST_03984,10,125,302243.75,1,Champions
CUST_03985,36,26,29926.5,0,Average / Developing
CUST_03986,40,10,1699.42,0,Average / Developing
CUST_03987,131,83,116198.66,2,At Risk / Churning
CUST_03988,115,6,1791.63,0,Average / Developing
CUST_03989,44,45,30244.11,3,Average / Developing
CUST_03990,187,32,33872.29,2,At Risk / Churning
CUST_03991,38,28,23844.15,0,Average / Developing
CUST_03992,44,16,3293.42,0,Average / Developing
CUST_03993,19,115,221593.23,1,Champions
CUST_03994,21,33,18618.8,3,Average / Developing
CUST_03995,23,22,17684.44,0,Average / Developing
CUST_03996,121,70,79988.73,2,At Risk / Churning
CUST_03997,133,37,42234.07,2,At Risk / Churning
CUST_03998,40,15,2450.6,0,Average / Developing
CUST_03999,31,34,31005.989999999998,3,Average / Developing
CUST_04000,10,137,249002.41,1,Champions
CUST_04001,170,77,79028.06,2,At Risk / Churning
CUST_04002,44,29,22873.1,0,Average / Developing
CUST_04003,29,16,1711.9,0,Average / Developing
CUST_04004,129,66,61009.01,2,At Risk / Churning
CUST_04005,39,26,25441.09,0,Average / Developing
CUST_04006,40,52,35249.28,3,Average / Developing
CUST_04007,2,52,35470.17,3,Average / Developing
CUST_04008,170,37,30826.06,2,At Risk / Churning
CUST_04009,24,46,24106.33,3,Average / Developing
CUST_04010,29,50,42488.979999999996,3,Average / Developing
CUST_04011,107,69,84591.22,2,At Risk / Churning
CUST_04012,21,36,32829.77,3,Average / Developing
CUST_04013,20,143,288346.35,1,Champions
CUST_04014,14,41,19104.46,3,Average / Developing
CUST_04015,21,46,39568.57,3,Average / Developing
CUST_04016,26,38,23489.5,3,Average / Developing
CUST_04017,111,80,83606.4,2,At Risk / Churning
CUST_04018,31,45,35726.88,3,Average / Developing
CUST_04019,178,75,68039.74,2,At Risk / Churning
CUST_04020,18,50,37667.69,3,Average / Developing
CUST_04021,36,34,29572.309999999998,3,Average / Developing
CUST_04022,6,99,173898.16,1,Champions
CUST_04023,174,73,84099.08,2,At Risk / Churning
CUST_04024,39,32,27203.35,3,Average / Developing
CUST_04025,82,7,1161.6,0,Average / Developing
CUST_04026,15,49,49156.82,3,Average / Developing
CUST_04027,155,82,83584.86,2,At Risk / Churning
CUST_04028,25,37,25669.2,3,Average / Developing
CUST_04029,162,33,41524.76,2,At Risk / Churning
CUST_04030,29,15,4106.72,0,Average / Developing
CUST_04031,60,26,21807.85,0,Average / Developing
CUST_04032,29,39,19656.77,3,Average / Developing
CUST_04033,3,127,246070.57,1,Champions
CUST_04034,17,29,17197.9,3,Average / Developing
CUST_04035,96,44,37017.75,2,At Risk / Churning
CUST_04036,43,25,19522.25,0,Average / Developing
CUST_04037,24,12,1815.55,0,Average / Developing
CUST_04038,88,35,30292.62,0,Average / Developing
CUST_04039,94,33,33287.11,2,At Risk / Churning
CUST_04040,172,46,36546.97,2,At Risk / Churning
CUST_04041,21,42,24433.33,3,Average / Developing
CUST_04042,52,33,17695.81,0,Average / Developing
CUST_04043,76,12,1419.59,0,Average / Developing
CUST_04044,10,82,128852.73,1,Champions
CUST_04045,39,43,43716.26,3,Average / Developing
CUST_04046,59,12,2578.42,0,Average / Developing
CUST_04047,43,16,2913.12,0,Average / Developing
CUST_04048,17,15,3502.83,0,Average / Developing
CUST_04049,120,6,400.79,0,Average / Developing
CUST_04050,11,16,3252.17,0,Average / Developing
CUST_04051,22,43,36264.58,3,Average / Developing
CUST_04052,24,12,1857.3300000000002,0,Average / Developing
CUST_04053,39,54,35426.21,3,Average / Developing
CUST_04054,167,41,64774.3,2,At Risk / Churning
CUST_04055,44,7,1790.66,0,Average / Developing
CUST_04056,136,41,67829.38,2,At Risk / Churning
CUST_04057,52,36,29342.35,3,Average / Developing
CUST_04058,5,76,122906.53,1,Champions
CUST_04059,101,50,40605.85,2,At Risk / Churning
CUST_04060,25,38,32390.85,3,Average / Developing
CUST_04061,161,32,27909.16,2,At Risk / Churning
CUST_04062,14,52,40102.74,3,Average / Developing
CUST_04063,20,40,23358.17,3,Average / Developing
CUST_04064,27,17,4730.93,0,Average / Developing
CUST_04065,133,73,80062.79,2,At Risk / Churning
CUST_04066,177,69,89365.83,2,At Risk / Churning
CUST_04067,63,49,44458.41,3,Average / Developing
CUST_04068,54,13,2520.61,0,Average / Developing
CUST_04069,3,21,14767.85,0,Average / Developing
CUST_04070,29,38,25622.41,3,Average / Developing
CUST_04071,41,12,2165.5,0,Average / Developing
CUST_04072,15,42,27932.95,3,Average / Developing
CUST_04073,160,70,77149.32,2,At Risk / Churning
CUST_04074,66,11,1579.16,0,Average / Developing
CUST_04075,43,36,20322.18,3,Average / Developing
CUST_04076,128,56,50710.92,2,At Risk / Churning
CUST_04077,181,56,48443.29,2,At Risk / Churning
CUST_04078,35,22,15235.01,0,Average / Developing
CUST_04079,60,26,8858.72,0,Average / Developing
CUST_04080,25,7,3362.48,0,Average / Developing
CUST_04081,47,48,32724.239999999998,3,Average / Developing
CUST_04082,20,12,1396.3,0,Average / Developing
CUST_04083,19,21,17081.02,0,Average / Developing
CUST_04084,28,44,30833.73,3,Average / Developing
CUST_04085,178,53,45495.73,2,At Risk / Churning
CUST_04086,48,11,3257.47,0,Average / Developing
CUST_04087,11,46,28913.44,3,Average / Developing
CUST_04088,21,30,18292.83,3,Average / Developing
CUST_04089,175,59,77786.17,2,At Risk / Churning
CUST_04090,18,11,2159.14,0,Average / Developing
CUST_04091,12,133,325817.42,1,Champions
CUST_04092,106,44,52177.63,2,At Risk / Churning
CUST_04093,21,42,26128.99,3,Average / Developing
CUST_04094,3,65,110673.42,3,Average / Developing
CUST_04095,17,51,29904.62,3,Average / Developing
CUST_04096,28,49,31097.47,3,Average / Developing
CUST_04097,32,49,40654.35,3,Average / Developing
CUST_04098,95,39,48764.29,2,At Risk / Churning
CUST_04099,42,40,35025.85,3,Average / Developing
CUST_04100,34,50,31987.6,3,Average / Developing
CUST_04101,21,90,189574.9,1,Champions
CUST_04102,18,15,1709.3,0,Average / Developing
CUST_04103,14,41,20816.6,3,Average / Developing
CUST_04104,122,52,61759.22,2,At Risk / Churning
CUST_04105,63,22,15949.83,0,Average / Developing
CUST_04106,16,6,214.26999999999998,0,Average / Developing
CUST_04107,15,87,189060.74,1,Champions
CUST_04108,20,9,957.5799999999999,0,Average / Developing
CUST_04109,133,69,62078.33,2,At Risk / Churning
CUST_04110,169,79,84432.48,2,At Risk / Churning
CUST_04111,33,12,3951.2200000000003,0,Average / Developing
CUST_04112,26,17,4418.67,0,Average / Developing
CUST_04113,60,6,1569.88,0,Average / Developing
CUST_04114,2,75,156023.79,1,Champions
CUST_04115,50,27,16544.99,0,Average / Developing
CUST_04116,17,5,434.0,0,Average / Developing
CUST_04117,53,44,26372.61,3,Average / Developing
CUST_04118,57,22,12116.92,0,Average / Developing
CUST_04119,156,72,81501.97,2,At Risk / Churning
CUST_04120,3,101,197692.22,1,Champions
CUST_04121,24,28,17520.7,3,Average / Developing
CUST_04122,22,34,25892.93,3,Average / Developing
CUST_04123,6,109,224105.67,1,Champions
CUST_04124,28,40,32224.18,3,Average / Developing
CUST_04125,14,97,176454.88,1,Champions
CUST_04126,4,117,242137.98,1,Champions
CUST_04127,43,13,3476.45,0,Average / Developing
CUST_04128,7,129,286972.19,1,Champions
CUST_04129,15,38,22751.170000000002,3,Average / Developing
CUST_04130,26,48,32423.5,3,Average / Developing
CUST_04131,25,26,23464.57,3,Average / Developing
CUST_04132,5,94,158658.26,1,Champions
CUST_04133,98,80,104877.06999999999,2,At Risk / Churning
CUST_04134,28,15,2951.66,0,Average / Developing
CUST_04135,15,13,2511.21,0,Average / Developing
CUST_04136,158,51,59780.1,2,At Risk / Churning
CUST_04137,77,8,1161.51,0,Average / Developing
CUST_04138,4,14,2901.02,0,Average / Developing
CUST_04139,78,25,15367.91,0,Average / Developing
CUST_04140,34,50,26843.23,3,Average / Developing
CUST_04141,88,7,723.17,0,Average / Developing
CUST_04142,32,50,37249.02,3,Average / Developing
CUST_04143,5,91,148566.24,1,Champions
CUST_04144,82,58,57059.9,2,At Risk / Churning
CUST_04145,14,20,23128.15,0,Average / Developing
CUST_04146,10,37,23357.71,3,Average / Developing
CUST_04147,122,41,32822.53,2,At Risk / Churning
CUST_04148,41,10,2102.48,0,Average / Developing
CUST_04149,39,32,23763.62,3,Average / Developing
CUST_04150,98,45,54918.5,2,At Risk / Churning
CUST_04151,83,86,77420.55,2,At Risk / Churning
CUST_04152,19,43,35422.54,3,Average / Developing
CUST_04153,50,11,2367.0499999999997,0,Average / Developing
CUST_04154,44,17,4039.12,0,Average / Developing
CUST_04155,132,53,64157.56,2,At Risk / Churning
CUST_04156,48,48,44211.43,3,Average / Developing
CUST_04157,43,32,15704.75,3,Average / Developing
CUST_04158,111,10,1426.1799999999998,0,Average / Developing
CUST_04159,11,90,177299.15,1,Champions
CUST_04160,29,11,-311.22,0,Average / Developing
CUST_04161,136,49,53302.37,2,At Risk / Churning
CUST_04162,9,98,200524.35,1,Champions
CUST_04163,149,6,1091.86,2,At Risk / Churning
CUST_04164,10,141,250568.56,1,Champions
CUST_04165,18,46,22412.0,3,Average / Developing
CUST_04166,9,70,127620.9,1,Champions
CUST_04167,39,10,2236.93,0,Average / Developing
CUST_04168,167,88,81075.64,2,At Risk / Churning
CUST_04169,1,47,63214.38,3,Average / Developing
CUST_04170,1,105,207203.22,1,Champions
CUST_04171,123,7,1147.25,0,Average / Developing
CUST_04172,30,20,8936.68,0,Average / Developing
CUST_04173,81,36,29177.329999999998,0,Average / Developing
CUST_04174,16,47,26122.32,3,Average / Developing
CUST_04175,6,108,182186.97,1,Champions
CUST_04176,25,105,177885.48,1,Champions
CUST_04177,4,29,18380.62,3,Average / Developing
CUST_04178,117,43,51883.65,2,At Risk / Churning
CUST_04179,53,9,1697.92,0,Average / Developing
CUST_04180,46,32,21470.74,3,Average / Developing
CUST_04181,28,38,27112.71,3,Average / Developing
CUST_04182,14,30,13508.87,3,Average / Developing
CUST_04183,13,37,21996.02,3,Average / Developing
CUST_04184,51,36,24328.18,3,Average / Developing
CUST_04185,46,21,16076.49,0,Average / Developing
CUST_04186,71,16,2317.0,0,Average / Developing
CUST_04187,46,39,23521.29,3,Average / Developing
CUST_04188,131,74,70915.62,2,At Risk / Churning
CUST_04189,51,9,1704.33,0,Average / Developing
CUST_04190,94,38,32154.83,2,At Risk / Churning
CUST_04191,5,68,133544.16,1,Champions
CUST_04192,34,16,3118.5099999999998,0,Average / Developing
CUST_04193,32,7,1224.54,0,Average / Developing
CUST_04194,7,15,2098.91,0,Average / Developing
CUST_04195,25,14,3957.41,0,Average / Developing
CUST_04196,49,16,3876.9300000000003,0,Average / Developing
CUST_04197,6,128,270308.63,1,Champions
CUST_04198,15,6,941.41,0,Average / Developing
CUST_04199,36,53,31041.65,3,Average / Developing
CUST_04200,174,76,89301.35,2,At Risk / Churning
CUST_04201,99,9,2359.45,0,Average / Developing
CUST_04202,44,16,2871.9,0,Average / Developing
CUST_04203,22,54,57480.08,3,Average / Developing
CUST_04204,51,33,21818.18,3,Average / Developing
CUST_04205,39,87,172687.32,1,Champions
CUST_04206,42,21,9062.39,0,Average / Developing
CUST_04207,48,30,26571.95,0,Average / Developing
CUST_04208,15,25,14900.39,3,Average / Developing
CUST_04209,37,17,3486.13,0,Average / Developing
CUST_04210,35,38,21159.75,3,Average / Developing
CUST_04211,50,5,727.9200000000001,0,Average / Developing
CUST_04212,34,43,36252.85,3,Average / Developing
CUST_04213,27,44,32421.76,3,Average / Developing
CUST_04214,19,53,35473.51,3,Average / Developing
CUST_04215,32,5,682.31,0,Average / Developing
CUST_04216,45,33,24997.68,3,Average / Developing
CUST_04217,5,92,156063.95,1,Champions
CUST_04218,7,68,143482.56,1,Champions
CUST_04219,52,16,3209.66,0,Average / Developing
CUST_04220,54,29,13928.99,0,Average / Developing
CUST_04221,157,47,44854.36,2,At Risk / Churning
CUST_04222,60,8,1804.47,0,Average / Developing
CUST_04223,11,77,123094.02,1,Champions
CUST_04224,6,47,23421.64,3,Average / Developing
CUST_04225,78,22,12441.72,0,Average / Developing
CUST_04226,44,51,31623.05,3,Average / Developing
CUST_04227,53,15,2175.87,0,Average / Developing
CUST_04228,23,26,20964.8,3,Average / Developing
CUST_04229,23,52,34744.67,3,Average / Developing
CUST_04230,35,20,17020.42,0,Average / Developing
CUST_04231,46,27,21754.34,0,Average / Developing
CUST_04232,36,45,29272.98,3,Average / Developing
CUST_04233,3,43,36000.62,3,Average / Developing
CUST_04234,20,14,2644.91,0,Average / Developing
CUST_04235,31,17,4601.36,0,Average / Developing
CUST_04236,39,35,28064.99,3,Average / Developing
CUST_04237,32,13,3425.67,0,Average / Developing
CUST_04238,51,38,28759.97,3,Average / Developing
CUST_04239,140,89,80407.64,2,At Risk / Churning
CUST_04240,91,8,1133.55,0,Average / Developing
CUST_04241,62,16,2454.27,0,Average / Developing
CUST_04242,21,39,30239.02,3,Average / Developing
CUST_04243,2,40,23495.5,3,Average / Developing
CUST_04244,11,114,175676.37,1,Champions
CUST_04245,74,51,41638.63,3,Average / Developing
CUST_04246,9,60,101540.56,3,Average / Developing
CUST_04247,5,133,240042.57,1,Champions
CUST_04248,99,32,30739.36,2,At Risk / Churning
CUST_04249,29,25,14592.05,0,Average / Developing
CUST_04250,51,31,20416.42,0,Average / Developing
CUST_04251,17,7,1314.34,0,Average / Developing
CUST_04252,16,6,1022.75,0,Average / Developing
CUST_04253,30,53,44255.51,3,Average / Developing
CUST_04254,42,52,38021.49,3,Average / Developing
CUST_04255,44,23,10142.59,0,Average / Developing
CUST_04256,10,60,143093.37,3,Average / Developing
CUST_04257,160,47,52975.54,2,At Risk / Churning
CUST_04258,3,90,195090.73,1,Champions
CUST_04259,48,45,24599.920000000002,3,Average / Developing
CUST_04260,31,37,19413.04,3,Average / Developing
CUST_04261,144,82,106932.1,2,At Risk / Churning
CUST_04262,7,51,28439.24,3,Average / Developing
CUST_04263,6,13,4103.75,0,Average / Developing
CUST_04264,27,35,22352.45,3,Average / Developing
CUST_04265,7,73,156601.33,1,Champions
CUST_04266,12,104,230714.94,1,Champions
CUST_04267,130,79,80667.32,2,At Risk / Churning
CUST_04268,8,144,313304.67,1,Champions
CUST_04269,39,48,27185.34,3,Average / Developing
CUST_04270,4,84,158056.32,1,Champions
CUST_04271,35,26,22893.27,0,Average / Developing
CUST_04272,14,88,149726.48,1,Champions
CUST_04273,134,60,72590.78,2,At Risk / Churning
CUST_04274,20,54,38274.33,3,Average / Developing
CUST_04275,28,52,40578.86,3,Average / Developing
CUST_04276,60,11,2154.23,0,Average / Developing
CUST_04277,54,26,14963.85,0,Average / Developing
CUST_04278,31,23,16840.49,0,Average / Developing
CUST_04279,58,7,1194.62,0,Average / Developing
CUST_04280,19,52,54838.79,3,Average / Developing
CUST_04281,144,88,91685.28,2,At Risk / Churning
CUST_04282,118,52,51438.38,2,At Risk / Churning
CUST_04283,38,39,25767.85,3,Average / Developing
CUST_04284,23,12,2374.88,0,Average / Developing
CUST_04285,11,74,174728.04,1,Champions
CUST_04286,15,109,240608.97,1,Champions
CUST_04287,42,24,13823.9,0,Average / Developing
CUST_04288,15,52,44849.86,3,Average / Developing
CUST_04289,11,16,3756.05,0,Average / Developing
CUST_04290,24,50,33368.96,3,Average / Developing
CUST_04291,52,15,3606.05,0,Average / Developing
CUST_04292,32,53,36708.6,3,Average / Developing
CUST_04293,22,37,37845.51,3,Average / Developing
CUST_04294,55,26,22986.07,0,Average / Developing
CUST_04295,56,17,3091.08,0,Average / Developing
CUST_04296,30,38,14063.63,3,Average / Developing
CUST_04297,12,16,2921.46,0,Average / Developing
CUST_04298,80,37,19165.07,0,Average / Developing
CUST_04299,141,82,81916.2,2,At Risk / Churning
CUST_04300,30,16,2988.2200000000003,0,Average / Developing
CUST_04301,124,83,95076.3,2,At Risk / Churning
CUST_04302,10,139,304771.19,1,Champions
CUST_04303,46,15,2144.45,0,Average / Developing
CUST_04304,19,35,23549.74,3,Average / Developing
CUST_04305,8,138,328822.76,1,Champions
CUST_04306,148,64,70471.56,2,At Risk / Churning
CUST_04307,20,16,2741.95,0,Average / Developing
CUST_04308,27,27,11392.619999999999,0,Average / Developing
CUST_04309,85,79,81626.44,2,At Risk / Churning
CUST_04310,19,70,121863.22,3,Average / Developing
CUST_04311,27,6,1700.6399999999999,0,Average / Developing
CUST_04312,28,54,48190.94,3,Average / Developing
CUST_04313,12,72,146688.14,1,Champions
CUST_04314,124,52,52977.51,2,At Risk / Churning
CUST_04315,3,42,21713.21,3,Average / Developing
CUST_04316,9,134,225617.88999999998,1,Champions
CUST_04317,148,69,74284.66,2,At Risk / Churning
CUST_04318,26,15,1734.43,0,Average / Developing
CUST_04319,26,31,23616.19,3,Average / Developing
CUST_04320,78,47,38051.23,3,Average / Developing
CUST_04321,26,14,2132.13,0,Average / Developing
CUST_04322,47,11,1763.16,0,Average / Developing
CUST_04323,58,24,20957.670000000002,0,Average / Developing
CUST_04324,17,116,194816.94,1,Champions
CUST_04325,71,15,2692.5,0,Average / Developing
CUST_04326,37,26,12971.52,0,Average / Developing
CUST_04327,57,40,25432.53,3,Average / Developing
CUST_04328,28,21,16475.76,0,Average / Developing
CUST_04329,32,9,999.28,0,Average / Developing
CUST_04330,3,10,1959.3,0,Average / Developing
CUST_04331,195,10,1655.74,2,At Risk / Churning
CUST_04332,22,34,29146.54,3,Average / Developing
CUST_04333,63,20,9867.05,0,Average / Developing
CUST_04334,48,22,11845.73,0,Average / Developing
CUST_04335,18,14,3598.98,0,Average / Developing
CUST_04336,32,50,36447.14,3,Average / Developing
CUST_04337,11,42,23600.32,3,Average / Developing
CUST_04338,33,34,20299.75,3,Average / Developing
CUST_04339,61,28,17118.54,0,Average / Developing
CUST_04340,34,30,21859.64,3,Average / Developing
CUST_04341,64,5,1007.49,0,Average / Developing
CUST_04342,123,80,69921.75,2,At Risk / Churning
CUST_04343,12,77,154908.1,1,Champions
CUST_04344,59,8,1423.03,0,Average / Developing
CUST_04345,78,54,56881.82,3,Average / Developing
CUST_04346,21,13,3770.39,0,Average / Developing
CUST_04347,19,27,15247.52,3,Average / Developing
CUST_04348,21,9,1846.2,0,Average / Developing
CUST_04349,10,146,273724.3,1,Champions
CUST_04350,5,96,161499.87,1,Champions
CUST_04351,19,83,158989.25,1,Champions
CUST_04352,145,75,72161.46,2,At Risk / Churning
CUST_04353,10,22,15617.66,0,Average / Developing
CUST_04354,88,30,28647.56,0,Average / Developing
CUST_04355,157,78,67139.26,2,At Risk / Churning
CUST_04356,8,97,189668.75,1,Champions
CUST_04357,13,45,27212.239999999998,3,Average / Developing
CUST_04358,40,32,21269.010000000002,3,Average / Developing
CUST_04359,124,55,43495.67,2,At Risk / Churning
CUST_04360,46,45,25463.99,3,Average / Developing
CUST_04361,32,45,31977.62,3,Average / Developing
CUST_04362,154,57,48077.36,2,At Risk / Churning
CUST_04363,79,6,963.83,0,Average / Developing
CUST_04364,43,13,3553.33,0,Average / Developing
CUST_04365,94,89,89817.38,2,At Risk / Churning
CUST_04366,26,22,10701.87,0,Average / Developing
CUST_04367,19,92,254134.04,1,Champions
CUST_04368,16,10,1236.01,0,Average / Developing
CUST_04369,56,6,1803.59,0,Average / Developing
CUST_04370,45,14,5382.26,0,Average / Developing
CUST_04371,40,42,34919.84,3,Average / Developing
CUST_04372,135,41,33927.409999999996,2,At Risk / Churning
CUST_04373,4,140,256130.16999999998,1,Champions
CUST_04374,44,27,28375.010000000002,0,Average / Developing
CUST_04375,96,46,45037.35,2,At Risk / Churning
CUST_04376,12,78,189591.12,1,Champions
CUST_04377,14,11,3089.4,0,Average / Developing
CUST_04378,77,81,100709.37,2,At Risk / Churning
CUST_04379,60,12,2744.95,0,Average / Developing
CUST_04380,149,53,63812.56,2,At Risk / Churning
CUST_04381,16,63,101912.22,3,Average / Developing
CUST_04382,61,11,3151.85,0,Average / Developing
CUST_04383,2,79,127517.75,1,Champions
CUST_04384,46,47,29790.309999999998,3,Average / Developing
CUST_04385,173,61,67407.36,2,At Risk / Churning
CUST_04386,39,42,34321.53,3,Average / Developing
CUST_04387,36,38,29655.94,3,Average / Developing
CUST_04388,121,71,58116.99,2,At Risk / Churning
CUST_04389,30,50,62364.74,3,Average / Developing
CUST_04390,10,52,40358.36,3,Average / Developing
CUST_04391,162,32,36578.0,2,At Risk / Churning
CUST_04392,16,31,16744.329999999998,3,Average / Developing
CUST_04393,13,65,124975.22,3,Average / Developing
CUST_04394,143,66,62048.87,2,At Risk / Churning
CUST_04395,24,24,24394.26,0,Average / Developing
CUST_04396,161,40,32650.94,2,At Risk / Churning
CUST_04397,36,50,25376.45,3,Average / Developing
CUST_04398,13,54,48227.61,3,Average / Developing
CUST_04399,37,54,36358.909999999996,3,Average / Developing
CUST_04400,20,10,1950.1599999999999,0,Average / Developing
CUST_04401,45,36,22529.26,3,Average / Developing
CUST_04402,27,6,1918.1,0,Average / Developing
CUST_04403,116,40,34689.92,2,At Risk / Churning
CUST_04404,29,10,1351.18,0,Average / Developing
CUST_04405,44,35,20989.63,3,Average / Developing
CUST_04406,58,5,1268.0,0,Average / Developing
CUST_04407,116,6,701.81,0,Average / Developing
CUST_04408,24,12,2237.17,0,Average / Developing
CUST_04409,47,13,2064.27,0,Average / Developing
CUST_04410,13,35,22179.96,3,Average / Developing
CUST_04411,81,6,1544.94,0,Average / Developing
CUST_04412,178,66,65801.52,2,At Risk / Churning
CUST_04413,11,52,30380.9,3,Average / Developing
CUST_04414,93,75,61198.21,2,At Risk / Churning
CUST_04415,53,23,19292.56,0,Average / Developing
CUST_04416,3,127,276159.5,1,Champions
CUST_04417,92,61,77162.8,2,At Risk / Churning
CUST_04418,10,116,226755.88,1,Champions
CUST_04419,6,84,159610.05,1,Champions
CUST_04420,12,50,32123.969999999998,3,Average / Developing
CUST_04421,48,6,955.33,0,Average / Developing
CUST_04422,7,43,26710.95,3,Average / Developing
CUST_04423,36,13,2417.6,0,Average / Developing
CUST_04424,73,61,64825.08,3,Average / Developing
CUST_04425,6,29,24155.45,3,Average / Developing
CUST_04426,10,39,21636.97,3,Average / Developing
CUST_04427,44,40,28302.98,3,Average / Developing
CUST_04428,19,45,35293.55,3,Average / Developing
CUST_04429,89,40,34430.54,2,At Risk / Churning
CUST_04430,43,31,11081.65,0,Average / Developing
CUST_04431,49,10,2113.4,0,Average / Developing
CUST_04432,56,12,2352.65,0,Average / Developing
CUST_04433,49,43,35704.13,3,Average / Developing
CUST_04434,53,16,3271.27,0,Average / Developing
CUST_04435,26,36,20852.55,3,Average / Developing
CUST_04436,29,8,2047.87,0,Average / Developing
CUST_04437,3,71,140737.4,1,Champions
CUST_04438,50,11,1644.65,0,Average / Developing
CUST_04439,141,6,1106.01,2,At Risk / Churning
CUST_04440,102,12,2150.89,0,Average / Developing
CUST_04441,25,6,1224.63,0,Average / Developing
CUST_04442,27,43,37469.58,3,Average / Developing
CUST_04443,6,102,160439.16,1,Champions
CUST_04444,107,49,78238.47,2,At Risk / Churning
CUST_04445,35,44,24930.02,3,Average / Developing
CUST_04446,38,23,18604.13,0,Average / Developing
CUST_04447,35,13,3086.41,0,Average / Developing
CUST_04448,41,47,36126.06,3,Average / Developing
CUST_04449,169,41,47629.54,2,At Risk / Churning
CUST_04450,101,38,42583.56,2,At Risk / Churning
CUST_04451,15,50,41491.95,3,Average / Developing
CUST_04452,46,20,9928.82,0,Average / Developing
CUST_04453,180,44,42837.82,2,At Risk / Churning
CUST_04454,11,121,236461.5,1,Champions
CUST_04455,3,98,210388.22,1,Champions
CUST_04456,113,81,82007.62,2,At Risk / Churning
CUST_04457,55,26,18512.68,0,Average / Developing
CUST_04458,3,11,2311.08,0,Average / Developing
CUST_04459,7,15,2150.98,0,Average / Developing
CUST_04460,27,16,3550.44,0,Average / Developing
CUST_04461,26,41,19279.2,3,Average / Developing
CUST_04462,6,103,189750.25,1,Champions
CUST_04463,31,30,16136.300000000001,3,Average / Developing
CUST_04464,63,23,22365.25,0,Average / Developing
CUST_04465,147,50,45872.93,2,At Risk / Churning
CUST_04466,40,38,23481.4,3,Average / Developing
CUST_04467,28,22,10552.97,0,Average / Developing
CUST_04468,7,79,118289.36,1,Champions
CUST_04469,160,59,85466.26,2,At Risk / Churning
CUST_04470,34,32,17407.239999999998,3,Average / Developing
CUST_04471,34,15,2215.69,0,Average / Developing
CUST_04472,24,16,3378.94,0,Average / Developing
CUST_04473,158,44,44033.51,2,At Risk / Churning
CUST_04474,18,32,23686.510000000002,3,Average / Developing
CUST_04475,154,38,43837.840000000004,2,At Risk / Churning
CUST_04476,64,17,2636.58,0,Average / Developing
CUST_04477,52,14,2150.85,0,Average / Developing
CUST_04478,46,36,22298.46,3,Average / Developing
CUST_04479,4,137,250713.72,1,Champions
CUST_04480,69,82,68415.91,2,At Risk / Churning
CUST_04481,124,45,50441.67,2,At Risk / Churning
CUST_04482,10,65,126817.06,3,Average / Developing
CUST_04483,136,53,70652.48,2,At Risk / Churning
CUST_04484,27,42,37600.82,3,Average / Developing
CUST_04485,38,52,30443.079999999998,3,Average / Developing
CUST_04486,31,41,35142.909999999996,3,Average / Developing
CUST_04487,58,10,1753.45,0,Average / Developing
CUST_04488,10,128,273602.98,1,Champions
CUST_04489,23,20,17955.49,0,Average / Developing
CUST_04490,132,47,38204.27,2,At Risk / Churning
CUST_04491,19,47,38326.13,3,Average / Developing
CUST_04492,38,43,27016.85,3,Average / Developing
CUST_04493,49,41,19373.19,3,Average / Developing
CUST_04494,135,42,35947.31,2,At Risk / Churning
CUST_04495,108,89,99312.2,2,At Risk / Churning
CUST_04496,8,129,268094.58999999997,1,Champions
CUST_04497,34,42,25056.89,3,Average / Developing
CUST_04498,30,53,30412.61,3,Average / Developing
CUST_04499,43,48,38968.0,3,Average / Developing
CUST_04500,17,69,112277.70999999999,3,Average / Developing
CUST_04501,65,26,17310.86,0,Average / Developing
CUST_04502,44,35,24196.73,3,Average / Developing
CUST_04503,9,95,146761.56,1,Champions
CUST_04504,145,43,44736.45,2,At Risk / Churning
CUST_04505,14,23,9750.25,0,Average / Developing
CUST_04506,94,12,2408.15,0,Average / Developing
CUST_04507,7,105,180488.03,1,Champions
CUST_04508,8,119,199875.18,1,Champions
CUST_04509,67,28,16210.81,0,Average / Developing
CUST_04510,166,55,74912.06,2,At Risk / Churning
CUST_04511,168,43,55859.590000000004,2,At Risk / Churning
CUST_04512,58,21,21875.1,0,Average / Developing
CUST_04513,52,39,28380.28,3,Average / Developing
CUST_04514,6,44,29197.77,3,Average / Developing
CUST_04515,54,8,1949.03,0,Average / Developing
CUST_04516,37,15,3595.13,0,Average / Developing
CUST_04517,15,47,31315.33,3,Average / Developing
CUST_04518,30,34,19667.79,3,Average / Developing
CUST_04519,112,81,75809.19,2,At Risk / Churning
CUST_04520,129,58,60599.88,2,At Risk / Churning
CUST_04521,8,107,192811.87,1,Champions
CUST_04522,38,48,29945.2,3,Average / Developing
CUST_04523,34,14,2376.78,0,Average / Developing
CUST_04524,5,85,173435.24,1,Champions
CUST_04525,24,7,1492.15,0,Average / Developing
CUST_04526,159,45,67658.81,2,At Risk / Churning
CUST_04527,110,67,77406.69,2,At Risk / Churning
CUST_04528,41,37,27421.530000000002,3,Average / Developing
CUST_04529,24,26,13796.6,0,Average / Developing
CUST_04530,11,98,198377.27,1,Champions
CUST_04531,120,32,20542.55,2,At Risk / Churning
CUST_04532,10,82,160770.62,1,Champions
CUST_04533,49,53,51713.17,3,Average / Developing
CUST_04534,30,16,3172.33,0,Average / Developing
CUST_04535,36,27,14208.65,0,Average / Developing
CUST_04536,67,43,17432.54,3,Average / Developing
CUST_04537,79,16,2135.87,0,Average / Developing
CUST_04538,12,34,24537.85,3,Average / Developing
CUST_04539,45,32,20454.899999999998,3,Average / Developing
CUST_04540,172,50,53727.25,2,At Risk / Churning
CUST_04541,31,15,3337.1,0,Average / Developing
CUST_04542,124,11,2131.25,0,Average / Developing
CUST_04543,27,17,3457.29,0,Average / Developing
CUST_04544,109,77,91191.88,2,At Risk / Churning
CUST_04545,139,87,83245.51,2,At Risk / Churning
CUST_04546,154,46,44059.799999999996,2,At Risk / Churning
CUST_04547,11,133,211819.31,1,Champions
CUST_04548,6,23,13011.95,3,Average / Developing
CUST_04549,31,35,32303.57,3,Average / Developing
CUST_04550,30,40,30680.190000000002,3,Average / Developing
CUST_04551,38,10,1452.61,0,Average / Developing
CUST_04552,7,38,18645.43,3,Average / Developing
CUST_04553,19,51,39290.92,3,Average / Developing
CUST_04554,66,9,2026.1399999999999,0,Average / Developing
CUST_04555,26,34,32662.06,3,Average / Developing
CUST_04556,4,17,2788.06,0,Average / Developing
CUST_04557,47,42,23379.25,3,Average / Developing
CUST_04558,10,45,33868.090000000004,3,Average / Developing
CUST_04559,13,20,16364.140000000001,0,Average / Developing
CUST_04560,10,129,241285.77,1,Champions
CUST_04561,111,52,72754.27,2,At Risk / Churning
CUST_04562,8,94,168830.06,1,Champions
CUST_04563,28,15,2321.02,0,Average / Developing
CUST_04564,80,11,2416.46,0,Average / Developing
CUST_04565,102,35,34445.47,2,At Risk / Churning
CUST_04566,6,46,35180.52,3,Average / Developing
CUST_04567,120,45,51112.79,2,At Risk / Churning
CUST_04568,21,26,28830.73,3,Average / Developing
CUST_04569,118,68,78968.74,2,At Risk / Churning
CUST_04570,21,10,790.75,0,Average / Developing
CUST_04571,58,22,12902.529999999999,0,Average / Developing
CUST_04572,25,51,45670.9,3,Average / Developing
CUST_04573,8,90,156492.24,1,Champions
CUST_04574,41,30,21701.27,3,Average / Developing
CUST_04575,52,10,2074.27,0,Average / Developing
CUST_04576,19,51,42035.96,3,Average / Developing
CUST_04577,37,46,44638.39,3,Average / Developing
CUST_04578,5,17,2960.88,0,Average / Developing
CUST_04579,45,52,36020.18,3,Average / Developing
CUST_04580,27,38,26254.09,3,Average / Developing
CUST_04581,5,50,47682.63,3,Average / Developing
CUST_04582,32,54,43531.16,3,Average / Developing
CUST_04583,52,24,19334.69,0,Average / Developing
CUST_04584,47,15,2811.69,0,Average / Developing
CUST_04585,155,36,29614.38,2,At Risk / Churning
CUST_04586,38,27,16757.81,0,Average / Developing
CUST_04587,7,50,31550.79,3,Average / Developing
CUST_04588,147,67,106488.15000000001,2,At Risk / Churning
CUST_04589,142,63,59598.1,2,At Risk / Churning
CUST_04590,25,50,27497.69,3,Average / Developing
CUST_04591,90,5,2399.15,0,Average / Developing
CUST_04592,7,118,210734.39,1,Champions
CUST_04593,6,90,160432.08,1,Champions
CUST_04594,22,39,20061.87,3,Average / Developing
CUST_04595,169,40,39300.18,2,At Risk / Churning
CUST_04596,23,13,1975.71,0,Average / Developing
CUST_04597,11,35,23069.05,3,Average / Developing
CUST_04598,13,51,35867.45,3,Average / Developing
CUST_04599,134,49,49582.73,2,At Risk / Churning
CUST_04600,7,83,138057.82,1,Champions
CUST_04601,100,14,3299.15,0,Average / Developing
CUST_04602,8,43,45719.76,3,Average / Developing
CUST_04603,10,72,126614.07,1,Champions
CUST_04604,41,17,3111.8,0,Average / Developing
CUST_04605,9,32,19335.71,3,Average / Developing
CUST_04606,31,28,19412.89,3,Average / Developing
CUST_04607,50,5,1042.66,0,Average / Developing
CUST_04608,11,141,285949.83999999997,1,Champions
CUST_04609,145,64,67909.43,2,At Risk / Churning
CUST_04610,92,70,77301.42,2,At Risk / Churning
CUST_04611,181,76,75980.06,2,At Risk / Churning
CUST_04612,84,6,689.3,0,Average / Developing
CUST_04613,62,14,3104.11,0,Average / Developing
CUST_04614,7,122,224134.25,1,Champions
CUST_04615,30,26,16710.31,0,Average / Developing
CUST_04616,40,32,21924.28,3,Average / Developing
CUST_04617,86,11,1757.54,0,Average / Developing
CUST_04618,25,35,16978.52,3,Average / Developing
CUST_04619,47,28,29341.57,0,Average / Developing
CUST_04620,24,54,37790.11,3,Average / Developing
CUST_04621,95,49,52642.68,2,At Risk / Churning
CUST_04622,174,54,39217.840000000004,2,At Risk / Churning
CUST_04623,92,5,622.86,0,Average / Developing
CUST_04624,58,14,1876.84,0,Average / Developing
CUST_04625,129,86,93886.18,2,At Risk / Churning
CUST_04626,28,31,12540.539999999999,3,Average / Developing
CUST_04627,10,120,192242.9,1,Champions
CUST_04628,32,28,18717.25,3,Average / Developing
CUST_04629,46,13,2498.93,0,Average / Developing
CUST_04630,28,47,27088.37,3,Average / Developing
CUST_04631,59,10,2277.23,0,Average / Developing
CUST_04632,50,39,25529.3,3,Average / Developing
CUST_04633,123,70,83998.66,2,At Risk / Churning
CUST_04634,64,32,20798.97,0,Average / Developing
CUST_04635,8,86,163435.2,1,Champions
CUST_04636,7,37,28238.3,3,Average / Developing
CUST_04637,52,17,2236.65,0,Average / Developing
CUST_04638,16,26,22660.84,3,Average / Developing
CUST_04639,33,35,25306.39,3,Average / Developing
CUST_04640,35,21,15600.810000000001,0,Average / Developing
CUST_04641,5,112,205288.66,1,Champions
CUST_04642,30,29,38949.37,3,Average / Developing
CUST_04643,87,53,47971.09,2,At Risk / Churning
CUST_04644,15,147,309558.67,1,Champions
CUST_04645,153,51,50649.48,2,At Risk / Churning
CUST_04646,16,7,726.1,0,Average / Developing
CUST_04647,27,24,13445.61,0,Average / Developing
CUST_04648,119,52,64190.44,2,At Risk / Churning
CUST_04649,9,69,134247.86000000002,1,Champions
CUST_04650,28,30,18274.35,3,Average / Developing
CUST_04651,16,51,26491.49,3,Average / Developing
CUST_04652,55,21,13067.31,0,Average / Developing
CUST_04653,39,44,37821.95,3,Average / Developing
CUST_04654,95,7,920.8,0,Average / Developing
CUST_04655,39,21,12936.35,0,Average / Developing
CUST_04656,9,31,16631.25,3,Average / Developing
CUST_04657,24,11,2383.9,0,Average / Developing
CUST_04658,100,9,1637.96,0,Average / Developing
CUST_04659,7,46,35579.38,3,Average / Developing
CUST_04660,20,38,20386.92,3,Average / Developing
CUST_04661,13,126,188375.22,1,Champions
CUST_04662,41,17,3875.66,0,Average / Developing
CUST_04663,31,42,29872.75,3,Average / Developing
CUST_04664,90,6,527.96,0,Average / Developing
CUST_04665,21,9,2083.21,0,Average / Developing
CUST_04666,30,45,33122.96,3,Average / Developing
CUST_04667,114,78,86854.64,2,At Risk / Churning
CUST_04668,159,38,35443.33,2,At Risk / Churning
CUST_04669,6,50,26904.02,3,Average / Developing
CUST_04670,43,45,23193.489999999998,3,Average / Developing
CUST_04671,34,33,33623.95,3,Average / Developing
CUST_04672,26,46,33470.61,3,Average / Developing
CUST_04673,59,21,13402.19,0,Average / Developing
CUST_04674,25,54,48784.47,3,Average / Developing
CUST_04675,154,45,42403.11,2,At Risk / Churning
CUST_04676,44,29,19679.84,0,Average / Developing
CUST_04677,105,14,2274.39,0,Average / Developing
CUST_04678,56,33,24527.629999999997,3,Average / Developing
CUST_04679,159,65,64097.75,2,At Risk / Churning
CUST_04680,104,85,59230.03,2,At Risk / Churning
CUST_04681,104,66,64118.840000000004,2,At Risk / Churning
CUST_04682,38,40,35389.35,3,Average / Developing
CUST_04683,25,20,16960.05,0,Average / Developing
CUST_04684,50,31,17243.02,0,Average / Developing
CUST_04685,135,42,28417.11,2,At Risk / Churning
CUST_04686,137,31,39860.6,2,At Risk / Churning
CUST_04687,11,95,162961.24,1,Champions
CUST_04688,18,15,3882.15,0,Average / Developing
CUST_04689,43,37,19302.13,3,Average / Developing
CUST_04690,42,46,40959.39,3,Average / Developing
CUST_04691,149,88,110277.2,2,At Risk / Churning
CUST_04692,159,70,82790.42,2,At Risk / Churning
CUST_04693,172,62,58040.19,2,At Risk / Churning
CUST_04694,161,5,1163.71,2,At Risk / Churning
CUST_04695,23,35,28737.899999999998,3,Average / Developing
CUST_04696,34,35,18806.95,3,Average / Developing
CUST_04697,40,38,28210.86,3,Average / Developing
CUST_04698,27,16,2151.48,0,Average / Developing
CUST_04699,147,68,55724.7,2,At Risk / Churning
CUST_04700,92,39,42035.5,2,At Risk / Churning
CUST_04701,21,61,129958.74,3,Average / Developing
CUST_04702,22,35,19843.34,3,Average / Developing
CUST_04703,22,21,14340.35,0,Average / Developing
CUST_04704,39,40,26304.3,3,Average / Developing
CUST_04705,11,147,306920.44,1,Champions
CUST_04706,47,31,16277.3,0,Average / Developing
CUST_04707,9,104,233190.62,1,Champions
CUST_04708,7,72,124910.18,1,Champions
CUST_04709,72,10,2421.71,0,Average / Developing
CUST_04710,37,8,1430.69,0,Average / Developing
CUST_04711,61,32,26909.54,0,Average / Developing
CUST_04712,42,29,20346.21,0,Average / Developing
CUST_04713,159,58,67946.18000000001,2,At Risk / Churning
CUST_04714,130,69,66043.72,2,At Risk / Churning
CUST_04715,152,67,96827.6,2,At Risk / Churning
CUST_04716,6,88,164982.95,1,Champions
CUST_04717,174,52,56298.7,2,At Risk / Churning
CUST_04718,25,51,31660.9,3,Average / Developing
CUST_04719,178,59,55565.22,2,At Risk / Churning
CUST_04720,4,43,36358.17,3,Average / Developing
CUST_04721,91,5,549.71,0,Average / Developing
CUST_04722,166,32,35197.16,2,At Risk / Churning
CUST_04723,39,9,1188.8899999999999,0,Average / Developing
CUST_04724,38,50,49278.78,3,Average / Developing
CUST_04725,75,6,1658.8999999999999,0,Average / Developing
CUST_04726,8,142,250848.06,1,Champions
CUST_04727,36,23,12981.84,0,Average / Developing
CUST_04728,2,97,176263.87,1,Champions
CUST_04729,28,43,25099.28,3,Average / Developing
CUST_04730,9,119,203974.45,1,Champions
CUST_04731,36,35,32424.940000000002,3,Average / Developing
CUST_04732,48,15,4132.76,0,Average / Developing
CUST_04733,23,12,3089.36,0,Average / Developing
CUST_04734,6,103,227013.93,1,Champions
CUST_04735,91,66,67512.13,2,At Risk / Churning
CUST_04736,27,39,15559.9,3,Average / Developing
CUST_04737,3,22,12532.2,3,Average / Developing
CUST_04738,75,8,1532.72,0,Average / Developing
CUST_04739,165,6,1592.68,2,At Risk / Churning
CUST_04740,5,85,148380.04,1,Champions
CUST_04741,34,27,23233.85,0,Average / Developing
CUST_04742,146,73,67642.94,2,At Risk / Churning
CUST_04743,2,130,258405.67,1,Champions
CUST_04744,29,47,28275.39,3,Average / Developing
CUST_04745,45,6,1056.97,0,Average / Developing
CUST_04746,9,63,119937.5,3,Average / Developing
CUST_04747,9,77,136051.26,1,Champions
CUST_04748,29,47,27923.69,3,Average / Developing
CUST_04749,10,122,239626.48,1,Champions
CUST_04750,30,33,32120.05,3,Average / Developing
CUST_04751,144,66,101614.92,2,At Risk / Churning
CUST_04752,10,121,227664.69,1,Champions
CUST_04753,33,22,19183.74,0,Average / Developing
CUST_04754,9,8,1313.33,0,Average / Developing
CUST_04755,183,48,54319.270000000004,2,At Risk / Churning
CUST_04756,55,9,1412.83,0,Average / Developing
CUST_04757,11,95,160043.97,1,Champions
CUST_04758,36,48,29771.25,3,Average / Developing
CUST_04759,37,17,3095.82,0,Average / Developing
CUST_04760,29,41,32867.35,3,Average / Developing
CUST_04761,17,28,14408.42,3,Average / Developing
CUST_04762,70,39,23820.04,3,Average / Developing
CUST_04763,32,22,16422.489999999998,0,Average / Developing
CUST_04764,35,37,26763.16,3,Average / Developing
CUST_04765,68,11,1947.42,0,Average / Developing
CUST_04766,39,17,3018.72,0,Average / Developing
CUST_04767,7,88,194240.5,1,Champions
CUST_04768,33,36,22321.6,3,Average / Developing
CUST_04769,3,45,36250.23,3,Average / Developing
CUST_04770,95,75,86750.85,2,At Risk / Churning
CUST_04771,15,33,22510.2,3,Average / Developing
CUST_04772,16,7,464.59,0,Average / Developing
CUST_04773,25,15,1697.78,0,Average / Developing
CUST_04774,6,104,177048.57,1,Champions
CUST_04775,27,15,3885.56,0,Average / Developing
CUST_04776,46,34,28274.09,3,Average / Developing
CUST_04777,8,100,166747.23,1,Champions
CUST_04778,37,10,1704.22,0,Average / Developing
CUST_04779,41,35,26972.83,3,Average / Developing
CUST_04780,45,44,32002.22,3,Average / Developing
CUST_04781,59,11,1603.79,0,Average / Developing
CUST_04782,15,16,4224.11,0,Average / Developing
CUST_04783,3,131,246888.69,1,Champions
CUST_04784,36,50,43041.71,3,Average / Developing
CUST_04785,15,22,17110.93,0,Average / Developing
CUST_04786,23,52,40058.72,3,Average / Developing
CUST_04787,8,143,243704.93,1,Champions
CUST_04788,94,37,27942.15,2,At Risk / Churning
CUST_04789,154,79,67256.26,2,At Risk / Churning
CUST_04790,20,7,992.63,0,Average / Developing
CUST_04791,160,35,34554.77,2,At Risk / Churning
CUST_04792,57,20,10025.03,0,Average / Developing
CUST_04793,27,11,2023.42,0,Average / Developing
CUST_04794,7,105,205220.04,1,Champions
CUST_04795,50,40,31598.52,3,Average / Developing
CUST_04796,177,65,74729.31,2,At Risk / Churning
CUST_04797,56,48,26664.33,3,Average / Developing
CUST_04798,19,8,1043.5,0,Average / Developing
CUST_04799,82,51,73744.06,2,At Risk / Churning
CUST_04800,9,122,218191.31,1,Champions
CUST_04801,20,33,17143.68,3,Average / Developing
CUST_04802,52,36,30727.15,3,Average / Developing
CUST_04803,14,6,189.32999999999998,0,Average / Developing
CUST_04804,2,102,212296.77,1,Champions
CUST_04805,38,42,35633.07,3,Average / Developing
CUST_04806,159,45,52091.21,2,At Risk / Churning
CUST_04807,2,25,23100.47,3,Average / Developing
CUST_04808,18,45,28878.99,3,Average / Developing
CUST_04809,17,34,27607.02,3,Average / Developing
CUST_04810,21,37,20378.78,3,Average / Developing
CUST_04811,10,100,205744.33,1,Champions
CUST_04812,76,33,51567.72,3,Average / Developing
CUST_04813,104,69,77929.28,2,At Risk / Churning
CUST_04814,5,62,105478.23,3,Average / Developing
CUST_04815,26,41,20364.86,3,Average / Developing
CUST_04816,9,117,253774.51,1,Champions
CUST_04817,54,30,12515.17,0,Average / Developing
CUST_04818,22,48,34493.74,3,Average / Developing
CUST_04819,19,11,2966.6200000000003,0,Average / Developing
CUST_04820,8,102,193661.69,1,Champions
CUST_04821,9,120,188660.05,1,Champions
CUST_04822,185,68,83551.98,2,At Risk / Churning
CUST_04823,35,6,1584.82,0,Average / Developing
CUST_04824,55,10,1709.15,0,Average / Developing
CUST_04825,154,6,944.99,2,At Risk / Churning
CUST_04826,42,32,17231.32,3,Average / Developing
CUST_04827,22,6,836.1,0,Average / Developing
CUST_04828,100,82,83250.14,2,At Risk / Churning
CUST_04829,97,23,14591.119999999999,0,Average / Developing
CUST_04830,146,36,24841.93,2,At Risk / Churning
CUST_04831,105,65,66553.17,2,At Risk / Churning
CUST_04832,19,50,35783.03,3,Average / Developing
CUST_04833,33,37,18451.44,3,Average / Developing
CUST_04834,41,52,32979.73,3,Average / Developing
CUST_04835,9,146,275244.75,1,Champions
CUST_04836,31,7,1001.64,0,Average / Developing
CUST_04837,7,114,187568.12,1,Champions
CUST_04838,9,42,21191.7,3,Average / Developing
CUST_04839,91,49,53023.08,2,At Risk / Churning
CUST_04840,111,82,95450.4,2,At Risk / Churning
CUST_04841,12,35,42719.17,3,Average / Developing
CUST_04842,22,49,32583.5,3,Average / Developing
CUST_04843,11,48,38463.4,3,Average / Developing
CUST_04844,10,139,251684.4,1,Champions
CUST_04845,38,13,2620.5099999999998,0,Average / Developing
CUST_04846,49,53,37321.59,3,Average / Developing
CUST_04847,24,11,2711.7799999999997,0,Average / Developing
CUST_04848,13,71,129249.57,1,Champions
CUST_04849,158,52,52257.03,2,At Risk / Churning
CUST_04850,22,21,8996.08,0,Average / Developing
CUST_04851,90,10,1529.53,0,Average / Developing
CUST_04852,28,52,35323.1,3,Average / Developing
CUST_04853,42,8,1359.42,0,Average / Developing
CUST_04854,18,10,1535.66,0,Average / Developing
CUST_04855,10,38,16955.89,3,Average / Developing
CUST_04856,163,64,68390.31,2,At Risk / Churning
CUST_04857,32,42,25518.4,3,Average / Developing
CUST_04858,159,32,28625.899999999998,2,At Risk / Churning
CUST_04859,12,89,174436.12,1,Champions
CUST_04860,10,39,32422.239999999998,3,Average / Developing
CUST_04861,28,30,15929.68,3,Average / Developing
CUST_04862,31,28,19224.34,3,Average / Developing
CUST_04863,128,83,93672.41,2,At Risk / Churning
CUST_04864,71,74,102944.96,2,At Risk / Churning
CUST_04865,50,50,27713.65,3,Average / Developing
CUST_04866,79,55,44509.68,3,Average / Developing
CUST_04867,22,21,64115.26,3,Average / Developing
CUST_04868,100,37,38425.66,2,At Risk / Churning
CUST_04869,7,44,29985.33,3,Average / Developing
CUST_04870,25,27,19712.26,3,Average / Developing
CUST_04871,3,89,175710.35,1,Champions
CUST_04872,27,40,35716.16,3,Average / Developing
CUST_04873,76,47,50346.08,3,Average / Developing
CUST_04874,102,89,94912.43,2,At Risk / Churning
CUST_04875,46,16,3458.41,0,Average / Developing
CUST_04876,30,14,2954.73,0,Average / Developing
CUST_04877,72,46,35937.48,3,Average / Developing
CUST_04878,11,16,2377.67,0,Average / Developing
CUST_04879,104,81,90272.31,2,At Risk / Churning
CUST_04880,10,78,131785.16,1,Champions
CUST_04881,2,11,2070.19,0,Average / Developing
CUST_04882,102,12,1663.67,0,Average / Developing
CUST_04883,47,46,29089.24,3,Average / Developing
CUST_04884,47,26,28543.019999999997,0,Average / Developing
CUST_04885,36,50,23060.06,3,Average / Developing
CUST_04886,52,15,2601.36,0,Average / Developing
CUST_04887,9,103,184278.26,1,Champions
CUST_04888,42,20,12456.18,0,Average / Developing
CUST_04889,49,45,32933.74,3,Average / Developing
CUST_04890,6,15,3713.72,0,Average / Developing
CUST_04891,47,47,25014.26,3,Average / Developing
CUST_04892,117,39,37668.22,2,At Risk / Churning
CUST_04893,5,135,318809.87,1,Champions
CUST_04894,45,46,39595.56,3,Average / Developing
CUST_04895,73,77,90477.57,2,At Risk / Churning
CUST_04896,7,12,1581.8,0,Average / Developing
CUST_04897,42,11,1918.4099999999999,0,Average / Developing
CUST_04898,20,5,1633.77,0,Average / Developing
CUST_04899,108,5,849.23,0,Average / Developing
CUST_04900,17,88,183976.18,1,Champions
CUST_04901,52,50,43306.78,3,Average / Developing
CUST_04902,12,51,39509.29,3,Average / Developing
CUST_04903,23,10,2136.51,0,Average / Developing
CUST_04904,130,41,50081.17,2,At Risk / Churning
CUST_04905,7,91,156585.86000000002,1,Champions
CUST_04906,21,50,31484.34,3,Average / Developing
CUST_04907,146,76,66680.08,2,At Risk / Churning
CUST_04908,108,47,42992.420000000006,2,At Risk / Churning
CUST_04909,66,9,1576.21,0,Average / Developing
CUST_04910,73,7,1664.3999999999999,0,Average / Developing
CUST_04911,14,54,31353.08,3,Average / Developing
CUST_04912,15,30,20856.88,3,Average / Developing
CUST_04913,57,26,29004.18,0,Average / Developing
CUST_04914,151,83,90846.78,2,At Risk / Churning
CUST_04915,28,49,29750.13,3,Average / Developing
CUST_04916,7,73,116387.28,3,Average / Developing
CUST_04917,73,5,1012.83,0,Average / Developing
CUST_04918,50,8,1436.25,0,Average / Developing
CUST_04919,110,41,35458.63,2,At Risk / Churning
CUST_04920,16,17,3308.3199999999997,0,Average / Developing
CUST_04921,20,33,17101.1,3,Average / Developing
CUST_04922,3,92,155380.75,1,Champions
CUST_04923,21,7,1084.14,0,Average / Developing
CUST_04924,8,43,18904.93,3,Average / Developing
CUST_04925,22,14,2905.65,0,Average / Developing
CUST_04926,10,32,25378.79,3,Average / Developing
CUST_04927,32,32,22049.17,3,Average / Developing
CUST_04928,155,31,26255.36,2,At Risk / Churning
CUST_04929,134,35,44784.92,2,At Risk / Churning
CUST_04930,33,27,23019.88,0,Average / Developing
CUST_04931,28,43,39690.43,3,Average / Developing
CUST_04932,9,62,102409.45,3,Average / Developing
CUST_04933,151,49,63216.24,2,At Risk / Churning
CUST_04934,24,12,3190.4700000000003,0,Average / Developing
CUST_04935,7,48,32923.44,3,Average / Developing
CUST_04936,71,6,1507.8400000000001,0,Average / Developing
CUST_04937,19,26,23971.78,3,Average / Developing
CUST_04938,26,30,24278.64,3,Average / Developing
CUST_04939,20,32,20872.15,3,Average / Developing
CUST_04940,12,54,30589.14,3,Average / Developing
CUST_04941,14,16,2723.43,0,Average / Developing
CUST_04942,11,101,183422.39,1,Champions
CUST_04943,48,16,4163.1900000000005,0,Average / Developing
CUST_04944,37,16,5282.67,0,Average / Developing
CUST_04945,22,15,2812.23,0,Average / Developing
CUST_04946,16,51,33630.36,3,Average / Developing
CUST_04947,22,12,2207.33,0,Average / Developing
CUST_04948,40,32,23560.34,3,Average / Developing
CUST_04949,40,16,3217.5,0,Average / Developing
CUST_04950,162,44,36363.65,2,At Risk / Churning
CUST_04951,69,15,2881.19,0,Average / Developing
CUST_04952,23,36,21752.87,3,Average / Developing
CUST_04953,21,54,38673.05,3,Average / Developing
CUST_04954,174,37,37730.0,2,At Risk / Churning
CUST_04955,18,6,1200.74,0,Average / Developing
CUST_04956,11,50,46119.78,3,Average / Developing
CUST_04957,6,104,184249.21,1,Champions
CUST_04958,180,48,60333.77,2,At Risk / Churning
CUST_04959,111,66,69525.47,2,At Risk / Churning
CUST_04960,77,11,2128.81,0,Average / Developing
CUST_04961,179,6,1110.16,2,At Risk / Churning
CUST_04962,2,73,168784.41,1,Champions
CUST_04963,32,23,10497.9,0,Average / Developing
CUST_04964,9,70,140411.4,1,Champions
CUST_04965,34,30,23302.83,3,Average / Developing
CUST_04966,48,7,1324.13,0,Average / Developing
CUST_04967,59,9,2798.5899999999997,0,Average / Developing
CUST_04968,9,65,104120.25,3,Average / Developing
CUST_04969,44,35,21585.0,3,Average / Developing
CUST_04970,49,10,1327.5,0,Average / Developing
CUST_04971,15,15,2702.01,0,Average / Developing
CUST_04972,17,17,3994.6,0,Average / Developing
CUST_04973,34,50,31920.97,3,Average / Developing
CUST_04974,5,119,229302.17,1,Champions
CUST_04975,3,116,183376.14,1,Champions
CUST_04976,91,79,81636.12,2,At Risk / Churning
CUST_04977,81,23,12679.76,0,Average / Developing
CUST_04978,26,15,2482.2799999999997,0,Average / Developing
CUST_04979,5,21,16891.329999999998,0,Average / Developing
CUST_04980,45,41,22944.12,3,Average / Developing
CUST_04981,7,30,20790.48,3,Average / Developing
CUST_04982,27,13,2323.39,0,Average / Developing
CUST_04983,163,45,44249.2,2,At Risk / Churning
CUST_04984,51,35,20354.59,3,Average / Developing
CUST_04985,113,52,45707.090000000004,2,At Risk / Churning
CUST_04986,28,5,762.66,0,Average / Developing
CUST_04987,114,71,86778.46,2,At Risk / Churning
CUST_04988,12,25,22392.54,3,Average / Developing
CUST_04989,77,11,1800.85,0,Average / Developing
CUST_04990,150,62,70134.19,2,At Risk / Churning
CUST_04991,20,43,38692.88,3,Average / Developing
CUST_04992,100,44,32108.57,2,At Risk / Churning
CUST_04993,19,20,14681.15,0,Average / Developing
CUST_04994,38,8,1224.97,0,Average / Developing
CUST_04995,38,47,34792.86,3,Average / Developing
CUST_04996,89,59,61044.46,2,At Risk / Churning
CUST_04997,34,33,34399.79,3,Average / Developing
CUST_04998,8,21,12346.98,0,Average / Developing
CUST_04999,36,33,23264.87,3,Average / Developing
CUST_05000,35,45,27386.41,3,Average / Developing
